# Blender 4.4.1
# www.blender.org
mtllib predmobile.mtl
o mesh.smd
v -1.045877 1.230445 0.936593
v -1.030691 1.210422 0.931991
v -1.097623 1.160433 0.908695
v -0.434743 0.991977 2.538698
v -0.446215 0.979877 2.556701
v -0.486969 1.167835 2.327758
v -0.476025 1.173573 2.321985
v -0.492922 1.292005 2.161737
v -0.513475 1.286107 2.165318
v -0.520642 1.418596 1.976323
v -0.540578 1.419097 1.976590
v 0.000000 1.028727 -1.102180
v 0.000000 1.028643 -1.151254
v 0.000000 1.028590 -1.182462
v -0.541039 0.890328 -0.237283
v -0.620201 0.995355 -0.348823
v -0.622007 1.023703 -0.242087
v -0.634567 1.052572 -0.365985
v -0.641795 1.003314 -0.395623
v -0.645088 1.008463 -0.457139
v -0.645060 1.012264 -0.584067
v -0.645170 1.007233 -0.537448
v 0.000000 0.974366 -1.184424
v 0.000000 0.975049 -1.153137
v 0.000000 0.976152 -1.102764
v -0.565474 1.876471 0.017855
v -0.725609 1.851357 0.017858
v -0.566777 1.889813 0.006575
v -0.732501 1.863288 0.006542
v -0.806118 1.782550 0.017862
v -0.819045 1.784400 0.006491
v -0.825446 1.682407 0.017863
v -0.837411 1.684611 0.006493
v -0.763604 1.598289 0.017862
v -0.772973 1.592885 0.006592
v -0.617372 1.560328 0.017861
v -0.621163 1.551440 0.006668
v -0.148449 2.175377 0.688884
v -0.137315 2.158422 0.629852
v -0.166348 2.155488 0.632904
v -0.166348 2.173986 0.690997
v 1.028226 1.177555 1.154297
v 1.042205 1.199380 1.164454
v 1.045878 1.230445 0.936593
v 1.030691 1.210422 0.931991
v 0.486970 1.167835 2.327758
v 0.446214 0.979877 2.556701
v 0.434742 0.991977 2.538698
v 0.476024 1.173573 2.321985
v 0.492923 1.292005 2.161737
v 0.513476 1.286107 2.165318
v 0.520641 1.418596 1.976323
v 0.540578 1.419097 1.976590
v 0.185175 0.556689 3.218821
v 0.223970 0.493496 3.165462
v 0.178627 0.535078 3.236671
v 0.224318 0.473347 3.191275
v 0.258421 0.402012 3.095892
v 0.260547 0.384185 3.123095
v 0.256558 0.381831 3.085891
v 0.255120 0.363415 3.110598
v -0.260546 0.384185 3.123095
v -0.255121 0.363415 3.110598
v -0.256557 0.381831 3.085891
v -0.258422 0.402012 3.095892
v -0.224317 0.473347 3.191275
v -0.223970 0.493496 3.165462
v -0.178627 0.535078 3.236671
v -0.185175 0.556689 3.218821
v -0.121307 0.586235 3.276810
v -0.120426 0.606243 3.250921
v -0.060556 0.613130 3.298641
v -0.061286 0.639053 3.278372
v 0.000000 0.650958 3.289935
v 0.000000 0.630003 3.315005
v 0.060555 0.613130 3.298641
v 0.061286 0.639053 3.278372
v 0.120426 0.606243 3.250921
v 0.121307 0.586235 3.276810
v -0.620201 0.995355 -0.348823
v -0.541039 0.890328 -0.237283
v -0.483253 0.892936 -0.239525
v -0.562651 0.995869 -0.352648
v -0.641795 1.003314 -0.395623
v -0.586534 0.997182 -0.396655
v -0.586538 1.007368 -0.457166
v -0.645088 1.008463 -0.457139
v -0.645170 1.007233 -0.537448
v -0.586538 1.007231 -0.537448
v -0.645060 1.012264 -0.584067
v -0.586536 1.010997 -0.584170
v -0.177913 1.018685 -0.580179
v -0.599245 0.970497 -0.767804
v -0.594179 0.973586 -0.913089
v -0.521690 1.026338 -1.055730
v -0.589114 0.976676 -1.058374
v 0.521690 1.026338 -1.055728
v 0.589113 0.976674 -1.058374
v 0.592598 1.037029 -1.100713
v 0.587814 1.032388 -1.146686
v 0.492821 1.053414 -1.167956
v 0.420570 1.046144 -1.200781
v 0.599244 0.970497 -0.767805
v 0.364082 1.026824 -1.048944
v 0.177913 1.018685 -0.580179
v 0.000000 1.020257 -1.057458
v 0.000000 1.022934 -0.573677
v -0.364082 1.026824 -1.048944
v -0.420569 1.046144 -1.200780
v -0.492820 1.053414 -1.167955
v -0.587815 1.032388 -1.146686
v -0.592598 1.037029 -1.100713
v -0.589114 0.976676 -1.058374
v 0.586538 1.010997 -0.584170
v 0.000000 1.002401 -1.199803
v 0.365457 1.037097 -1.190642
v 0.176357 1.046668 -1.285067
v 0.279320 1.047253 -1.260253
v -0.365457 1.037097 -1.190642
v -0.279321 1.047253 -1.260253
v -0.176357 1.046668 -1.285067
v 0.000000 1.005349 -1.209410
v 0.000000 1.035594 -1.301601
v 0.586538 1.007231 -0.537448
v 0.645060 1.012264 -0.584067
v 0.645170 1.007233 -0.537448
v 0.586538 1.007368 -0.457166
v 0.645088 1.008463 -0.457139
v 0.641796 1.003314 -0.395623
v 0.586534 0.997182 -0.396655
v 0.562651 0.995869 -0.352648
v 0.620201 0.995355 -0.348823
v 0.483253 0.892936 -0.239525
v 0.541039 0.890328 -0.237281
v 0.645060 1.012264 -0.584067
v 0.645170 1.007233 -0.537448
v 0.645088 1.008463 -0.457139
v 0.634567 1.052572 -0.365985
v 0.641796 1.003314 -0.395623
v 0.620201 0.995355 -0.348823
v 0.622007 1.023703 -0.242088
v 0.541039 0.890328 -0.237281
v 0.000000 0.351031 3.067564
v 0.000000 0.361956 3.002509
v 0.000000 0.365777 2.980087
v 0.000000 0.439036 2.838069
v 0.000000 0.462035 2.793492
v -0.519345 1.396283 1.912315
v -0.520642 1.418596 1.976323
v -0.540578 1.419097 1.976590
v 0.772973 1.592885 0.006592
v 0.621163 1.551440 0.006668
v 0.617374 1.560328 0.017861
v 0.763604 1.598289 0.017862
v 0.837411 1.684609 0.006493
v 0.825446 1.682407 0.017863
v 0.819045 1.784400 0.006491
v 0.806118 1.782550 0.017862
v 0.732501 1.863288 0.006542
v 0.725609 1.851357 0.017858
v 0.566779 1.889813 0.006575
v 0.565475 1.876471 0.017855
v -0.540578 1.419097 1.976590
v -0.567400 1.400855 1.907419
v -0.519345 1.396283 1.912315
v 0.166349 2.218830 0.690997
v 0.166349 2.173986 0.690997
v 0.148450 2.175377 0.688884
v 0.146793 2.220449 0.689082
v 0.111606 2.322328 0.602689
v 0.127678 2.337968 0.589758
v 0.000000 2.365210 0.590392
v 0.000000 2.343417 0.594250
v -0.111605 2.322328 0.602689
v -0.127677 2.337968 0.589758
v -0.166348 2.218830 0.690997
v -0.146792 2.220449 0.689082
v -0.148449 2.175377 0.688884
v -0.166348 2.173986 0.690997
v 0.148450 2.175377 0.688884
v 0.166349 2.173986 0.690997
v 0.166349 2.155488 0.632904
v 0.137315 2.158422 0.629852
v 0.000305 1.280953 1.782356
v 0.000297 1.222488 1.847231
v -0.033629 1.216944 1.842377
v -0.054667 1.273921 1.766246
v -0.035303 1.061851 2.204295
v -0.000126 1.063908 2.210238
v 0.035086 1.062106 2.204390
v 0.034267 1.217190 1.842463
v 0.055377 1.274319 1.766385
v 0.327779 0.994555 2.675915
v 0.355875 0.892637 2.635758
v 0.388575 0.959611 2.552014
v 0.353936 1.110394 2.551043
v 0.279121 1.124339 2.693975
v 0.292515 1.242786 2.572474
v 0.196061 1.247249 2.697556
v 0.196692 1.368304 2.579427
v 0.000000 1.359764 2.659304
v 0.100948 1.430009 2.565407
v 0.000000 1.480842 2.541175
v -0.100948 1.430009 2.565407
v -0.196691 1.368304 2.579427
v -0.196060 1.247249 2.697556
v -0.292514 1.242786 2.572474
v -0.279120 1.124339 2.693975
v -0.353937 1.110394 2.551043
v -0.327778 0.994557 2.675915
v -0.388576 0.959613 2.552014
v -0.355875 0.892637 2.635758
v -0.112007 1.384280 1.654361
v -0.079405 1.323792 1.659676
v -0.091208 1.384428 1.644819
v -0.128485 1.455151 1.644459
v -0.108475 1.459819 1.656796
v -0.070449 1.384592 1.654093
v -0.068188 1.334281 1.647837
v -0.057011 1.344787 1.654811
v -0.148569 1.459643 1.656786
v 0.128906 1.456085 1.644783
v 0.108822 1.460607 1.657070
v 0.091943 1.385091 1.645050
v 0.112702 1.385095 1.654643
v 0.080347 1.324371 1.659878
v 0.069134 1.334780 1.648010
v 0.071144 1.385105 1.654272
v 0.057881 1.345204 1.654956
v 0.148916 1.460724 1.657162
v -0.137604 1.466008 1.684009
v -0.101441 1.384682 1.681418
v -0.148590 1.463387 1.670531
v -0.143260 1.474321 1.662233
v -0.148569 1.459643 1.656786
v -0.132277 1.474388 1.679353
v -0.079423 1.324091 1.673419
v -0.079405 1.323792 1.659676
v -0.112007 1.384280 1.654361
v -0.112016 1.384459 1.667805
v -0.072224 1.331058 1.685674
v -0.112007 1.384280 1.654361
v -0.148569 1.459643 1.656786
v 1.030691 1.210422 0.931991
v 1.045878 1.230445 0.936593
v 1.097621 1.160431 0.908694
v 0.073022 1.331586 1.685857
v 0.102018 1.385421 1.681673
v 0.112652 1.385274 1.668087
v 0.080305 1.324670 1.673619
v 0.112702 1.385095 1.654643
v 0.080347 1.324371 1.659878
v 0.132462 1.475346 1.679686
v 0.143518 1.475360 1.662593
v 0.137806 1.467006 1.684356
v 0.148861 1.464465 1.670904
v 0.112702 1.385095 1.654643
v 0.148916 1.460724 1.657162
v 0.148916 1.460724 1.657162
v 0.000000 1.028590 -1.182462
v 0.000000 1.028643 -1.151254
v 0.000000 1.028727 -1.102180
v -0.035291 1.042216 2.209229
v -0.035303 1.061851 2.204295
v -0.000126 1.063908 2.210238
v -0.000076 1.033908 2.218316
v 0.033222 1.245658 1.728595
v 0.057969 1.302279 1.668744
v 0.000484 1.303847 1.674739
v 0.000516 1.244938 1.721173
v -0.032224 1.245422 1.728513
v -0.056967 1.301862 1.668599
v 0.000000 0.976152 -1.102764
v 0.000000 0.975049 -1.153137
v 0.000000 0.974366 -1.184424
v 0.035140 1.042471 2.209305
v -0.000076 1.033908 2.218316
v -0.000126 1.063908 2.210238
v 0.035086 1.062106 2.204390
v -0.201408 1.343259 1.653601
v -0.231712 1.335954 1.655487
v -0.228404 1.373766 1.667346
v -0.195255 1.375574 1.664054
v -0.300813 1.343259 1.630621
v -0.270510 1.335954 1.628735
v -0.273819 1.373766 1.616876
v -0.306966 1.375574 1.620168
v -0.134982 0.294732 -1.157200
v -0.114591 0.158252 -0.999727
v -0.134246 0.195779 -1.224859
v -0.114474 0.134327 -1.006787
v -0.114754 0.113314 -0.954384
v -0.114454 0.115414 -1.006457
v -0.114807 0.131125 -0.954428
v 0.594179 0.973586 -0.913089
v 0.589113 0.976674 -1.058374
v 0.000000 0.365777 2.980087
v 0.000000 0.361956 3.002509
v 0.000000 0.351031 3.067564
v 0.000000 0.462035 2.793492
v 0.000000 0.439036 2.838069
v 0.519345 1.396283 1.912315
v 0.567399 1.400855 1.907419
v 0.540578 1.419097 1.976590
v 0.165988 0.599105 -0.569008
v 0.158614 0.637329 -0.667640
v 0.123545 0.360066 -0.853272
v 0.123033 0.329165 -0.767907
v 0.114881 0.185261 -0.799869
v 0.102276 0.674151 -0.744398
v 0.105306 0.419009 -0.931152
v 0.113308 0.231117 -0.935848
v 0.117852 0.331962 -1.045224
v 0.104507 0.133319 -1.003769
v 0.117852 0.331962 -1.045224
v 0.540578 1.419097 1.976590
v 0.520641 1.418596 1.976323
v 0.519345 1.396283 1.912315
v 0.071719 0.085436 1.683488
v 0.079936 0.075275 1.585779
v 0.032740 0.070291 1.684128
v 0.031222 0.054052 1.586592
v 0.076166 0.073564 1.350877
v 0.027461 0.052344 1.351689
v -0.021366 0.073052 1.352308
v -0.017613 0.074763 1.587212
v -0.006325 0.085026 1.684633
v 0.475696 1.830130 1.515664
v 0.559314 1.542311 1.522247
v 0.488566 1.428655 1.746715
v 0.400810 1.642183 1.768748
v 0.310982 1.791659 1.772558
v 0.372062 1.940891 1.505668
v 0.203723 1.906829 1.755280
v 0.250994 2.017357 1.474584
v 0.096966 1.966437 1.747961
v 0.128234 2.076108 1.444376
v 0.003863 1.994917 1.727921
v 0.003698 2.108607 1.398630
v -0.120835 2.076450 1.444651
v -0.089277 1.966703 1.748167
v -0.243693 2.018024 1.475131
v -0.196178 1.907363 1.755720
v -0.364904 1.941881 1.506482
v -0.303712 1.792485 1.773237
v -0.468814 1.831401 1.516708
v -0.393942 1.643250 1.769627
v -0.482311 1.429960 1.747788
v -0.553185 1.543807 1.523476
v 0.180030 0.300504 1.132602
v 0.156916 0.162582 0.976821
v 0.181402 0.202258 1.200923
v 0.157099 0.138743 0.984052
v 0.156323 0.117275 0.931882
v 0.157183 0.119845 0.983868
v 0.156272 0.135070 0.931791
v 0.458747 1.419875 1.739463
v 0.384113 1.624040 1.762153
v 0.488566 1.428655 1.746715
v 0.400810 1.642183 1.768748
v 0.298209 1.750677 1.751234
v 0.310982 1.791659 1.772558
v 0.194872 1.843012 1.719228
v 0.203723 1.906829 1.755280
v 0.088166 1.930128 1.726297
v 0.096966 1.966437 1.747961
v 0.003830 1.976686 1.718990
v 0.003863 1.994917 1.727921
v -0.089277 1.966703 1.748167
v -0.080615 1.930356 1.726484
v -0.196178 1.907363 1.755720
v -0.187567 1.843524 1.719649
v -0.303712 1.792485 1.773237
v -0.291087 1.751469 1.751885
v -0.393942 1.643250 1.769627
v -0.377308 1.625065 1.762993
v -0.482311 1.429960 1.747788
v -0.452529 1.421100 1.740469
v 0.458747 1.419875 1.739463
v 0.521016 1.545321 1.511282
v 0.384113 1.624040 1.762153
v 0.433470 1.782446 1.497303
v 0.298209 1.750677 1.751234
v 0.347971 1.892117 1.490133
v 0.194872 1.843012 1.719228
v 0.245040 1.967484 1.461872
v 0.088166 1.930128 1.726297
v 0.125217 2.027740 1.428184
v 0.003830 1.976686 1.718990
v 0.003617 2.061668 1.379079
v -0.117978 2.028063 1.428453
v -0.080615 1.930356 1.726484
v -0.237896 1.968132 1.462406
v -0.187567 1.843524 1.719649
v -0.340974 1.893043 1.490893
v -0.291087 1.751469 1.751885
v -0.426750 1.783603 1.498254
v -0.377308 1.625065 1.762993
v -0.514902 1.546714 1.512427
v -0.452529 1.421100 1.740469
v 0.355875 0.892637 2.635758
v 0.000000 0.880259 2.695061
v 0.238600 1.012328 2.563006
v 0.388575 0.959611 2.552014
v 0.000000 1.428712 2.133390
v 0.226737 1.331925 2.161089
v 0.000000 1.412601 2.199113
v -0.226737 1.331925 2.161089
v -0.226497 1.317702 2.226450
v -0.368522 1.145878 2.190807
v -0.381000 1.122043 2.246300
v -0.218713 1.184982 2.444858
v -0.388576 0.959613 2.552014
v -0.238601 1.012328 2.563006
v -0.355875 0.892637 2.635758
v 0.000000 1.054496 2.560015
v 0.218712 1.184982 2.444858
v 0.380999 1.122043 2.246300
v 0.226495 1.317702 2.226450
v 0.368523 1.145878 2.190807
v 0.000000 1.280671 2.417979
v -0.452529 1.421100 1.740469
v -0.514902 1.546714 1.512427
v -0.482311 1.429960 1.747788
v -0.553185 1.543807 1.523476
v 0.559314 1.542311 1.522247
v 0.521016 1.545321 1.511282
v 0.488566 1.428655 1.746715
v 0.458747 1.419875 1.739463
v 0.057807 1.345658 1.678395
v 0.071058 1.385409 1.677389
v 0.065404 1.338626 1.687148
v 0.086527 1.385419 1.684556
v 0.073022 1.331586 1.685857
v 0.102018 1.385421 1.681673
v 0.123258 1.466966 1.687329
v 0.137806 1.467006 1.684356
v 0.132462 1.475346 1.679686
v 0.122564 1.475320 1.682673
v 0.112687 1.475283 1.675612
v 0.108730 1.466917 1.680258
v 0.147791 0.395871 3.084424
v 0.256558 0.381831 3.085891
v 0.142634 0.357391 3.052934
v 0.302646 0.338202 3.053239
v 0.258421 0.402012 3.095892
v 0.309500 0.406239 3.099416
v 0.223970 0.493496 3.165462
v 0.269335 0.512365 3.178188
v 0.225273 0.581116 3.236005
v 0.185175 0.556689 3.218821
v 0.120426 0.606243 3.250921
v 0.146810 0.642997 3.279343
v 0.061286 0.639053 3.278372
v 0.068215 0.689330 3.318624
v 0.000000 0.650958 3.289935
v 0.000000 0.718217 3.342151
v -0.068215 0.689330 3.318624
v -0.061286 0.639053 3.278372
v -0.146810 0.642997 3.279343
v -0.120426 0.606243 3.250921
v -0.225273 0.581116 3.236005
v -0.185175 0.556689 3.218821
v -0.223970 0.493496 3.165462
v -0.269334 0.512365 3.178188
v -0.309499 0.406239 3.099416
v -0.258422 0.402012 3.095892
v -0.302647 0.338202 3.053239
v -0.256557 0.381831 3.085891
v -0.142634 0.357391 3.052934
v -0.147791 0.395870 3.084424
v 0.000000 0.351031 3.067564
v 0.000000 0.405201 3.095987
v -0.057039 1.345243 1.678250
v -0.064642 1.338154 1.686985
v -0.070463 1.384897 1.677212
v -0.085963 1.384794 1.684338
v -0.108511 1.466130 1.679986
v -0.123068 1.466073 1.687021
v -0.112485 1.474468 1.675328
v -0.122392 1.474432 1.682365
v -0.132277 1.474388 1.679353
v -0.137604 1.466008 1.684009
v -0.101441 1.384682 1.681418
v -0.072224 1.331058 1.685674
v 0.057927 1.302629 1.682599
v 0.049103 1.307601 1.692259
v 0.080305 1.324670 1.673619
v 0.073022 1.331586 1.685857
v 0.065404 1.338626 1.687148
v 0.057807 1.345658 1.678395
v 0.000383 1.334184 1.690476
v 0.000384 1.333755 1.690619
v -0.048225 1.307249 1.692135
v -0.057039 1.345243 1.678250
v -0.064642 1.338154 1.686985
v -0.072224 1.331058 1.685674
v -0.079423 1.324091 1.673419
v -0.056985 1.302212 1.682454
v 0.057807 1.345658 1.678395
v 0.057881 1.345204 1.654956
v 0.071058 1.385409 1.677389
v 0.071144 1.385105 1.654272
v 0.108822 1.460607 1.657070
v 0.108730 1.466917 1.680258
v 0.112687 1.475283 1.675612
v 0.112732 1.475272 1.662524
v -0.057039 1.345243 1.678250
v -0.070463 1.384897 1.677212
v -0.057011 1.344787 1.654811
v -0.070449 1.384592 1.654093
v -0.108475 1.459819 1.656796
v -0.108511 1.466130 1.679986
v -0.112485 1.474468 1.675328
v -0.112473 1.474455 1.662240
v 0.761746 1.536691 -1.636698
v 0.797179 1.583390 -1.424420
v 0.787635 1.560045 -1.639494
v 0.823068 1.606744 -1.427205
v 0.823615 1.610224 -1.187948
v 0.797717 1.586882 -1.185257
v 0.835283 1.595883 -0.949848
v 0.809379 1.572551 -0.947252
v 0.824751 1.541844 -0.724670
v 0.850638 1.565197 -0.727466
v 0.827780 1.486645 -0.531529
v 0.853669 1.509962 -0.534191
v 0.811252 1.503601 -0.506730
v 0.838074 1.531662 -0.505374
v 0.814645 1.492000 -0.479291
v 0.841467 1.520060 -0.477932
v 0.837373 1.468561 -0.470253
v 0.863245 1.492049 -0.473330
v 0.839029 1.413259 -0.349206
v 0.864916 1.436612 -0.352004
v 0.873730 1.338302 -0.174275
v 0.847843 1.314951 -0.171478
v 0.893811 1.213529 -0.013095
v 0.867924 1.190175 -0.010298
v 0.887549 1.055562 0.114012
v 0.862144 1.041814 0.104108
v 0.895104 1.002689 0.107860
v 0.874260 0.990200 0.099342
v 0.861317 0.874389 0.117760
v 0.885151 0.897750 0.123332
v -0.148550 1.487653 1.608925
v -0.128483 1.486609 1.600934
v -0.143241 1.502331 1.614370
v -0.127844 1.505836 1.609304
v -0.112454 1.502464 1.614377
v -0.108456 1.487828 1.608935
v 0.047825 1.210603 1.747342
v 0.034433 1.175494 1.818471
v 0.055377 1.274319 1.766385
v 0.034267 1.217190 1.842463
v 0.035086 1.062106 2.204390
v 0.035140 1.042471 2.209305
v -0.035291 1.042216 2.209229
v -0.033506 1.175246 1.818386
v -0.035303 1.061851 2.204295
v -0.033629 1.216944 1.842377
v -0.054667 1.273921 1.766246
v -0.046750 1.210262 1.747224
v -0.112485 1.474468 1.675328
v -0.122392 1.474432 1.682365
v -0.112473 1.474455 1.662240
v -0.127867 1.474388 1.662237
v -0.132277 1.474388 1.679353
v -0.143260 1.474321 1.662233
v 0.704238 1.968798 -0.740510
v 0.704240 1.954987 -0.994875
v 0.651798 1.979962 -0.740508
v 0.651798 1.960359 -1.025168
v 0.711544 1.926450 -1.064560
v 0.659296 1.931080 -1.092464
v 0.728596 1.685374 -1.322299
v 0.720099 1.710772 -1.351011
v 0.737726 1.661436 -1.383264
v 0.716040 1.705457 -1.389477
v 0.730609 1.765992 -1.327722
v 0.668457 1.986420 -1.092464
v 0.660959 2.015681 -1.025166
v 0.660959 2.035283 -0.740508
v 0.660959 2.023777 -0.325553
v 0.651798 1.968456 -0.325553
v 0.704238 1.957311 -0.325553
v 0.734130 1.733554 -1.395258
v -0.598067 1.284717 -1.681667
v -0.517027 1.290893 -1.662541
v -0.601384 1.310909 -1.692217
v -0.660888 1.268888 -1.704133
v -0.678529 1.291601 -1.699698
v -0.611789 1.337079 -1.684894
v -0.690784 1.304512 -1.676187
v -0.624600 1.348763 -1.661042
v -0.691776 1.301523 -1.645598
v -0.633476 1.340583 -1.632760
v -0.681706 1.285366 -1.625436
v -0.633739 1.318424 -1.616091
v -0.555620 1.338884 -1.608007
v -0.552892 1.315612 -1.593176
v -0.647041 1.248560 -1.689874
v -0.523441 1.317325 -1.670818
v -0.536086 1.341636 -1.661030
v -0.548909 1.350074 -1.635850
v 0.112687 1.475283 1.675612
v 0.112732 1.475272 1.662524
v 0.122564 1.475320 1.682673
v 0.128125 1.475316 1.662558
v 0.132462 1.475346 1.679686
v 0.143518 1.475360 1.662593
v 0.108883 1.488615 1.609209
v 0.128949 1.487542 1.601257
v 0.112792 1.503281 1.614661
v 0.128189 1.506764 1.609626
v 0.143578 1.503369 1.614732
v 0.148976 1.488733 1.609298
v -0.112473 1.474455 1.662240
v -0.127867 1.474388 1.662237
v -0.112454 1.502464 1.614377
v -0.127844 1.505836 1.609304
v -0.143241 1.502331 1.614370
v -0.143260 1.474321 1.662233
v 0.112732 1.475272 1.662524
v 0.112792 1.503281 1.614661
v 0.128125 1.475316 1.662558
v 0.128189 1.506764 1.609626
v 0.143518 1.475360 1.662593
v 0.143578 1.503369 1.614732
v 0.047825 1.210603 1.747342
v 0.000504 1.209907 1.763546
v 0.034433 1.175494 1.818471
v 0.000480 1.174922 1.811221
v 0.035140 1.042471 2.209305
v -0.000076 1.033908 2.218316
v -0.035291 1.042216 2.209229
v -0.033506 1.175246 1.818386
v -0.046750 1.210262 1.747224
v 0.893811 1.213529 -0.013095
v 0.887549 1.055562 0.114012
v 0.783302 1.326507 0.099985
v 0.774240 1.162389 0.236376
v 0.752860 0.888778 0.395777
v 0.861085 0.877664 0.188265
v 0.885151 0.897750 0.123332
v 0.895104 1.002689 0.107860
v 0.716489 1.750411 -1.427207
v 0.681054 1.703712 -1.639496
v 0.787635 1.560045 -1.639494
v 0.823068 1.606744 -1.427205
v 0.718890 1.751122 -1.185998
v 0.823615 1.610224 -1.187948
v 0.835283 1.595883 -0.949848
v 0.728112 1.741037 -0.942295
v 0.745914 1.705678 -0.693171
v 0.850638 1.565197 -0.727466
v 0.758963 1.633317 -0.444903
v 0.838074 1.531662 -0.505374
v 0.841467 1.520060 -0.477932
v 0.753269 1.555741 -0.248208
v 0.863245 1.492049 -0.473330
v 0.864916 1.436612 -0.352004
v 0.873730 1.338302 -0.174275
v 0.762652 1.454357 -0.065838
v 0.853669 1.509962 -0.534191
v -0.143241 1.502331 1.614370
v -0.143260 1.474321 1.662233
v -0.148550 1.487653 1.608925
v -0.148569 1.459643 1.656786
v -0.108456 1.487828 1.608935
v -0.108475 1.459819 1.656796
v -0.112454 1.502464 1.614377
v -0.112473 1.474455 1.662240
v -0.079405 1.323792 1.659676
v -0.079423 1.324091 1.673419
v -0.056967 1.301862 1.668599
v -0.056985 1.302212 1.682454
v 0.148916 1.460724 1.657162
v 0.143518 1.475360 1.662593
v 0.148976 1.488733 1.609298
v 0.143578 1.503369 1.614732
v 0.112732 1.475272 1.662524
v 0.108822 1.460607 1.657070
v 0.112792 1.503281 1.614661
v 0.108883 1.488615 1.609209
v 0.057927 1.302629 1.682599
v 0.057969 1.302279 1.668744
v 0.033148 1.246390 1.752737
v 0.033222 1.245658 1.728595
v 0.033148 1.246390 1.752737
v 0.049103 1.307601 1.692259
v -0.048225 1.307249 1.692135
v 0.000384 1.333755 1.690619
v 0.000392 1.327770 1.693120
v 0.000411 1.313385 1.698881
v 0.000411 1.301795 1.710978
v 0.000416 1.253787 1.758807
v 0.033148 1.246390 1.752737
v -0.032256 1.246154 1.752654
v -0.032256 1.246154 1.752654
v -0.056985 1.302212 1.682454
v -0.032224 1.245422 1.728513
v -0.056967 1.301862 1.668599
v -0.032256 1.246154 1.752654
v 0.057881 1.345204 1.654956
v 0.057807 1.345658 1.678395
v 0.000435 1.333582 1.666681
v 0.000383 1.334184 1.690476
v -0.057039 1.345243 1.678250
v -0.057011 1.344787 1.654811
v 0.519510 1.273837 -1.640106
v 0.529963 1.274763 -1.613989
v 0.603148 1.269860 -1.658135
v 0.614417 1.273931 -1.632667
v 0.541831 1.289693 -1.597373
v 0.625286 1.291268 -1.617793
v 0.552892 1.315612 -1.593176
v 0.517028 1.290891 -1.662541
v 0.598067 1.284717 -1.681667
v 0.647043 1.248560 -1.689874
v 0.642924 1.239387 -1.663431
v 0.650845 1.246194 -1.637294
v 0.664662 1.262590 -1.623872
v 0.633738 1.318424 -1.616090
v 0.681708 1.285366 -1.625436
v -0.769778 1.085143 -1.019173
v -0.769786 1.072787 -0.985748
v -0.778876 0.976674 -1.058374
v -0.778888 0.977339 -0.913123
v -0.769795 1.085109 -0.952957
v -0.769820 1.084819 -0.874100
v -0.755698 1.127608 -0.939458
v -0.755704 1.127450 -0.886926
v -0.741603 1.180605 -0.948534
v -0.741588 1.180578 -0.877851
v -0.731663 1.208305 -0.913089
v -0.741584 1.198916 -0.840459
v -0.731661 1.208574 -0.982121
v -0.741607 1.199236 -0.985738
v -0.769828 1.072466 -0.840490
v -0.778899 0.976535 -0.767871
v -0.769837 1.084785 -0.807512
v -0.755708 1.127286 -0.794021
v -0.731671 1.207736 -0.767804
v -0.741580 1.180285 -0.803070
v -0.731667 1.208022 -0.840840
v -0.631889 1.328842 -0.767806
v -0.631881 1.329410 -0.913089
v -0.731657 1.208873 -1.058374
v -0.741611 1.180898 -1.022943
v -0.755695 1.127771 -1.032024
v -0.631875 1.329978 -1.058374
v 0.731665 1.208303 -0.913089
v 0.731661 1.208574 -0.982121
v 0.741607 1.199234 -0.985739
v 0.741603 1.180605 -0.948534
v 0.769820 1.084819 -0.874100
v 0.778888 0.977337 -0.913122
v 0.769828 1.072466 -0.840490
v 0.778899 0.976535 -0.767871
v 0.769837 1.084785 -0.807513
v 0.755710 1.127286 -0.794021
v 0.731670 1.207736 -0.767805
v 0.741580 1.180285 -0.803070
v 0.741584 1.198916 -0.840459
v 0.731669 1.208022 -0.840840
v 0.631888 1.328842 -0.767807
v 0.631883 1.329410 -0.913089
v 0.731657 1.208873 -1.058374
v 0.741611 1.180898 -1.022943
v 0.755694 1.127771 -1.032024
v 0.778876 0.976674 -1.058374
v 0.769778 1.085143 -1.019171
v 0.631875 1.329978 -1.058374
v 0.769786 1.072787 -0.985748
v 0.769795 1.085109 -0.952957
v 0.755700 1.127608 -0.939458
v 0.755704 1.127450 -0.886926
v 0.741588 1.180578 -0.877849
v 0.057927 1.302629 1.682599
v 0.080305 1.324670 1.673619
v 0.057969 1.302279 1.668744
v 0.080347 1.324371 1.659878
v -0.108456 1.487828 1.608935
v -0.128483 1.486609 1.600934
v -0.128485 1.455151 1.644459
v 0.329188 0.423977 2.964370
v 0.302646 0.338202 3.053239
v 0.345501 0.584380 2.991555
v 0.335181 0.524900 2.796426
v 0.375548 0.630826 2.814485
v 0.384048 0.743203 2.821800
v 0.332177 0.907725 2.828068
v 0.304479 0.732648 3.019539
v 0.243762 0.846148 3.062116
v 0.267615 1.049259 2.848585
v 0.148647 0.952776 3.090215
v 0.168653 1.183921 2.854643
v 0.074767 1.026058 3.068784
v 0.086959 1.251863 2.841403
v 0.000000 1.084966 3.038913
v 0.000000 1.308922 2.817914
v -0.086959 1.251863 2.841403
v -0.074767 1.026058 3.068784
v -0.168653 1.183921 2.854643
v -0.148647 0.952776 3.090215
v -0.304508 0.720075 3.031693
v -0.244266 0.844532 3.076499
v -0.225273 0.581116 3.236005
v -0.146810 0.642997 3.279343
v -0.149622 0.962116 3.106826
v -0.068215 0.689330 3.318624
v -0.075424 1.036307 3.085605
v 0.000000 0.718217 3.342151
v 0.000000 1.096358 3.055773
v 0.075425 1.036307 3.085605
v 0.068215 0.689330 3.318624
v 0.149622 0.962116 3.106826
v 0.146810 0.642997 3.279343
v 0.244265 0.844532 3.076499
v 0.225273 0.581116 3.236005
v 0.304507 0.720075 3.031693
v 0.269335 0.512365 3.178188
v 0.309500 0.406239 3.099416
v -0.267616 1.049259 2.848585
v -0.243763 0.846150 3.062116
v -0.332176 0.907725 2.828068
v -0.304478 0.732648 3.019539
v -0.345502 0.584380 2.991555
v -0.384048 0.743203 2.821800
v -0.375547 0.630826 2.814485
v -0.335180 0.524900 2.796426
v -0.329189 0.423977 2.964370
v -0.302647 0.338202 3.053239
v -0.309499 0.406239 3.099416
v -0.269334 0.512365 3.178188
v -0.446215 0.979877 2.556701
v -0.387898 1.106454 2.570893
v -0.331992 0.918435 2.815304
v -0.267614 1.048110 2.833364
v -0.309598 1.247744 2.591448
v -0.168835 1.170914 2.836964
v -0.196897 1.382163 2.597525
v -0.087125 1.238667 2.823801
v -0.101220 1.444022 2.583504
v 0.000000 1.295634 2.800369
v 0.000000 1.495181 2.559196
v 0.101220 1.444022 2.583504
v 0.087125 1.238667 2.823801
v 0.196897 1.382163 2.597525
v 0.168836 1.170914 2.836964
v 0.309597 1.247744 2.591448
v 0.267615 1.048110 2.833364
v 0.387897 1.106454 2.570893
v 0.331992 0.918435 2.815304
v 0.446214 0.979877 2.556701
v 0.166644 0.362459 2.264207
v 0.205375 0.394274 1.995411
v 0.000000 0.373772 1.983486
v 0.355138 0.458341 2.269198
v 0.402717 0.481300 2.039512
v 0.227812 0.499333 1.720299
v 0.458905 0.588399 1.814023
v 0.545004 0.732629 1.891124
v 0.508138 0.653485 2.089099
v 0.434676 0.619070 2.263369
v 0.345495 0.581299 2.457717
v 0.278574 0.485438 2.517781
v 0.133285 0.387382 2.523077
v -0.345494 0.581299 2.457717
v -0.347369 0.651935 2.550033
v -0.278573 0.485438 2.517781
v -0.398013 0.710565 2.429427
v -0.434675 0.619070 2.263369
v -0.355139 0.458341 2.269198
v -0.402717 0.481300 2.039512
v -0.205376 0.394274 1.995411
v -0.227811 0.499333 1.720299
v 0.000000 0.494559 1.686491
v 0.253417 0.632877 1.492493
v 0.490071 0.692871 1.628590
v 0.556565 0.779137 1.696816
v 0.599483 0.838234 1.774163
v 0.579751 0.848468 1.888421
v 0.552930 0.814445 2.053933
v -0.464705 0.771085 2.257330
v -0.508139 0.653487 2.089099
v -0.458905 0.588399 1.814023
v -0.253418 0.632877 1.492493
v 0.000000 0.611682 1.480174
v -0.545003 0.732629 1.891124
v -0.490070 0.692871 1.628590
v -0.556566 0.779137 1.696816
v -0.599482 0.838234 1.774163
v -0.579750 0.848468 1.888421
v -0.552932 0.814445 2.053933
v 0.464704 0.771085 2.257330
v 0.398012 0.710565 2.429427
v 0.347368 0.651935 2.550033
v 0.261220 0.531040 2.725065
v 0.135830 0.415863 2.656103
v 0.000000 0.407533 2.647112
v 0.000000 0.432946 2.735104
v -0.135830 0.415863 2.656103
v -0.147303 0.434136 2.738609
v -0.261219 0.531040 2.725065
v -0.198179 0.467388 2.786139
v 0.000000 0.462035 2.793492
v 0.147303 0.434136 2.738609
v 0.198178 0.467388 2.786139
v -0.133286 0.387382 2.523077
v 0.000000 0.369831 2.507590
v 0.000000 0.342538 2.260816
v -0.166644 0.362459 2.264207
v 0.737170 1.782347 -0.859746
v 0.703958 1.715925 -0.859746
v 0.727594 1.701439 -0.612764
v 0.785334 1.775782 -0.612764
v 0.832230 1.732500 -0.247201
v 0.815277 1.824624 -0.247201
v 0.771035 1.853479 -0.612764
v 0.724725 1.849966 -0.859746
v 0.689004 1.788913 -1.106727
v 0.678414 1.846454 -1.106727
v 0.680325 1.730411 -1.106727
v 0.652552 1.722774 -1.100395
v 0.664454 1.697448 -0.856580
v 0.676359 1.672123 -0.612764
v 0.770117 1.646825 -0.247201
v 0.772973 1.592885 0.006592
v 0.837411 1.684609 0.006493
v 0.819045 1.784400 0.006491
v 0.732435 1.898552 -0.247202
v 0.695154 1.900015 -0.612764
v 0.672897 1.891863 -0.859746
v 0.637636 1.609601 -0.247202
v 0.621163 1.551440 0.006668
v 0.650641 1.883710 -1.106729
v 0.608583 1.899022 -1.105125
v 0.605876 1.913115 -0.855827
v 0.603169 1.927212 -0.606529
v 0.572016 1.921955 -0.251161
v 0.732501 1.863288 0.006542
v 0.566779 1.889813 0.006575
v -0.128485 1.455151 1.644459
v -0.108475 1.459819 1.656796
v -0.108456 1.487828 1.608935
v 0.691536 1.231544 -0.141987
v 0.701002 1.173718 -0.543199
v 0.639095 1.242700 -0.141987
v 0.645732 1.180416 -0.567635
v 0.645966 1.142850 -0.768771
v 0.654737 1.197193 -0.767216
v 0.655423 1.235644 -0.566917
v 0.648256 1.298023 -0.141987
v 0.652459 1.269465 0.225920
v 0.643298 1.214142 0.225920
v 0.669661 1.199215 0.545779
v 0.660500 1.143892 0.545777
v 0.695738 1.202987 0.225920
v 0.712941 1.132736 0.545777
v 0.702463 1.133117 -0.765825
v -0.587020 1.646777 -2.072602
v -0.580195 1.667294 -2.054199
v -0.580096 1.606130 -2.041817
v -0.580061 1.614562 -2.069382
v -0.579764 1.563245 -2.110226
v -0.585104 1.581449 -2.105120
v -0.617394 1.606700 -2.063648
v -0.627700 1.572459 -2.097957
v -0.671021 1.574010 -2.025739
v -0.649478 1.618297 -2.020272
v -0.716040 1.705457 -1.389477
v -0.734128 1.733556 -1.395258
v -0.667632 1.646977 -2.019452
v -0.631245 1.637681 -2.064658
v -0.737725 1.661438 -1.383264
v -0.563758 1.667294 -2.054199
v -0.563661 1.606130 -2.041817
v -0.563330 1.563245 -2.110226
v -0.722649 1.291735 -1.408837
v -0.720949 1.291729 -1.483557
v -0.688785 1.276114 -1.405875
v -0.666017 1.244039 -1.325255
v -0.652853 1.212302 -1.338752
v -0.659351 1.174678 -1.247301
v -0.669589 1.143330 -1.240083
v -0.663984 1.181632 -1.354127
v -0.697346 1.121354 -1.232723
v -0.694157 1.165298 -1.364656
v -0.686753 1.207351 -1.405667
v -0.716926 1.188097 -1.408308
v -0.685053 1.207345 -1.480387
v -0.715227 1.188089 -1.483027
v -0.671459 1.201743 -1.234211
v -0.699880 1.259451 -1.321337
v -0.702610 1.212070 -1.229437
v -0.687086 1.276108 -1.480595
v -0.675622 1.241645 -1.404694
v -0.673923 1.241637 -1.479414
v 0.000000 0.393005 3.198267
v 0.000000 0.366937 3.129458
v -0.142460 0.400309 3.171711
v 0.142459 0.400309 3.171711
v 0.137531 0.477513 3.240234
v 0.000000 0.482719 3.265456
v -0.137531 0.477513 3.240234
v 0.147075 0.374184 3.108960
v 0.260547 0.384185 3.123095
v 0.224318 0.473347 3.191275
v 0.178627 0.535078 3.236671
v 0.121307 0.586235 3.276810
v 0.060555 0.613130 3.298641
v 0.000000 0.630003 3.315005
v -0.060556 0.613130 3.298641
v -0.121307 0.586235 3.276810
v -0.178627 0.535078 3.236671
v -0.224317 0.473347 3.191275
v -0.260546 0.384185 3.123095
v -0.147075 0.374184 3.108960
v 0.255120 0.363415 3.110598
v -0.255121 0.363415 3.110598
v 0.000484 1.303847 1.674739
v 0.000449 1.324796 1.669121
v 0.000436 1.333170 1.666812
v 0.563329 1.563245 -2.110226
v 0.563661 1.606130 -2.041817
v 0.579765 1.563245 -2.110226
v 0.580097 1.606130 -2.041817
v 0.563760 1.667294 -2.054200
v 0.580194 1.667294 -2.054200
v 0.587022 1.646777 -2.072602
v 0.580063 1.614562 -2.069382
v 0.585103 1.581449 -2.105120
v 0.617393 1.606700 -2.063648
v 0.627699 1.572459 -2.097957
v 0.671023 1.574010 -2.025739
v 0.649479 1.618297 -2.020272
v 0.716040 1.705457 -1.389477
v 0.734130 1.733554 -1.395258
v 0.667632 1.646977 -2.019453
v 0.631244 1.637681 -2.064658
v 0.737726 1.661436 -1.383264
v 0.640280 1.515481 1.494118
v 0.771057 1.428598 1.413327
v 0.925745 1.148666 1.733285
v 0.605466 1.445057 1.680349
v 0.800939 1.145000 1.910258
v 0.572619 1.332033 1.900818
v 0.680800 1.069242 2.093576
v 0.538075 1.223917 2.143430
v 0.593475 1.008324 2.264626
v 0.505298 1.121725 2.296630
v 0.517915 0.959371 2.435504
v 0.454730 0.948953 2.535022
v 0.840962 1.436197 1.207896
v 0.938266 1.264859 1.422242
v 1.013388 1.066882 1.615552
v 1.057367 1.101920 1.414683
v 1.069536 1.145431 1.196338
v 1.042205 1.199380 1.164454
v 0.968957 1.315418 1.182770
v 0.966222 1.320335 0.989687
v 0.889403 1.383312 1.022617
v 1.045878 1.230445 0.936593
v 0.859761 1.195247 -0.409834
v 0.812995 1.234857 -0.243118
v 0.875795 1.301407 -0.572744
v 0.819177 1.416785 -0.483312
v 0.709391 1.496726 -0.444732
v 0.714162 1.600844 -0.698983
v 0.823189 1.514279 -0.732376
v 0.714093 1.638835 -0.941640
v 0.820251 1.552066 -0.985481
v 0.648147 1.677699 -1.363530
v 0.765665 1.533175 -1.293318
v 0.826320 1.451242 -1.243035
v 0.876464 1.431442 -1.006707
v 0.889646 1.388869 -0.780023
v 0.738170 1.266783 -0.087386
v 0.108822 1.460607 1.657070
v 0.128906 1.456085 1.644783
v 0.128949 1.487542 1.601257
v 0.327779 0.994555 2.675915
v 0.279121 1.124339 2.693975
v 0.000000 0.982894 2.734590
v 0.000000 1.359764 2.659304
v 0.196061 1.247249 2.697556
v 0.355875 0.892637 2.635758
v 0.000000 0.880259 2.695061
v -0.327778 0.994557 2.675915
v -0.279120 1.124339 2.693975
v -0.196060 1.247249 2.697556
v -0.355875 0.892637 2.635758
v 0.128949 1.487542 1.601257
v 0.108883 1.488615 1.609209
v 0.108822 1.460607 1.657070
v 0.000000 0.809149 0.194409
v 0.000000 0.927099 0.238950
v 0.155471 0.935679 0.244368
v 0.217947 0.820956 0.201865
v 0.179031 1.483195 -0.082290
v 0.000000 1.474449 -0.087782
v -0.155471 0.935679 0.244368
v -0.217949 0.820956 0.201865
v -0.179031 1.483195 -0.082289
v 0.000000 2.410492 0.456190
v 0.000000 2.411463 0.294223
v 0.126932 2.399119 0.310065
v 0.120577 2.398757 0.457118
v 0.135126 2.277447 0.238485
v 0.000000 2.292210 0.220984
v -0.126932 2.399119 0.310065
v -0.120577 2.398757 0.457118
v -0.135126 2.277447 0.238485
v -0.889136 1.675015 0.476553
v -0.928752 1.611091 0.568666
v -0.912773 1.599667 0.458320
v -0.856019 1.682736 0.604057
v -0.776724 1.730925 0.494631
v -0.664287 1.727980 0.542249
v -0.587751 1.717264 0.508117
v -0.576053 1.809213 0.317628
v -0.681169 1.777906 0.317628
v -0.806468 1.721449 0.317628
v -0.841328 1.628019 0.317628
v -0.782627 1.512094 0.317628
v -0.866823 1.515182 0.451039
v -0.745710 1.471091 0.452647
v -0.791232 1.433202 0.562196
v -0.898695 1.489661 0.562196
v -0.953778 1.579064 0.546036
v -0.655023 1.468001 0.317628
v 0.000435 1.333582 1.666681
v -0.057011 1.344787 1.654811
v -0.068188 1.334281 1.647837
v 0.029223 1.317717 1.658371
v 0.069134 1.334780 1.648010
v 0.057881 1.345204 1.654956
v 0.057969 1.302279 1.668744
v 0.080347 1.324371 1.659878
v 0.000484 1.303847 1.674739
v 0.000436 1.333170 1.666812
v -0.028245 1.317508 1.658299
v -0.056967 1.301862 1.668599
v -0.079405 1.323792 1.659676
v 0.889136 1.675013 0.476553
v 0.912773 1.599667 0.458320
v 0.928752 1.611089 0.568665
v 0.856020 1.682736 0.604056
v 0.776724 1.730925 0.494631
v 0.664287 1.727978 0.542249
v 0.587752 1.717264 0.508117
v 0.576053 1.809211 0.317628
v 0.681169 1.777904 0.317628
v 0.806469 1.721448 0.317628
v 0.841330 1.628017 0.317628
v 0.782627 1.512094 0.317628
v 0.866823 1.515182 0.451039
v 0.745710 1.471091 0.452649
v 0.791232 1.433202 0.562196
v 0.898695 1.489661 0.562196
v 0.953778 1.579064 0.546036
v 0.655023 1.468001 0.317628
v -0.608724 1.695381 0.317773
v -0.617885 1.750703 0.317773
v -0.651196 1.898213 -0.002752
v -0.703636 1.887057 -0.002753
v -0.704237 1.957311 -0.325553
v -0.651796 1.968456 -0.325553
v -0.660357 1.953539 -0.002752
v -0.660957 2.023796 -0.325553
v -0.661164 1.684224 0.317771
v 0.000000 0.351031 3.067564
v 0.142634 0.357391 3.052934
v 0.000000 0.365777 2.980087
v -0.142634 0.357391 3.052934
v -0.184560 0.371187 2.971552
v -0.329189 0.423977 2.964370
v -0.335180 0.524900 2.796426
v -0.198179 0.467388 2.786139
v 0.000000 0.462035 2.793492
v 0.198178 0.467388 2.786139
v 0.184560 0.371187 2.971552
v 0.335181 0.524900 2.796426
v 0.329188 0.423977 2.964370
v 0.302646 0.338202 3.053239
v -0.302647 0.338202 3.053239
v 0.230705 0.885535 0.709658
v 0.378638 0.720105 0.825574
v 0.473762 0.922506 0.626400
v 0.509525 0.740159 0.872149
v 0.278075 0.666510 0.906473
v 0.264153 0.634236 1.124741
v 0.504345 0.697253 1.136096
v 0.490071 0.692871 1.628590
v 0.253417 0.632877 1.492493
v 1.064297 0.824128 1.502388
v 1.121813 0.851674 1.366755
v 0.927770 0.806767 1.626685
v 0.984007 0.811570 1.370910
v 0.599483 0.838234 1.774163
v 0.624617 0.798984 1.470521
v 0.556565 0.779137 1.696816
v 0.641160 0.836543 1.136607
v 0.662334 0.880643 0.894314
v 0.473762 0.922506 0.626400
v 0.677896 0.944834 0.688457
v 0.944646 0.992353 0.758485
v 1.002087 0.914371 0.918858
v 1.057470 0.976493 0.854834
v 1.146858 0.951349 0.924725
v 1.012308 0.847870 1.127594
v 1.138691 0.902610 1.122312
v 0.814169 1.057296 0.686383
v 0.692733 0.975554 0.567389
v 0.944646 0.992353 0.758485
v 0.473762 0.922506 0.626400
v -0.253418 0.632877 1.492493
v -0.264153 0.634236 1.124741
v -0.490070 0.692871 1.628590
v -0.504345 0.697253 1.136096
v -0.509524 0.740161 0.872149
v -0.662334 0.880643 0.894312
v -0.473762 0.922506 0.626400
v -0.677896 0.944834 0.688458
v -0.944645 0.992355 0.758484
v -0.278076 0.666510 0.906473
v -0.378638 0.720107 0.825574
v -0.473762 0.922506 0.626400
v -0.230705 0.885537 0.709658
v -0.692732 0.975554 0.567389
v -0.814170 1.057296 0.686383
v -0.944645 0.992355 0.758484
v -0.473762 0.922506 0.626400
v -1.064296 0.824128 1.502388
v -0.927769 0.806767 1.626685
v -1.121812 0.851674 1.366756
v -0.984007 0.811570 1.370911
v -1.138691 0.902610 1.122312
v -1.012307 0.847870 1.127593
v -1.146857 0.951349 0.924725
v -1.002087 0.914371 0.918858
v -1.057471 0.976493 0.854833
v -0.641160 0.836543 1.136607
v -0.624617 0.798984 1.470521
v -0.556566 0.779137 1.696816
v -0.599482 0.838234 1.774163
v -0.230705 0.885537 0.709658
v -0.217949 0.820956 0.201865
v -0.479050 0.848891 0.306890
v -0.473762 0.922506 0.626400
v 0.473762 0.922506 0.626400
v 0.479050 0.848891 0.306890
v 0.230705 0.885535 0.709658
v 0.217947 0.820956 0.201865
v 0.276004 0.828237 -0.039352
v 0.209232 0.820421 -0.019537
v 0.000000 0.809149 0.194409
v 0.000000 0.808859 -0.018101
v -0.209232 0.820421 -0.019537
v -0.276004 0.828237 -0.039352
v -0.469893 0.847468 -0.235765
v -0.293608 0.834883 -0.241539
v 0.469893 0.847468 -0.235765
v 0.293608 0.834883 -0.241539
v 0.181997 0.989815 -0.412869
v 0.177856 0.967212 -0.192369
v 0.284091 0.994124 -0.290835
v 0.562651 0.995869 -0.352648
v 0.382429 0.990444 -0.281689
v 0.483253 0.892936 -0.239525
v 0.586534 0.997182 -0.396655
v -0.483253 0.892936 -0.239525
v -0.382429 0.990444 -0.281688
v -0.562651 0.995869 -0.352648
v -0.284091 0.994124 -0.290834
v -0.181997 0.989815 -0.412869
v -0.177856 0.967212 -0.192369
v -0.202035 0.880514 -0.046358
v 0.000000 0.869301 -0.044941
v 0.000000 0.966624 -0.186146
v 0.202035 0.880514 -0.046358
v 0.263745 0.886035 -0.059373
v -0.586534 0.997182 -0.396655
v -0.263745 0.886035 -0.059373
v 0.000436 1.333170 1.666812
v 0.000449 1.324796 1.669121
v 0.000484 1.303847 1.674739
v -0.211507 0.929831 -0.459149
v -0.181997 0.989815 -0.412869
v -0.208514 0.929834 -0.586351
v -0.177913 1.018685 -0.580179
v -0.177879 1.352219 -0.037494
v -0.178047 1.519750 -0.366608
v -0.177856 0.967212 -0.192369
v -0.148550 1.487653 1.608925
v -0.148569 1.459643 1.656786
v -0.128485 1.455151 1.644459
v -1.002367 1.312282 0.739803
v -0.922784 1.390461 0.894876
v -1.057408 1.197679 0.823568
v -0.996023 1.352441 0.968157
v -0.818523 1.544538 0.897394
v -0.914221 1.440812 1.015051
v -0.674905 1.639881 1.031878
v -0.860523 1.481012 1.208961
v -0.613141 1.658777 1.216866
v -0.794103 1.472999 1.404397
v -0.616341 1.586526 1.494057
v -0.586345 1.695509 1.091626
v -1.104448 1.186552 0.887414
v -1.113133 1.113593 0.851558
v -1.154020 1.115541 0.887138
v 0.729145 0.865424 0.398573
v 0.749618 1.139036 0.239173
v 0.752860 0.888778 0.395777
v 0.774240 1.162389 0.236376
v 0.757415 1.303153 0.102782
v 0.783302 1.326507 0.099985
v 0.736765 1.431004 -0.063041
v 0.762652 1.454357 -0.065838
v 0.727382 1.532388 -0.245412
v 0.753269 1.555741 -0.248208
v 0.733189 1.610931 -0.441751
v 0.758963 1.633317 -0.444903
v 0.720027 1.682325 -0.690374
v 0.745914 1.705678 -0.693171
v 0.702210 1.717702 -0.939681
v 0.728112 1.741037 -0.942295
v 0.692995 1.727778 -1.183299
v 0.718890 1.751122 -1.185998
v 0.690600 1.727058 -1.424422
v 0.716489 1.750411 -1.427207
v 0.655169 1.680361 -1.636700
v 0.681054 1.703712 -1.639496
v -0.486969 1.167835 2.327758
v -0.446215 0.979877 2.556701
v -0.454729 0.948953 2.535022
v -0.505299 1.121725 2.296630
v -0.538074 1.223917 2.143430
v -0.513475 1.286107 2.165318
v -0.540578 1.419097 1.976590
v -0.567400 1.400855 1.907419
v -0.572618 1.332033 1.900817
v -0.586524 1.516104 1.678435
v -0.605466 1.445059 1.680349
v -0.616341 1.586526 1.494057
v -0.640280 1.515481 1.494118
v -1.069535 1.145431 1.196338
v -1.057366 1.101921 1.414684
v -1.078752 1.105460 1.205905
v -1.066857 1.061891 1.407527
v -1.013387 1.066882 1.615553
v -1.010109 1.029024 1.619746
v -0.925744 1.148666 1.733286
v -0.923500 1.108539 1.737204
v -0.800940 1.145000 1.910258
v -0.811530 1.097149 1.906638
v -0.680801 1.069242 2.093576
v -0.693039 1.022179 2.088452
v -0.593476 1.008324 2.264626
v -0.607628 0.954321 2.256225
v -0.517916 0.959371 2.435504
v -0.519455 0.902318 2.435104
v -0.445783 0.900848 2.561749
v -0.377508 0.739932 2.773756
v -0.384048 0.743203 2.821800
v -0.369930 0.660521 2.769470
v -0.375547 0.630826 2.814485
v -0.331645 0.569123 2.742305
v -0.335180 0.524900 2.796426
v -0.618307 0.871779 2.272475
v -0.510465 0.822122 2.444305
v -0.443453 0.792928 2.588609
v -0.445783 0.900848 2.561749
v -0.377508 0.739932 2.773756
v -0.369930 0.660521 2.769470
v -0.422656 0.697502 2.567292
v -0.331645 0.569123 2.742305
v -0.347369 0.651935 2.550033
v -0.261219 0.531040 2.725065
v -0.482443 0.749698 2.448630
v -0.572132 0.800313 2.275294
v -0.717697 0.937188 2.081136
v -0.683135 0.850520 2.078507
v -0.842556 0.987925 1.914221
v -0.821399 0.896184 1.891006
v -0.968862 0.903279 1.708084
v -0.954532 1.013028 1.724966
v -1.088117 0.932212 1.566848
v -1.138691 0.902610 1.122312
v -1.156459 1.031668 1.158528
v -1.121812 0.851674 1.366756
v -1.136599 0.965176 1.401591
v -1.064296 0.824128 1.502388
v -0.927769 0.806767 1.626685
v -0.599482 0.838234 1.774163
v -0.579750 0.848468 1.888421
v -0.552932 0.814445 2.053933
v -0.464705 0.771085 2.257330
v -0.398013 0.710565 2.429427
v -1.078333 1.084071 0.847756
v -1.144423 1.089546 0.901669
v -1.057471 0.976493 0.854833
v -1.146857 0.951349 0.924725
v -1.097623 1.160433 0.908695
v -1.078752 1.105460 1.205905
v -1.066857 1.061891 1.407527
v -1.010109 1.029024 1.619746
v -0.923500 1.108539 1.737204
v -0.811530 1.097149 1.906638
v -0.128485 1.455151 1.644459
v -0.128483 1.486609 1.600934
v -0.148550 1.487653 1.608925
v 0.365457 1.037097 -1.190642
v 0.000000 1.002401 -1.199803
v 0.365457 0.928175 -1.200550
v 0.000000 0.911775 -1.203747
v -0.365457 0.928175 -1.200550
v -0.365457 1.037097 -1.190642
v 0.128906 1.456085 1.644783
v 0.148916 1.460724 1.657162
v 0.148976 1.488733 1.609298
v -0.253418 0.632877 1.492493
v 0.000000 0.611682 1.480174
v -0.181733 0.692026 1.460518
v 0.000000 0.675629 1.449076
v 0.181733 0.692026 1.460518
v 0.253417 0.632877 1.492493
v 0.148976 1.488733 1.609298
v 0.128949 1.487542 1.601257
v 0.128906 1.456085 1.644783
v -0.133441 2.108187 0.815582
v 0.000000 2.108035 0.824227
v -0.133761 2.083384 0.889018
v 0.000000 2.087937 0.885570
v 0.133761 2.083384 0.889018
v 0.133442 2.108187 0.815582
v 0.133442 2.108187 0.815582
v 0.254224 2.008918 0.835274
v 0.250428 2.009661 0.901002
v 0.356529 1.937233 0.868179
v 0.351608 1.934737 0.933446
v 0.442290 1.859899 0.904713
v 0.441800 1.855485 0.968279
v 0.570010 1.713685 0.976023
v 0.586346 1.695509 1.091626
v 0.674906 1.639881 1.031877
v -0.674905 1.639881 1.031878
v -0.570010 1.713687 0.976023
v -0.586345 1.695509 1.091626
v -0.441800 1.855485 0.968279
v -0.442289 1.859899 0.904711
v -0.351608 1.934737 0.933446
v -0.356528 1.937233 0.868179
v -0.250427 2.009661 0.901002
v -0.254224 2.008918 0.835274
v -0.133441 2.108187 0.815582
v 0.347368 0.651935 2.550033
v 0.422657 0.697502 2.567292
v 0.482444 0.749698 2.448630
v 0.398012 0.710565 2.429427
v 0.572133 0.800313 2.275294
v 0.464704 0.771085 2.257330
v 0.683133 0.850518 2.078507
v 0.552930 0.814445 2.053933
v 0.821398 0.896184 1.891006
v 0.579751 0.848468 1.888421
v 0.599483 0.838234 1.774163
v 0.927770 0.806767 1.626685
v 1.138691 0.902610 1.122312
v 1.121813 0.851674 1.366755
v 1.156459 1.031666 1.158528
v 1.136598 0.965174 1.401590
v 1.064297 0.824128 1.502388
v 1.088115 0.932212 1.566847
v 0.968861 0.903279 1.708084
v 0.842555 0.987925 1.914220
v 0.717698 0.937188 2.081136
v 0.618308 0.871779 2.272475
v 0.510466 0.822122 2.444305
v 0.443452 0.792928 2.588609
v 0.954531 1.013028 1.724966
v 0.261220 0.531040 2.725065
v 0.331646 0.569123 2.742305
v 0.369929 0.660521 2.769470
v 0.377507 0.739931 2.773756
v 0.445782 0.900846 2.561749
v 0.519456 0.902318 2.435104
v 0.607629 0.954321 2.256225
v 0.693039 1.022179 2.088451
v 0.811528 1.097149 1.906638
v 0.923501 1.108539 1.737204
v 1.010108 1.029024 1.619745
v 1.057367 1.101920 1.414683
v 1.069536 1.145431 1.196338
v 1.078752 1.105460 1.205905
v 1.066857 1.061889 1.407526
v 1.013388 1.066882 1.615552
v 1.010108 1.029024 1.619745
v 0.925745 1.148666 1.733285
v 0.923501 1.108539 1.737204
v 0.800939 1.145000 1.910258
v 0.811528 1.097149 1.906638
v 0.680800 1.069242 2.093576
v 0.593475 1.008324 2.264626
v 0.517915 0.959371 2.435504
v 0.454730 0.948953 2.535022
v 0.445782 0.900846 2.561749
v 0.446214 0.979877 2.556701
v 0.377507 0.739931 2.773756
v 0.384048 0.743203 2.821800
v 0.369929 0.660521 2.769470
v 0.375548 0.630826 2.814485
v 0.331646 0.569123 2.742305
v 0.335181 0.524900 2.796426
v 0.486970 1.167835 2.327758
v 0.505298 1.121725 2.296630
v 0.538075 1.223917 2.143430
v 0.513476 1.286107 2.165318
v 0.540578 1.419097 1.976590
v 0.567399 1.400855 1.907419
v 0.572619 1.332033 1.900818
v 0.586525 1.516104 1.678434
v 0.605466 1.445057 1.680349
v 0.616342 1.586526 1.494057
v 0.640280 1.515481 1.494118
v 0.033148 1.246390 1.752737
v 0.033222 1.245658 1.728595
v 0.047825 1.210603 1.747342
v 0.000504 1.209907 1.763546
v 0.000516 1.244938 1.721173
v -0.032224 1.245422 1.728513
v -0.046750 1.210262 1.747224
v -0.032256 1.246154 1.752654
v -0.054667 1.273921 1.766246
v 0.000305 1.280953 1.782356
v 0.000416 1.253787 1.758807
v 0.055377 1.274319 1.766385
v -0.229286 1.382409 1.620039
v -0.272937 1.382409 1.620039
v -0.228404 1.373766 1.616876
v -0.273819 1.373766 1.616876
v -0.306966 1.375574 1.620168
v -0.229286 1.382409 1.664183
v -0.229286 1.382409 1.620039
v -0.196537 1.379075 1.662393
v -0.196537 1.379075 1.621830
v -0.231712 1.335954 1.628735
v -0.231712 1.335954 1.655487
v -0.201408 1.343259 1.630621
v -0.201408 1.343259 1.653601
v -0.272937 1.382409 1.620039
v -0.272937 1.382409 1.664183
v -0.305686 1.379075 1.621830
v -0.305686 1.379075 1.662393
v -0.270510 1.335954 1.655487
v -0.270510 1.335954 1.628735
v -0.300813 1.343259 1.653601
v -0.300813 1.343259 1.630621
v -0.195255 1.375574 1.620168
v -0.195255 1.375574 1.664054
v -0.196537 1.379075 1.621830
v -0.196537 1.379075 1.662393
v -0.228404 1.373766 1.667346
v -0.273819 1.373766 1.667346
v -0.229286 1.382409 1.664183
v -0.272937 1.382409 1.664183
v -0.306966 1.375574 1.664054
v -0.306966 1.375574 1.620168
v -0.305686 1.379075 1.662393
v -0.305686 1.379075 1.621830
v -0.270510 1.335954 1.628735
v -0.231712 1.335954 1.628735
v -0.273819 1.373766 1.616876
v -0.228404 1.373766 1.616876
v -0.201408 1.343259 1.630621
v -0.201408 1.343259 1.653601
v -0.195255 1.375574 1.620168
v -0.195255 1.375574 1.664054
v -0.231712 1.335954 1.655487
v -0.270510 1.335954 1.655487
v -0.228404 1.373766 1.667346
v -0.273819 1.373766 1.667346
v -0.300813 1.343259 1.653601
v -0.300813 1.343259 1.630621
v -0.306966 1.375574 1.664054
v -0.306966 1.375574 1.620168
v -0.270510 0.937913 1.655485
v -0.270510 1.335954 1.655487
v -0.231712 0.937915 1.655485
v -0.231712 1.335954 1.655487
v -0.272937 1.382409 1.664183
v -0.272937 1.382409 1.620039
v -0.229286 1.382409 1.664183
v -0.229286 1.382409 1.620039
v -0.270510 1.335954 1.628735
v -0.270510 0.937913 1.628735
v -0.231712 1.335954 1.628735
v -0.231712 0.937915 1.628735
v -0.231712 0.937915 1.628735
v -0.231712 0.937915 1.655485
v -0.231712 1.335954 1.628735
v -0.231712 1.335954 1.655487
v -0.270510 1.335954 1.655487
v -0.270510 0.937913 1.655485
v -0.270510 1.335954 1.628735
v -0.270510 0.937913 1.628735
v -0.229286 1.382409 1.664183
v -0.196537 1.379075 1.662393
v -0.195255 1.375574 1.664054
v 1.066857 1.061889 1.407526
v 1.078752 1.105460 1.205905
v 1.097621 1.160431 0.908694
v 1.144423 1.089544 0.901671
v 1.146858 0.951349 0.924725
v 1.057470 0.976493 0.854834
v 1.078333 1.084071 0.847755
v -0.195255 1.375574 1.664054
v -0.228404 1.373766 1.667346
v -0.229286 1.382409 1.664183
v 0.178047 1.519750 -0.366608
v 0.000000 1.519502 -0.360041
v 0.177879 1.352219 -0.037494
v 0.000000 1.351624 -0.031211
v -0.177879 1.352219 -0.037494
v -0.178047 1.519750 -0.366608
v -0.228404 1.373766 1.616876
v -0.195255 1.375574 1.620168
v -0.196537 1.379075 1.621830
v -1.028225 1.177555 1.154297
v -1.030691 1.210422 0.931991
v -1.045877 1.230445 0.936593
v -1.042204 1.199380 1.164454
v 0.371123 0.940352 2.543499
v 0.336673 1.100625 2.553748
v 0.379179 0.951738 2.552319
v 0.344731 1.112013 2.562549
v 0.282958 1.234093 2.570283
v 0.291016 1.245481 2.579084
v 0.187523 1.356398 2.570474
v 0.195581 1.367786 2.579275
v 0.093166 1.419619 2.558910
v 0.101224 1.431008 2.567711
v 0.003185 1.463520 2.535326
v 0.003199 1.478833 2.542032
v -0.094923 1.431194 2.567711
v -0.086885 1.419791 2.558910
v -0.189402 1.368152 2.579275
v -0.181363 1.356749 2.570474
v -0.285068 1.246030 2.579084
v -0.277028 1.234627 2.570283
v -0.339029 1.112663 2.562549
v -0.330991 1.101260 2.553748
v -0.373778 0.952454 2.552319
v -0.365739 0.941051 2.543499
v -0.196537 1.379075 1.621830
v -0.229286 1.382409 1.620039
v -0.228404 1.373766 1.616876
v -0.490021 1.337573 1.951520
v -0.424502 1.142933 2.241499
v -0.415905 1.154763 2.221497
v -0.441032 1.325291 1.938947
v 0.496272 1.336607 1.951406
v 0.447260 1.324420 1.938833
v 0.421800 1.153942 2.221401
v 0.430374 1.142097 2.241385
v -0.421900 1.296448 1.975352
v -0.479098 1.434354 1.720865
v -0.503806 1.428449 1.733821
v -0.428891 1.304931 1.981238
v 0.428071 1.295518 1.974932
v 0.435085 1.303986 1.980800
v 0.510093 1.427340 1.733323
v 0.485387 1.433301 1.720390
v 0.578953 1.620643 1.323144
v 0.492064 1.877955 1.303612
v 0.537387 1.594600 1.318904
v 0.432696 1.852098 1.296957
v 0.381827 1.972570 1.289470
v 0.346642 1.946301 1.282147
v 0.241425 2.045551 1.256073
v 0.230421 2.018862 1.248084
v 0.130445 2.083556 1.231622
v 0.119426 2.046808 1.224029
v 0.003363 2.073974 1.200524
v 0.003454 2.123027 1.205518
v -0.123573 2.083994 1.232122
v -0.112705 2.047208 1.224485
v -0.223708 2.019643 1.248976
v -0.234591 2.046351 1.257009
v -0.340046 1.947463 1.283496
v -0.375115 1.973847 1.290956
v -0.426365 1.853557 1.298645
v -0.485619 1.879616 1.305535
v -0.531842 1.596415 1.321005
v -0.573304 1.622601 1.325410
v -0.231712 1.335954 1.628735
v -0.201408 1.343259 1.630621
v -0.195255 1.375574 1.620168
v -0.520053 1.526524 1.536238
v -0.511397 1.528500 1.524633
v -0.531842 1.596415 1.321005
v -0.573304 1.622601 1.325410
v 0.526142 1.524747 1.534182
v 0.578953 1.620643 1.323144
v 0.537387 1.594600 1.318904
v 0.517452 1.526753 1.522611
v -0.103893 2.020081 0.892095
v -0.102642 2.040788 1.249762
v 0.003458 2.061782 1.221934
v 0.002522 2.040141 0.878815
v 0.108913 2.019605 0.891506
v 0.002522 2.040141 0.878815
v 0.003458 2.061782 1.221934
v 0.109605 2.040312 1.249177
v -0.129914 0.635281 0.648731
v -0.071786 0.673494 0.723515
v -0.065596 0.420100 0.911483
v -0.085420 0.360331 0.834582
v -0.139812 0.596198 0.550678
v -0.087132 0.328784 0.749505
v -0.076065 0.185416 0.781974
v -0.070908 0.232340 0.917444
v -0.073421 0.333889 1.026227
v -0.058701 0.135327 0.985542
v -0.073421 0.333889 1.026227
v 1.104449 1.186552 0.887414
v 0.996024 1.352441 0.968159
v 1.057409 1.197679 0.823568
v 1.113134 1.113593 0.851558
v 1.154021 1.115539 0.887139
v 0.616342 1.586526 1.494057
v 0.613142 1.658777 1.216866
v 0.794103 1.472999 1.404397
v 0.860523 1.481012 1.208962
v 0.674906 1.639881 1.031877
v 0.914221 1.440812 1.015051
v 0.818523 1.544536 0.897394
v 0.922784 1.390461 0.894876
v 1.002367 1.312280 0.739803
v 0.586346 1.695509 1.091626
v -0.195255 1.375574 1.620168
v -0.228404 1.373766 1.616876
v -0.231712 1.335954 1.628735
v 0.000000 1.020257 -1.057458
v 0.000000 0.904660 -1.103738
v -0.364082 0.918225 -1.095223
v -0.364082 1.026824 -1.048944
v -0.365457 0.928175 -1.200550
v 0.000000 0.911775 -1.203747
v 0.365457 0.928175 -1.200550
v 0.364082 0.918225 -1.095223
v 0.364082 1.026824 -1.048944
v -0.272937 1.382409 1.620039
v -0.305686 1.379075 1.621830
v -0.306966 1.375574 1.620168
v 0.135126 2.277447 0.238485
v 0.178725 2.237041 0.421100
v 0.126932 2.399119 0.310065
v 0.120577 2.398757 0.457118
v 0.167951 2.184521 0.560078
v 0.112737 2.362543 0.481519
v 0.166349 2.218830 0.690997
v 0.166349 2.173986 0.690997
v 0.166349 2.155488 0.632904
v 0.127678 2.337968 0.589758
v -0.273819 1.373766 1.667346
v -0.306966 1.375574 1.664054
v -0.305686 1.379075 1.662393
v -0.012947 0.075299 -1.704708
v -0.023317 0.065948 -1.606999
v 0.026147 0.060410 -1.704422
v 0.025553 0.045043 -1.606635
v -0.024847 0.066370 -1.371779
v 0.024015 0.045468 -1.371415
v 0.072753 0.066533 -1.371179
v 0.074300 0.066111 -1.606400
v 0.065152 0.075429 -1.704228
v -0.305686 1.379075 1.662393
v -0.272937 1.382409 1.664183
v -0.273819 1.373766 1.667346
v -0.114807 0.131125 -0.954428
v -0.114591 0.158252 -0.999727
v -0.080769 0.131182 -0.954218
v -0.080554 0.158309 -0.999517
v -0.134982 0.294732 -1.157200
v -0.101035 0.279450 -1.136300
v 0.178719 0.295254 -1.155272
v 0.144592 0.279860 -1.134791
v -0.633739 1.318424 -1.616091
v -0.552892 1.315612 -1.593176
v -0.625284 1.291268 -1.617793
v -0.664662 1.262590 -1.623872
v -0.650845 1.246194 -1.637294
v -0.614418 1.273931 -1.632667
v -0.642922 1.239387 -1.663433
v -0.603148 1.269860 -1.658137
v -0.647041 1.248560 -1.689874
v -0.598067 1.284717 -1.681667
v -0.519509 1.273837 -1.640106
v -0.517027 1.290893 -1.662541
v -0.681706 1.285366 -1.625436
v -0.541832 1.289693 -1.597375
v -0.529962 1.274763 -1.613990
v -0.270510 1.335954 1.655487
v -0.300813 1.343259 1.653601
v -0.306966 1.375574 1.664054
v -0.514902 1.546714 1.512427
v -0.426750 1.783603 1.498254
v -0.553185 1.543807 1.523476
v -0.468814 1.831401 1.516708
v -0.340974 1.893043 1.490893
v -0.364904 1.941881 1.506482
v -0.237896 1.968132 1.462406
v -0.243693 2.018024 1.475131
v -0.117978 2.028063 1.428453
v -0.120835 2.076450 1.444651
v 0.003617 2.061668 1.379079
v 0.003698 2.108607 1.398630
v 0.128234 2.076108 1.444376
v 0.125217 2.027740 1.428184
v 0.250994 2.017357 1.474584
v 0.245040 1.967484 1.461872
v 0.372062 1.940891 1.505668
v 0.347971 1.892117 1.490133
v 0.475696 1.830130 1.515664
v 0.433470 1.782446 1.497303
v 0.559314 1.542311 1.522247
v 0.521016 1.545321 1.511282
v -0.306966 1.375574 1.664054
v -0.273819 1.373766 1.667346
v -0.270510 1.335954 1.655487
v -0.415905 1.154763 2.221497
v -0.362761 1.308150 2.258892
v -0.441032 1.325291 1.938947
v -0.399089 1.510893 1.967713
v -0.301468 1.453128 2.280494
v -0.316348 1.652294 1.995411
v -0.211809 1.567832 2.273255
v -0.204680 1.745742 2.021300
v -0.102951 1.617629 2.271484
v -0.098195 1.807029 2.013356
v 0.003427 1.649766 2.255882
v 0.003640 1.866585 1.966150
v 0.105357 1.806829 2.013318
v 0.109743 1.617421 2.271465
v 0.211726 1.745334 2.021262
v 0.218504 1.567411 2.273198
v 0.323210 1.651669 1.995335
v 0.307940 1.452532 2.280418
v 0.405678 1.510105 1.967617
v 0.368953 1.307434 2.258796
v 0.447260 1.324420 1.938833
v 0.421800 1.153942 2.221401
v 0.256498 0.042449 -1.975885
v 0.256636 -0.004203 -1.975751
v 0.255771 0.101059 -1.891297
v 0.255262 0.050221 -1.790315
v 0.252700 0.051430 -1.398940
v 0.252860 -0.002418 -1.398777
v 0.144592 0.279860 -1.134791
v 0.178719 0.295254 -1.155272
v 0.123044 0.158648 -0.998267
v 0.157081 0.158705 -0.998058
v 0.122829 0.131521 -0.952969
v 0.156866 0.131577 -0.952759
v 0.179454 0.196301 -1.222932
v -0.134246 0.195779 -1.224859
v 0.200488 0.201789 -1.244671
v -0.155026 0.201197 -1.246855
v -0.135380 0.134292 -1.006914
v -0.114474 0.134327 -1.006787
v -0.092442 0.228052 -0.937469
v -0.101654 0.357392 -1.076946
v -0.075877 0.230667 -0.937159
v -0.085129 0.349211 -1.065678
v 0.143972 0.357801 -1.075437
v 0.128906 0.349568 -1.064363
v 0.181056 1.553792 0.206075
v 0.179031 1.483195 -0.082290
v 0.000000 1.544446 0.200122
v 0.000000 1.474449 -0.087782
v -0.179031 1.483195 -0.082289
v -0.181056 1.553792 0.206075
v 0.000000 1.047773 0.742291
v -0.146413 1.045178 0.755289
v 0.000000 0.742889 1.106146
v -0.199044 0.744524 1.110983
v 0.000000 0.675629 1.449076
v -0.181733 0.692026 1.460518
v 0.146413 1.045178 0.755289
v 0.199044 0.744524 1.110983
v 0.181733 0.692026 1.460518
v 0.072592 0.118843 -1.340693
v 0.074338 0.118327 -1.606420
v 0.072753 0.066533 -1.371179
v 0.074300 0.066111 -1.606400
v 0.065177 0.109510 -1.704241
v 0.065152 0.075429 -1.704228
v 0.589062 1.758054 0.985199
v 0.523346 1.842543 0.825661
v 0.695207 1.684251 1.041018
v 0.774255 1.660796 0.853912
v 0.886414 1.578477 0.748360
v 0.841481 1.588905 0.906248
v 0.953895 1.489649 0.750231
v 0.935344 1.428847 0.903084
v 1.025304 1.351310 0.748101
v 1.003268 1.457786 0.652739
v 0.278075 0.666510 0.906473
v 0.378638 0.720105 0.825574
v 0.230705 0.885535 0.709658
v 0.146413 1.045178 0.755289
v 0.199044 0.744524 1.110983
v 0.264153 0.634236 1.124741
v 0.181733 0.692026 1.460518
v 0.253417 0.632877 1.492493
v -0.107440 0.126871 -0.766789
v -0.080717 0.113370 -0.954174
v -0.080769 0.131182 -0.954218
v -0.109858 0.184859 -0.759683
v -0.092442 0.228052 -0.937469
v -0.080554 0.158309 -0.999517
v -0.101035 0.279450 -1.136300
v -0.101654 0.357392 -1.076946
v 0.147073 0.127295 -0.765227
v 0.149054 0.185290 -0.758095
v 0.134933 0.228429 -0.936071
v 0.122881 0.113710 -0.952925
v 0.122829 0.131521 -0.952969
v 0.123044 0.158648 -0.998267
v 0.144592 0.279860 -1.134791
v 0.143972 0.357801 -1.075437
v 0.586538 1.010997 -0.584170
v 0.586538 0.936100 -0.582970
v 0.586538 1.007231 -0.537448
v 0.586538 0.948482 -0.539410
v 0.586538 0.936092 -0.450211
v 0.586538 0.950269 -0.457751
v 0.586538 1.007368 -0.457166
v 0.586534 0.997182 -0.396655
v -0.378638 0.720107 0.825574
v -0.278076 0.666510 0.906473
v -0.230705 0.885537 0.709658
v -0.146413 1.045178 0.755289
v -0.199044 0.744524 1.110983
v -0.264153 0.634236 1.124741
v -0.181733 0.692026 1.460518
v -0.253418 0.632877 1.492493
v -0.586534 0.997182 -0.396655
v -0.586538 0.936092 -0.450212
v -0.586538 1.007368 -0.457166
v -0.586538 0.950269 -0.457750
v -0.586538 0.948482 -0.539410
v -0.586538 0.936100 -0.582970
v -0.586538 1.007231 -0.537448
v -0.586536 1.010997 -0.584170
v -0.680323 1.730412 -1.106729
v -0.689004 1.788913 -1.106729
v -0.737168 1.782347 -0.859745
v -0.703959 1.715925 -0.859745
v -0.652552 1.722774 -1.100395
v -0.664455 1.697448 -0.856579
v -0.676359 1.672125 -0.612764
v -0.727594 1.701439 -0.612764
v -0.770115 1.646825 -0.247202
v -0.832230 1.732502 -0.247200
v -0.772973 1.592885 0.006592
v -0.837411 1.684611 0.006493
v -0.819045 1.784400 0.006491
v -0.815277 1.824624 -0.247202
v -0.732432 1.898553 -0.247202
v -0.771035 1.853479 -0.612764
v -0.695154 1.900015 -0.612766
v -0.724725 1.849968 -0.859745
v -0.672898 1.891863 -0.859747
v -0.678415 1.846456 -1.106729
v -0.785334 1.775782 -0.612764
v -0.621163 1.551440 0.006668
v -0.637634 1.609603 -0.247202
v -0.650642 1.883712 -1.106729
v -0.608581 1.899022 -1.105125
v -0.605876 1.913115 -0.855827
v -0.603169 1.927212 -0.606529
v -0.572016 1.921955 -0.251161
v -0.732501 1.863288 0.006542
v -0.566777 1.889813 0.006575
v 0.315298 -0.000128 -1.073351
v 0.234200 -0.000302 -1.086522
v 0.244928 0.000204 -0.939683
v 0.229469 0.000200 -0.922717
v 0.220248 0.000164 -0.918896
v -0.174905 -0.000490 -0.920077
v -0.190814 -0.001010 -1.089132
v -0.188226 -0.000495 -0.925283
v -0.203464 -0.000542 -0.942438
v -0.272078 -0.001106 -1.076959
v 0.156918 0.113767 -0.952715
v 0.156866 0.131577 -0.952759
v 0.157081 0.158705 -0.998058
v 0.178719 0.295254 -1.155272
v 0.179454 0.196301 -1.222932
v 0.157199 0.134780 -1.005118
v 0.157286 0.115867 -1.004788
v -0.200391 -0.004965 -1.978552
v -0.204167 -0.003180 -1.401584
v 0.256636 -0.004203 -1.975751
v 0.252860 -0.002418 -1.398777
v -0.206342 -0.002666 -1.254156
v 0.251894 -0.001903 -1.251404
v 0.234200 -0.000302 -1.086522
v -0.190814 -0.001010 -1.089132
v -0.174905 -0.000490 -0.920077
v 0.220248 0.000164 -0.918896
v 0.194618 -0.000384 -0.717779
v -0.156055 -0.000968 -0.719812
v 0.392638 1.164235 2.098624
v 0.403887 1.086307 2.229383
v 0.388765 1.198590 2.120913
v 0.397814 1.119721 2.251234
v 0.400243 0.931983 2.507437
v 0.399277 0.974823 2.531859
v 0.194618 -0.000384 -0.717779
v -0.156055 -0.000968 -0.719812
v 0.194344 0.092717 -0.718061
v -0.156330 0.092132 -0.720094
v -0.114754 0.113314 -0.954384
v -0.114807 0.131125 -0.954428
v -0.080717 0.113370 -0.954174
v -0.080769 0.131182 -0.954218
v -0.114454 0.115414 -1.006457
v -0.135360 0.115379 -1.006585
v -0.114474 0.134327 -1.006787
v -0.135380 0.134292 -1.006914
v -0.135360 0.115379 -1.006585
v -0.154516 0.122766 -1.294377
v -0.135380 0.134292 -1.006914
v -0.155026 0.201197 -1.246855
v -0.134982 0.294732 -1.157200
v -0.134246 0.195779 -1.224859
v 0.178719 0.295254 -1.155272
v 0.179454 0.196301 -1.222932
v -0.206342 -0.002666 -1.254156
v -0.204167 -0.003180 -1.401584
v -0.306338 0.041396 -1.307595
v -0.306172 0.041303 -1.332711
v 0.157199 0.134780 -1.005118
v 0.179454 0.196301 -1.222932
v 0.178105 0.134815 -1.004990
v 0.200488 0.201789 -1.244671
v -0.155026 0.201197 -1.246855
v -0.154516 0.122766 -1.294377
v 0.200488 0.201789 -1.244671
v 0.201065 0.123359 -1.292192
v 0.180563 0.106903 -0.732008
v 0.194344 0.092717 -0.718061
v -0.141240 0.106367 -0.733983
v -0.156330 0.092132 -0.720094
v -0.084297 0.237384 -1.142173
v 0.129738 0.237740 -1.140859
v -0.063661 0.094157 -1.019161
v 0.108345 0.094443 -1.018104
v 0.129849 0.052903 -0.835438
v -0.088859 0.052539 -0.836781
v 0.108345 0.094443 -1.018104
v -0.063661 0.094157 -1.019161
v 0.129005 0.187491 -0.767425
v -0.089703 0.187127 -0.768768
v 0.129849 0.052903 -0.835438
v -0.088859 0.052539 -0.836781
v -0.089703 0.187127 -0.768768
v -0.075877 0.230667 -0.937159
v -0.088859 0.052539 -0.836781
v -0.063661 0.094157 -1.019161
v 0.149054 0.185290 -0.758095
v -0.109858 0.184859 -0.759683
v 0.129005 0.187491 -0.767425
v -0.089703 0.187127 -0.768768
v -0.109858 0.184859 -0.759683
v -0.092442 0.228052 -0.937469
v -0.089703 0.187127 -0.768768
v -0.075877 0.230667 -0.937159
v 0.128906 0.349568 -1.064363
v 0.119906 0.230995 -0.935957
v 0.129738 0.237740 -1.140859
v 0.108345 0.094443 -1.018104
v -0.085129 0.349211 -1.065678
v 0.128906 0.349568 -1.064363
v -0.084297 0.237384 -1.142173
v 0.129738 0.237740 -1.140859
v 0.128906 0.349568 -1.064363
v 0.143972 0.357801 -1.075437
v 0.119906 0.230995 -0.935957
v 0.134933 0.228429 -0.936071
v 0.149054 0.185290 -0.758095
v 0.129005 0.187491 -0.767425
v -0.434743 0.991977 2.538698
v -0.435854 0.930903 2.509076
v -0.399278 0.974823 2.531859
v -0.400242 0.931983 2.507437
v -0.709997 1.852035 0.583096
v -0.669198 1.840180 0.550337
v -0.563365 1.859179 0.811189
v -0.523345 1.842543 0.825661
v -0.582737 1.768280 0.516059
v -0.484268 1.824363 0.815799
v -0.101035 0.279450 -1.136300
v 0.144592 0.279860 -1.134791
v -0.101654 0.357392 -1.076946
v 0.143972 0.357801 -1.075437
v 0.147073 0.127295 -0.765227
v -0.107440 0.126871 -0.766789
v 0.149054 0.185290 -0.758095
v -0.109858 0.184859 -0.759683
v 0.353692 0.042403 -1.328657
v 0.252860 -0.002418 -1.398777
v 0.353528 0.042496 -1.303544
v 0.251894 -0.001903 -1.251404
v 0.122829 0.131521 -0.952969
v 0.156866 0.131577 -0.952759
v 0.122881 0.113710 -0.952925
v 0.156918 0.113767 -0.952715
v 0.178105 0.134815 -1.004990
v 0.178192 0.115902 -1.004659
v 0.157199 0.134780 -1.005118
v 0.157286 0.115867 -1.004788
v 0.200488 0.201789 -1.244671
v 0.201065 0.123359 -1.292192
v 0.178105 0.134815 -1.004990
v 0.178192 0.115902 -1.004659
v 0.129005 0.187491 -0.767425
v 0.129849 0.052903 -0.835438
v 0.108345 0.094443 -1.018104
v -0.645060 1.012264 -0.584067
v -0.586536 1.010997 -0.584170
v -0.634567 1.052572 -0.365985
v -0.576116 1.053667 -0.367189
v -0.622007 1.023703 -0.242087
v -0.564055 1.026444 -0.243541
v -0.648146 1.677701 -1.363530
v -0.765664 1.533176 -1.293318
v -0.622537 1.643935 -1.355590
v -0.698754 1.510819 -1.300103
v -0.785590 1.414348 -1.243035
v -0.826321 1.451242 -1.243035
v -0.697439 1.229891 -0.087386
v -0.762404 1.195220 -0.233380
v -0.738170 1.266783 -0.087385
v -0.812995 1.234857 -0.243118
v -0.859759 1.195248 -0.409834
v -0.819028 1.158354 -0.409832
v -0.230705 0.885537 0.709658
v -0.146413 1.045178 0.755289
v -0.217949 0.820956 0.201865
v -0.155471 0.935679 0.244368
v -0.181056 1.553792 0.206075
v -0.179031 1.483195 -0.082289
v 0.108345 0.094443 -1.018104
v 0.119906 0.230995 -0.935957
v 0.129005 0.187491 -0.767425
v -0.466708 1.469435 -2.101863
v -0.515335 1.337815 -2.179853
v -0.560522 1.518782 -2.079879
v -0.589566 1.347252 -2.171853
v -0.565652 1.290283 -2.434800
v -0.596555 1.293531 -2.435580
v -0.085129 0.349211 -1.065678
v -0.084297 0.237384 -1.142173
v -0.063661 0.094157 -1.019161
v 0.256558 0.381831 3.085891
v 0.147791 0.395871 3.084424
v 0.255120 0.363415 3.110598
v 0.147075 0.374184 3.108960
v 0.000000 0.405201 3.095987
v 0.000000 0.366937 3.129458
v -0.147075 0.374184 3.108960
v -0.147791 0.395870 3.084424
v -0.255121 0.363415 3.110598
v -0.256557 0.381831 3.085891
v -0.608581 1.899022 -1.105125
v -0.650642 1.883712 -1.106729
v -0.652552 1.722774 -1.100395
v -0.680323 1.730412 -1.106729
v -0.689004 1.788913 -1.106729
v -0.678415 1.846456 -1.106729
v -0.586538 0.936100 -0.582970
v -0.586538 0.936092 -0.450212
v -0.208514 0.929834 -0.586351
v -0.211507 0.929831 -0.459149
v -0.586534 0.997182 -0.396655
v -0.181997 0.989815 -0.412869
v -0.063661 0.094157 -1.019161
v -0.075877 0.230667 -0.937159
v -0.085129 0.349211 -1.065678
v -0.885151 0.897750 0.123332
v -0.861085 0.877666 0.188265
v -0.861317 0.874389 0.117760
v -0.837889 0.854305 0.182657
v -0.729144 0.865426 0.398574
v -0.752860 0.888778 0.395777
v -0.778899 0.976535 -0.767871
v -0.599245 0.970497 -0.767804
v -0.778888 0.977339 -0.913123
v -0.594179 0.973586 -0.913089
v -0.778876 0.976674 -1.058374
v -0.589114 0.976676 -1.058374
v 0.778899 0.976535 -0.767871
v 0.778888 0.977337 -0.913122
v 0.599244 0.970497 -0.767805
v 0.594179 0.973586 -0.913089
v 0.778876 0.976674 -1.058374
v 0.589113 0.976674 -1.058374
v 0.223567 0.050169 -1.790511
v 0.224803 0.042396 -1.976075
v 0.224075 0.101006 -1.891491
v -0.365282 1.028590 -1.182462
v 0.000000 1.028590 -1.182462
v -0.365261 0.974366 -1.184422
v 0.000000 0.974366 -1.184424
v 0.365263 0.974366 -1.184422
v 0.365282 1.028590 -1.182462
v -0.202035 0.880514 -0.046358
v -0.263745 0.886035 -0.059373
v -0.276004 0.828237 -0.039352
v -0.209232 0.820421 -0.019537
v 0.000000 0.808859 -0.018101
v 0.000000 0.869301 -0.044941
v 0.202035 0.880514 -0.046358
v 0.209232 0.820421 -0.019537
v 0.276004 0.828237 -0.039352
v 0.263745 0.886035 -0.059373
v -0.168834 0.041740 -1.978494
v -0.170070 0.049513 -1.792928
v -0.169561 0.100350 -1.893909
v -0.435854 0.930903 2.509076
v -0.459112 1.079584 2.255273
v -0.400242 0.931983 2.507437
v -0.403886 1.086307 2.229383
v -0.392639 1.164235 2.098624
v -0.487464 1.199704 2.018386
v -0.392639 1.164235 2.098624
v -0.388764 1.198590 2.120913
v -0.403886 1.086307 2.229383
v -0.397813 1.119721 2.251234
v -0.400242 0.931983 2.507437
v -0.399278 0.974823 2.531859
v 0.752860 0.888778 0.395777
v 0.861085 0.877664 0.188265
v 0.729145 0.865424 0.398573
v 0.837890 0.854305 0.182657
v 0.861317 0.874389 0.117760
v 0.885151 0.897750 0.123332
v 0.709998 1.852035 0.583096
v 0.563366 1.859179 0.811189
v 0.669198 1.840180 0.550337
v 0.523346 1.842543 0.825661
v 0.582738 1.768280 0.516059
v 0.484268 1.824363 0.815799
v 0.819030 1.158354 -0.409832
v 0.762404 1.195220 -0.233380
v 0.859761 1.195247 -0.409834
v 0.812995 1.234857 -0.243118
v 0.738170 1.266783 -0.087386
v 0.697440 1.229891 -0.087386
v 0.826320 1.451242 -1.243035
v 0.765665 1.533175 -1.293318
v 0.785589 1.414348 -1.243035
v 0.698756 1.510819 -1.300104
v 0.622539 1.643935 -1.355590
v 0.648147 1.677699 -1.363530
v 0.230705 0.885535 0.709658
v 0.217947 0.820956 0.201865
v 0.146413 1.045178 0.755289
v 0.155471 0.935679 0.244368
v 0.181056 1.553792 0.206075
v 0.179031 1.483195 -0.082290
v 0.466708 1.469435 -2.101863
v 0.560523 1.518782 -2.079879
v 0.515336 1.337815 -2.179853
v 0.589565 1.347252 -2.171853
v 0.565651 1.290283 -2.434800
v 0.596554 1.293531 -2.435562
v 0.678414 1.846454 -1.106727
v 0.650641 1.883710 -1.106729
v 0.689004 1.788913 -1.106727
v 0.680325 1.730411 -1.106727
v 0.652552 1.722774 -1.100395
v 0.608583 1.899022 -1.105125
v 0.565475 1.876471 0.017855
v 0.725609 1.851357 0.017858
v 0.617374 1.560328 0.017861
v 0.763604 1.598289 0.017862
v 0.825446 1.682407 0.017863
v 0.806118 1.782550 0.017862
v 0.365282 1.028590 -1.182462
v 0.000000 1.028590 -1.182462
v 0.364255 1.028727 -1.102180
v 0.000000 1.028727 -1.102180
v -0.364255 1.028727 -1.102180
v -0.365282 1.028590 -1.182462
v 0.364255 1.028727 -1.102180
v 0.000000 1.028727 -1.102180
v 0.364272 0.976152 -1.102764
v 0.000000 0.976152 -1.102764
v -0.364272 0.976152 -1.102764
v -0.364255 1.028727 -1.102180
v 0.586538 0.936100 -0.582970
v 0.208514 0.929834 -0.586351
v 0.586538 0.936092 -0.450211
v 0.211506 0.929831 -0.459149
v 0.586534 0.997182 -0.396655
v 0.181997 0.989815 -0.412869
v 0.487465 1.199704 2.018386
v 0.459113 1.079584 2.255272
v 0.392638 1.164235 2.098624
v 0.403887 1.086307 2.229383
v 0.400243 0.931983 2.507437
v 0.435853 0.930903 2.509076
v -0.127677 2.337968 0.589758
v -0.166348 2.218830 0.690997
v -0.112736 2.362543 0.481519
v -0.167950 2.184520 0.560078
v -0.120577 2.398757 0.457118
v -0.178724 2.237041 0.421100
v -0.126932 2.399119 0.310065
v -0.135126 2.277447 0.238485
v -0.166348 2.173986 0.690997
v -0.166348 2.155488 0.632904
v 0.559607 1.684153 1.087414
v 0.541557 1.677530 1.084406
v 0.520580 1.580030 1.411603
v 0.511874 1.579634 1.399868
v -0.506194 1.581945 1.402680
v -0.537069 1.679979 1.087388
v -0.514838 1.582381 1.414463
v -0.555071 1.686685 1.090493
v 0.511874 1.579634 1.399868
v 0.541557 1.677530 1.084406
v 0.413654 1.841967 1.342164
v 0.426294 1.830271 0.966140
v 0.329697 1.925441 1.314787
v 0.337336 1.908639 0.930035
v 0.218601 1.996002 1.273516
v 0.230372 1.973866 0.902359
v 0.109605 2.040312 1.249177
v 0.108913 2.019605 0.891506
v -0.506194 1.581945 1.402680
v -0.407095 1.843832 1.344431
v -0.537069 1.679979 1.087388
v -0.421731 1.832197 0.968483
v -0.322905 1.926908 1.316592
v -0.332609 1.910163 0.931885
v -0.211710 1.996992 1.274704
v -0.225499 1.974894 0.903618
v -0.102642 2.040788 1.249762
v -0.103893 2.020081 0.892095
v -0.074624 0.331964 -1.046767
v 0.117852 0.331962 -1.045224
v -0.064225 0.419011 -0.932513
v 0.105306 0.419009 -0.931152
v -0.064998 0.674151 -0.745737
v 0.102276 0.674151 -0.744398
v -0.131461 0.599108 -0.571391
v 0.165988 0.599105 -0.569008
v -0.084467 0.329165 -0.769570
v 0.123033 0.329165 -0.767907
v -0.075407 0.185262 -0.801395
v 0.114881 0.185261 -0.799869
v -0.075407 0.185262 -0.801395
v 0.114881 0.185261 -0.799869
v -0.086767 0.123130 -0.901248
v 0.128080 0.123129 -0.899526
v 0.117852 0.331962 -1.045224
v -0.074624 0.331964 -1.046767
v 0.118347 0.200218 -1.083855
v -0.074129 0.200218 -1.085398
v 0.117852 0.331962 -1.045224
v 0.118347 0.200218 -1.083855
v 0.104507 0.133319 -1.003769
v 0.559607 1.684153 1.087414
v 0.442686 1.850906 0.968647
v 0.541557 1.677530 1.084406
v 0.426294 1.830271 0.966140
v 0.337336 1.908639 0.930035
v 0.351038 1.932813 0.932422
v 0.230372 1.973866 0.902359
v 0.241383 2.001584 0.904626
v 0.119925 2.047323 0.893773
v 0.108913 2.019605 0.891506
v 0.002522 2.040141 0.878815
v 0.002591 2.069992 0.879775
v -0.114769 2.047856 0.894421
v -0.103893 2.020081 0.892095
v -0.225499 1.974894 0.903618
v -0.236374 2.002669 0.905944
v -0.346192 1.934413 0.934348
v -0.332609 1.910163 0.931885
v -0.438018 1.852906 0.971080
v -0.421731 1.832197 0.968483
v -0.537069 1.679979 1.087388
v -0.555071 1.686685 1.090493
v 0.520580 1.580030 1.411603
v 0.422358 1.842364 1.353901
v 0.559607 1.684153 1.087414
v 0.442686 1.850906 0.968647
v 0.333848 1.931422 1.325897
v 0.351038 1.932813 0.932422
v 0.218201 2.007584 1.283997
v 0.241383 2.001584 0.904626
v 0.109203 2.051895 1.259659
v 0.119925 2.047323 0.893773
v 0.003511 2.073269 1.232533
v 0.002591 2.069992 0.879775
v -0.114769 2.047856 0.894421
v -0.102134 2.052371 1.260244
v -0.236374 2.002669 0.905944
v -0.211201 2.008556 1.285184
v -0.346192 1.934413 0.934348
v -0.326972 1.932927 1.327722
v -0.438018 1.852906 0.971080
v -0.415737 1.844267 1.356215
v -0.555071 1.686685 1.090493
v -0.514838 1.582381 1.414463
v -0.407095 1.843832 1.344431
v -0.506194 1.581945 1.402680
v -0.514838 1.582381 1.414463
v -0.415737 1.844267 1.356215
v -0.326972 1.932927 1.327722
v -0.322905 1.926908 1.316592
v -0.211710 1.996992 1.274704
v -0.211201 2.008556 1.285184
v -0.102642 2.040788 1.249762
v -0.102134 2.052371 1.260244
v 0.003511 2.073269 1.232533
v 0.003458 2.061782 1.221934
v 0.109605 2.040312 1.249177
v 0.109203 2.051895 1.259659
v 0.218201 2.007584 1.283997
v 0.218601 1.996002 1.273516
v 0.333848 1.931422 1.325897
v 0.329697 1.925441 1.314787
v 0.413654 1.841967 1.342164
v 0.422358 1.842364 1.353901
v 0.520580 1.580030 1.411603
v 0.511874 1.579634 1.399868
v 0.113308 0.231117 -0.935848
v 0.104507 0.133319 -1.003769
v 0.128080 0.123129 -0.899526
v -0.511397 1.528500 1.524633
v -0.389471 1.752954 1.520554
v -0.531842 1.596415 1.321005
v -0.426365 1.853557 1.298645
v -0.315047 1.867969 1.511961
v -0.340046 1.947463 1.283496
v -0.211491 1.953197 1.480610
v -0.223708 2.019643 1.248976
v -0.112083 1.993335 1.464341
v -0.112705 2.047208 1.224485
v 0.003722 2.027263 1.442637
v 0.003363 2.073974 1.200524
v 0.119426 2.046808 1.224029
v 0.119489 1.992954 1.463886
v 0.230421 2.018862 1.248084
v 0.218820 1.952454 1.479764
v 0.346642 1.946301 1.282147
v 0.322201 1.866887 1.510709
v 0.432696 1.852098 1.296957
v 0.396267 1.751619 1.519009
v 0.537387 1.594600 1.318904
v 0.517452 1.526753 1.522611
v -0.511397 1.528500 1.524633
v -0.520053 1.526524 1.536238
v -0.389471 1.752954 1.520554
v -0.418147 1.764074 1.532165
v -0.329138 1.878126 1.524093
v -0.315047 1.867969 1.511961
v -0.211491 1.953197 1.480610
v -0.210999 1.962379 1.493265
v -0.112083 1.993335 1.464341
v -0.111590 2.002536 1.476996
v 0.003722 2.027263 1.442637
v 0.003760 2.036312 1.455378
v 0.119073 2.002136 1.476543
v 0.119489 1.992954 1.463886
v 0.218405 1.961655 1.492421
v 0.218820 1.952454 1.479764
v 0.336370 1.876997 1.522786
v 0.322201 1.866887 1.510709
v 0.396267 1.751619 1.519009
v 0.425023 1.762641 1.530507
v 0.526142 1.524747 1.534182
v 0.517452 1.526753 1.522611
v 0.128080 0.123129 -0.899526
v 0.114881 0.185261 -0.799869
v 0.113308 0.231117 -0.935848
v -0.520053 1.526524 1.536238
v -0.573304 1.622601 1.325410
v -0.418147 1.764074 1.532165
v -0.485619 1.879616 1.305535
v -0.329138 1.878126 1.524093
v -0.375115 1.973847 1.290956
v -0.210999 1.962379 1.493265
v -0.234591 2.046351 1.257009
v -0.111590 2.002536 1.476996
v -0.123573 2.083994 1.232122
v 0.003760 2.036312 1.455378
v 0.003454 2.123027 1.205518
v 0.130445 2.083556 1.231622
v 0.119073 2.002136 1.476543
v 0.241425 2.045551 1.256073
v 0.218405 1.961655 1.492421
v 0.381827 1.972570 1.289470
v 0.336370 1.876997 1.522786
v 0.492064 1.877955 1.303612
v 0.425023 1.762641 1.530507
v 0.578953 1.620643 1.323144
v 0.526142 1.524747 1.534182
v -0.071663 0.231119 -0.937332
v -0.061468 0.133320 -1.005099
v -0.074129 0.200218 -1.085398
v 0.428071 1.295518 1.974932
v 0.391097 1.486248 1.980685
v 0.435085 1.303986 1.980800
v 0.398113 1.494714 1.986553
v 0.310224 1.624237 2.016480
v 0.317238 1.632705 2.022348
v 0.199401 1.730111 2.021091
v 0.206415 1.738579 2.026958
v 0.100321 1.801032 2.007127
v 0.107335 1.809500 2.013013
v 0.003695 1.856921 1.981333
v 0.003681 1.845251 1.977599
v -0.093033 1.801244 2.007222
v -0.100025 1.809727 2.013109
v -0.199247 1.739021 2.027168
v -0.192256 1.730538 2.021281
v -0.310303 1.633389 2.022653
v -0.303310 1.624908 2.016785
v -0.391502 1.495577 1.986953
v -0.384509 1.487096 1.981066
v -0.428891 1.304931 1.981238
v -0.421900 1.296448 1.975352
v -0.503806 1.428449 1.733821
v -0.453607 1.667843 1.771223
v -0.428891 1.304931 1.981238
v -0.391502 1.495577 1.986953
v -0.310303 1.633389 2.022653
v -0.357892 1.810975 1.787279
v -0.199247 1.739021 2.027168
v -0.232322 1.921935 1.772140
v -0.100025 1.809727 2.013109
v -0.112109 1.993392 1.744157
v 0.003695 1.856921 1.981333
v 0.003793 2.038388 1.702049
v 0.119626 1.993144 1.744043
v 0.107335 1.809500 2.013013
v 0.239705 1.921402 1.771907
v 0.206415 1.738579 2.026958
v 0.365046 1.810184 1.786922
v 0.317238 1.632705 2.022348
v 0.460437 1.666842 1.770774
v 0.398113 1.494714 1.986553
v 0.435085 1.303986 1.980800
v 0.510093 1.427340 1.733323
v -0.403858 1.659339 1.745346
v -0.479098 1.434354 1.720865
v -0.421900 1.296448 1.975352
v -0.384509 1.487096 1.981066
v -0.313709 1.798124 1.764173
v -0.303310 1.624908 2.016785
v -0.193704 1.904729 1.751804
v -0.192256 1.730538 2.021281
v -0.094548 1.971770 1.723400
v -0.093033 1.801244 2.007222
v 0.003681 1.845251 1.977599
v 0.003758 2.013280 1.680498
v 0.102004 1.971560 1.723303
v 0.100321 1.801032 2.007127
v 0.199401 1.730111 2.021091
v 0.201035 1.904299 1.751609
v 0.310224 1.624237 2.016480
v 0.320818 1.797430 1.763860
v 0.391097 1.486248 1.980685
v 0.410654 1.658449 1.744946
v 0.428071 1.295518 1.974932
v 0.485387 1.433301 1.720390
v -0.074129 0.200218 -1.085398
v -0.074624 0.331964 -1.046767
v -0.071663 0.231119 -0.937332
v -0.503806 1.428449 1.733821
v -0.479098 1.434354 1.720865
v -0.453607 1.667843 1.771223
v -0.403858 1.659339 1.745346
v -0.357892 1.810975 1.787279
v -0.313709 1.798124 1.764173
v -0.232322 1.921935 1.772140
v -0.193704 1.904729 1.751804
v -0.112109 1.993392 1.744157
v -0.094548 1.971770 1.723400
v 0.003793 2.038388 1.702049
v 0.003758 2.013280 1.680498
v 0.102004 1.971560 1.723303
v 0.119626 1.993144 1.744043
v 0.201035 1.904299 1.751609
v 0.239705 1.921402 1.771907
v 0.320818 1.797430 1.763860
v 0.365046 1.810184 1.786922
v 0.410654 1.658449 1.744946
v 0.460437 1.666842 1.770774
v 0.485387 1.433301 1.720390
v 0.510093 1.427340 1.733323
v -0.075407 0.185262 -0.801395
v -0.086767 0.123130 -0.901248
v -0.061468 0.133320 -1.005099
v -0.434261 1.532153 1.983943
v -0.490021 1.337573 1.951520
v -0.441032 1.325291 1.938947
v -0.399089 1.510893 1.967713
v -0.316348 1.652294 1.995411
v -0.346820 1.678478 2.013452
v -0.204680 1.745742 2.021300
v -0.230453 1.776852 2.041150
v -0.109087 1.835524 2.028463
v -0.098195 1.807029 2.013356
v 0.003640 1.866585 1.966150
v 0.003663 1.890935 1.978209
v 0.116304 1.835303 2.028425
v 0.105357 1.806829 2.013318
v 0.211726 1.745334 2.021262
v 0.237556 1.776393 2.041093
v 0.353734 1.677792 2.013356
v 0.323210 1.651669 1.995335
v 0.440892 1.531296 1.983829
v 0.405678 1.510105 1.967617
v 0.447260 1.324420 1.938833
v 0.496272 1.336607 1.951406
v -0.064998 0.674151 -0.745737
v -0.122526 0.637331 -0.669893
v -0.064225 0.419011 -0.932513
v -0.083621 0.360066 -0.854933
v -0.131461 0.599108 -0.571391
v -0.084467 0.329165 -0.769570
v -0.071663 0.231119 -0.937332
v -0.074624 0.331964 -1.046767
v -0.075407 0.185262 -0.801395
v -0.061468 0.133320 -1.005099
v -0.071663 0.231119 -0.937332
v -0.165964 0.482523 -0.602970
v -0.155297 0.489280 -0.768955
v -0.156000 0.897263 -0.318661
v -0.146093 0.935614 -0.440385
v -0.084903 0.578981 -0.828808
v -0.066579 0.972411 -0.516383
v -0.424502 1.142933 2.241499
v -0.490021 1.337573 1.951520
v -0.371438 1.305142 2.270246
v -0.434261 1.532153 1.983943
v -0.303352 1.456062 2.292896
v -0.346820 1.678478 2.013452
v -0.206900 1.576705 2.286686
v -0.230453 1.776852 2.041150
v -0.100266 1.626081 2.284914
v -0.109087 1.835524 2.028463
v 0.003435 1.657651 2.269388
v 0.003663 1.890935 1.978209
v 0.116304 1.835303 2.028425
v 0.107074 1.625877 2.284895
v 0.237556 1.776393 2.041093
v 0.213612 1.576294 2.286628
v 0.353734 1.677792 2.013356
v 0.309830 1.455460 2.292820
v 0.440892 1.531296 1.983829
v 0.377623 1.304408 2.270150
v 0.496272 1.336607 1.951406
v 0.430374 1.142097 2.241385
v 0.200577 0.481994 -0.601759
v 0.188632 0.896764 -0.317522
v 0.191146 0.488777 -0.767810
v 0.179641 0.935142 -0.439308
v 0.121225 0.578682 -0.828128
v 0.100705 0.972169 -0.515830
v 0.175349 0.491185 -0.623396
v 0.168229 0.485703 -0.760569
v 0.174502 0.818941 -0.381501
v 0.167241 0.855208 -0.478959
v 0.168229 0.485703 -0.760569
v 0.108663 0.569546 -0.806615
v 0.167241 0.855208 -0.478959
v 0.107816 0.897301 -0.564720
v -0.132436 0.486139 -0.761562
v -0.140573 0.491643 -0.624440
v -0.133424 0.855642 -0.479953
v -0.141420 0.819398 -0.382547
v -0.165964 0.482523 -0.602970
v 0.200577 0.481994 -0.601759
v -0.140573 0.491643 -0.624440
v 0.175349 0.491185 -0.623396
v 0.121225 0.578682 -0.828128
v -0.084903 0.578981 -0.828808
v 0.108663 0.569546 -0.806615
v -0.072503 0.569807 -0.807213
v 0.188632 0.896764 -0.317522
v 0.200577 0.481994 -0.601759
v -0.156000 0.897263 -0.318661
v -0.165964 0.482523 -0.602970
v 0.108663 0.569546 -0.806615
v -0.072503 0.569807 -0.807213
v 0.107816 0.897301 -0.564720
v -0.073350 0.897564 -0.565318
v -0.084903 0.578981 -0.828808
v 0.121225 0.578682 -0.828128
v -0.066579 0.972411 -0.516383
v 0.100705 0.972169 -0.515830
v -0.072503 0.569807 -0.807213
v -0.132436 0.486139 -0.761562
v -0.073350 0.897564 -0.565318
v -0.133424 0.855642 -0.479953
v -0.140573 0.491643 -0.624440
v 0.175349 0.491185 -0.623396
v -0.141420 0.819398 -0.382547
v 0.174502 0.818941 -0.381501
v 0.191146 0.488777 -0.767810
v 0.168229 0.485703 -0.760569
v 0.175349 0.491185 -0.623396
v -0.415905 1.154763 2.221497
v -0.424502 1.142933 2.241499
v -0.362761 1.308150 2.258892
v -0.371438 1.305142 2.270246
v -0.303352 1.456062 2.292896
v -0.301468 1.453128 2.280494
v -0.211809 1.567832 2.273255
v -0.206900 1.576705 2.286686
v -0.102951 1.617629 2.271484
v -0.100266 1.626081 2.284914
v 0.003427 1.649766 2.255882
v 0.003435 1.657651 2.269388
v 0.107074 1.625877 2.284895
v 0.109743 1.617421 2.271465
v 0.213612 1.576294 2.286628
v 0.218504 1.567411 2.273198
v 0.309830 1.455460 2.292820
v 0.307940 1.452532 2.280418
v 0.368953 1.307434 2.258796
v 0.377623 1.304408 2.270150
v 0.430374 1.142097 2.241385
v 0.421800 1.153942 2.221401
v 0.175349 0.491185 -0.623396
v 0.200577 0.481994 -0.601759
v 0.191146 0.488777 -0.767810
v 0.379179 0.951738 2.552319
v 0.460185 1.183089 2.240718
v 0.371123 0.940352 2.543499
v 0.428345 1.170798 2.227878
v -0.422441 1.171607 2.227879
v -0.454264 1.183958 2.240699
v -0.365739 0.941051 2.543499
v -0.373778 0.952454 2.552319
v 0.460185 1.183089 2.240718
v 0.409873 1.324581 2.276170
v 0.428345 1.170798 2.227878
v 0.379379 1.308556 2.264035
v 0.319896 1.453275 2.277732
v 0.335429 1.474644 2.294763
v 0.218693 1.586827 2.275084
v 0.219268 1.613539 2.297011
v 0.107099 1.640121 2.268988
v 0.107390 1.668508 2.292744
v 0.003422 1.674716 2.250548
v 0.003447 1.704569 2.275866
v -0.100568 1.668706 2.292744
v -0.100324 1.640319 2.268988
v -0.212550 1.613950 2.297011
v -0.212020 1.587237 2.275084
v -0.328972 1.475274 2.294763
v -0.313475 1.453877 2.277732
v -0.403692 1.325354 2.276170
v -0.373227 1.309271 2.264035
v -0.422441 1.171607 2.227879
v -0.454264 1.183958 2.240699
v 0.409873 1.324581 2.276170
v 0.460185 1.183089 2.240718
v 0.379179 0.951738 2.552319
v 0.344731 1.112013 2.562549
v 0.291016 1.245481 2.579084
v 0.335429 1.474644 2.294763
v 0.195581 1.367786 2.579275
v 0.219268 1.613539 2.297011
v 0.101224 1.431008 2.567711
v 0.107390 1.668508 2.292744
v 0.003199 1.478833 2.542032
v 0.003447 1.704569 2.275866
v -0.100568 1.668706 2.292744
v -0.094923 1.431194 2.567711
v -0.212550 1.613950 2.297011
v -0.189402 1.368152 2.579275
v -0.328972 1.475274 2.294763
v -0.285068 1.246030 2.579084
v -0.403692 1.325354 2.276170
v -0.339029 1.112663 2.562549
v -0.373778 0.952454 2.552319
v -0.454264 1.183958 2.240699
v 0.121225 0.578682 -0.828128
v 0.108663 0.569546 -0.806615
v 0.168229 0.485703 -0.760569
v -0.373227 1.309271 2.264035
v -0.422441 1.171607 2.227879
v -0.365739 0.941051 2.543499
v -0.330991 1.101260 2.553748
v -0.313475 1.453877 2.277732
v -0.277028 1.234627 2.570283
v -0.212020 1.587237 2.275084
v -0.181363 1.356749 2.570474
v -0.100324 1.640319 2.268988
v -0.086885 1.419791 2.558910
v 0.003185 1.463520 2.535326
v 0.003422 1.674716 2.250548
v 0.107099 1.640121 2.268988
v 0.093166 1.419619 2.558910
v 0.187523 1.356398 2.570474
v 0.218693 1.586827 2.275084
v 0.282958 1.234093 2.570283
v 0.319896 1.453275 2.277732
v 0.336673 1.100625 2.553748
v 0.379379 1.308556 2.264035
v 0.371123 0.940352 2.543499
v 0.428345 1.170798 2.227878
v 0.168229 0.485703 -0.760569
v 0.191146 0.488777 -0.767810
v 0.121225 0.578682 -0.828128
v 0.904881 0.996054 -0.800815
v 0.904922 1.082162 -0.851861
v 0.912714 0.996334 -0.824852
v 0.912746 1.057431 -0.862217
v 0.904922 1.102496 -0.913044
v 0.912746 1.077645 -0.912474
v 0.912746 1.058450 -0.957219
v 0.904921 1.083417 -0.968714
v 0.904881 0.998420 -1.014262
v 0.912714 0.998978 -0.991541
v -0.155297 0.489280 -0.768955
v -0.132436 0.486139 -0.761562
v -0.072503 0.569807 -0.807213
v 0.779884 0.997346 -0.800830
v 0.767406 1.082162 -0.851863
v 0.904881 0.996054 -0.800815
v 0.904922 1.082162 -0.851861
v 0.904922 1.102496 -0.913044
v 0.765177 1.102494 -0.913046
v 0.904921 1.083417 -0.968714
v 0.767404 1.083415 -0.968716
v 0.779692 0.998769 -1.014270
v 0.904881 0.998420 -1.014262
v -0.072503 0.569807 -0.807213
v -0.084903 0.578981 -0.828808
v -0.155297 0.489280 -0.768955
v -0.769978 0.997346 -0.800067
v -0.894975 0.996054 -0.800054
v -0.757499 1.082162 -0.851101
v -0.895017 1.082162 -0.851099
v -0.895017 1.102496 -0.912282
v -0.755272 1.102494 -0.912282
v -0.895015 1.083417 -0.967951
v -0.757499 1.083415 -0.967953
v -0.769786 0.998769 -1.013507
v -0.894975 0.998420 -1.013502
v -0.894975 0.996054 -0.800054
v -0.902808 0.996334 -0.824090
v -0.895017 1.082162 -0.851099
v -0.902841 1.057431 -0.861454
v -0.895017 1.102496 -0.912282
v -0.902841 1.077645 -0.911712
v -0.902841 1.058450 -0.956457
v -0.895015 1.083417 -0.967951
v -0.894975 0.998420 -1.013502
v -0.902808 0.998978 -0.990781
v 1.086387 0.997188 -0.824966
v 1.086417 1.057523 -0.862321
v 1.089584 0.997367 -0.852133
v 1.089605 1.044007 -0.874169
v 1.086419 1.077739 -0.912581
v 1.089607 1.064089 -0.912078
v 1.089605 1.044759 -0.944474
v 1.086417 1.058542 -0.957326
v 1.086387 0.999098 -0.991650
v 1.089584 0.998822 -0.965957
v -0.165964 0.482523 -0.602970
v -0.140573 0.491643 -0.624440
v -0.132436 0.486139 -0.761562
v 0.912931 0.996427 -0.824959
v 0.912961 1.057523 -0.862321
v 1.086387 0.997188 -0.824966
v 1.086417 1.057523 -0.862321
v 1.086419 1.077739 -0.912581
v 0.912963 1.077739 -0.912581
v 1.086417 1.058542 -0.957326
v 0.912961 1.058542 -0.957324
v 0.912931 0.999070 -0.991648
v 1.086387 0.999098 -0.991650
v -0.132436 0.486139 -0.761562
v -0.155297 0.489280 -0.768955
v -0.165964 0.482523 -0.602970
v 1.089323 0.997626 -0.852154
v 1.089344 1.044264 -0.874188
v 1.267962 0.997626 -0.852154
v 1.276194 1.044266 -0.874188
v 1.282023 1.064346 -0.912099
v 1.089344 1.064346 -0.912099
v 1.276662 1.045016 -0.944495
v 1.089344 1.045018 -0.944495
v 1.089323 0.999081 -0.965978
v 1.270206 0.999081 -0.965978
v -0.185019 0.649858 -0.445164
v -0.175753 0.662856 -0.636016
v -0.175433 1.073999 -0.150145
v -0.174213 1.131930 -0.299491
v -0.095437 0.766555 -0.708073
v -0.079010 1.179277 -0.388334
v -0.903026 0.996427 -0.824196
v -1.076481 0.997187 -0.824204
v -0.903056 1.057523 -0.861561
v -1.076512 1.057523 -0.861561
v -1.076512 1.077737 -0.911819
v -0.903056 1.077739 -0.911819
v -1.076512 1.058542 -0.956563
v -0.903056 1.058542 -0.956563
v -0.903026 0.999070 -0.990887
v -1.076480 0.999096 -0.990887
v -1.076481 0.997187 -0.824204
v -1.079678 0.997367 -0.851371
v -1.076512 1.057523 -0.861561
v -1.079699 1.044007 -0.873406
v -1.076512 1.077737 -0.911819
v -1.079699 1.064087 -0.911316
v -1.079699 1.044759 -0.943712
v -1.076512 1.058542 -0.956563
v -1.076480 0.999096 -0.990887
v -1.079676 0.998822 -0.965195
v -1.079417 0.997626 -0.851392
v -1.258057 0.997626 -0.851392
v -1.079438 1.044264 -0.873425
v -1.266288 1.044266 -0.873425
v -1.272115 1.064346 -0.911337
v -1.079440 1.064346 -0.911337
v -1.266755 1.045016 -0.943733
v -1.079438 1.045018 -0.943733
v -1.079417 0.999081 -0.965216
v -1.260301 0.999081 -0.965216
v 0.681169 1.777904 0.317628
v 0.576053 1.809211 0.317628
v 0.571369 1.637485 0.317628
v 0.673888 1.628114 0.317628
v 0.806469 1.721448 0.317628
v 0.841330 1.628017 0.317628
v 0.655023 1.468001 0.317628
v 0.782627 1.512094 0.317628
v -0.841328 1.628019 0.317628
v -0.782627 1.512094 0.317628
v -0.655023 1.468001 0.317628
v -0.673888 1.628116 0.317628
v -0.806468 1.721449 0.317628
v -0.681169 1.777906 0.317628
v -0.571369 1.637485 0.317628
v -0.576053 1.809213 0.317628
v 0.922784 1.390461 0.894876
v 0.818523 1.544536 0.897394
v 0.935344 1.428847 0.903084
v 0.841481 1.588905 0.906248
v 0.771057 1.428598 1.413327
v 0.640280 1.515481 1.494118
v 0.794103 1.472999 1.404397
v 0.616342 1.586526 1.494057
v 0.695207 1.684251 1.041018
v 0.674906 1.639881 1.031877
v 0.589062 1.758054 0.985199
v 0.570010 1.713685 0.976023
v -0.589114 0.976676 -1.058374
v -0.631875 1.329978 -1.058374
v -0.778876 0.976674 -1.058374
v -0.731657 1.208873 -1.058374
v 0.774255 1.660796 0.853912
v 0.523346 1.842543 0.825661
v 0.802344 1.700354 0.851421
v 0.563366 1.859179 0.811189
v 0.886414 1.578477 0.748360
v 0.774255 1.660796 0.853912
v 0.901641 1.615530 0.764151
v 0.802344 1.700354 0.851421
v 0.953895 1.489649 0.750231
v 0.886414 1.578477 0.748360
v 0.978067 1.537411 0.767797
v 0.901641 1.615530 0.764151
v 1.003268 1.457786 0.652739
v 0.953895 1.489649 0.750231
v 1.032746 1.497418 0.674913
v 0.978067 1.537411 0.767797
v 1.078333 1.084071 0.847755
v 1.144423 1.089544 0.901671
v 1.113134 1.113593 0.851558
v 1.154021 1.115539 0.887139
v 0.818523 1.544536 0.897394
v 0.674906 1.639881 1.031877
v 0.841481 1.588905 0.906248
v 0.695207 1.684251 1.041018
v 0.922784 1.390461 0.894876
v 0.935344 1.428847 0.903084
v 1.002367 1.312280 0.739803
v 1.025304 1.351310 0.748101
v 0.523346 1.842543 0.825661
v 0.589062 1.758054 0.985199
v 0.484268 1.824363 0.815799
v 0.570010 1.713685 0.976023
v 0.335181 0.524900 2.796426
v 0.331646 0.569123 2.742305
v 0.198178 0.467388 2.786139
v 0.571369 1.637485 0.317628
v 0.576053 1.809211 0.317628
v 0.617374 1.560328 0.017861
v 0.565475 1.876471 0.017855
v 0.276004 0.828237 -0.039352
v 0.293608 0.834883 -0.241539
v 0.263745 0.886035 -0.059373
v 0.284091 0.994124 -0.290835
v 0.365263 0.974366 -1.184422
v 0.364272 0.976152 -1.102764
v 0.000000 0.974366 -1.184424
v 0.000000 0.976152 -1.102764
v -0.364272 0.976152 -1.102764
v -0.365261 0.974366 -1.184422
v 0.218616 0.649361 -0.444865
v 0.208300 1.073527 -0.149860
v 0.209788 0.662382 -0.635729
v 0.207416 1.131461 -0.299207
v 0.129625 0.766279 -0.707906
v 0.112413 1.179041 -0.388191
v -0.122589 0.660365 -0.486682
v 0.156280 0.660022 -0.486474
v -0.123833 1.001462 -0.256386
v 0.156953 1.001116 -0.256179
v -0.185019 0.649858 -0.445164
v 0.218616 0.649361 -0.444865
v -0.122589 0.660365 -0.486682
v 0.156280 0.660022 -0.486474
v 0.129625 0.766279 -0.707906
v -0.095437 0.766555 -0.708073
v 0.093480 0.732612 -0.656524
v -0.059406 0.732800 -0.656636
v -0.095437 0.766555 -0.708073
v 0.129625 0.766279 -0.707906
v -0.079010 1.179277 -0.388334
v 0.112413 1.179041 -0.388191
v 0.208300 1.073527 -0.149860
v 0.218616 0.649361 -0.444865
v -0.175433 1.073999 -0.150145
v -0.185019 0.649858 -0.445164
v 0.093480 0.732612 -0.656524
v -0.059406 0.732800 -0.656636
v 0.095957 1.060203 -0.407579
v -0.062496 1.060399 -0.407697
v 0.152390 0.649967 -0.618485
v 0.144132 1.025151 -0.331388
v 0.156953 1.001116 -0.256179
v 0.208514 0.929834 -0.586351
v 0.586538 0.936100 -0.582970
v 0.177913 1.018685 -0.580179
v 0.586538 1.010997 -0.584170
v 0.586538 0.948482 -0.539410
v 0.586538 0.950269 -0.457751
v 0.211447 0.948482 -0.539408
v 0.210459 0.950267 -0.453142
v 0.586538 1.007368 -0.457166
v 0.586538 1.007231 -0.537448
v 0.186795 1.007366 -0.452558
v 0.187821 1.007231 -0.537448
v 0.586538 0.950269 -0.457751
v 0.586538 1.007368 -0.457166
v 0.210459 0.950267 -0.453142
v 0.186795 1.007366 -0.452558
v 0.483253 0.892936 -0.239525
v 0.564055 1.026443 -0.243541
v 0.541039 0.890328 -0.237281
v 0.622007 1.023703 -0.242088
v 0.787635 1.560045 -1.639494
v 0.681054 1.703712 -1.639496
v 0.761746 1.536691 -1.636698
v 0.655169 1.680361 -1.636700
v 0.434742 0.991977 2.538698
v 0.399277 0.974823 2.531859
v 0.435853 0.930903 2.509076
v 0.400243 0.931983 2.507437
v 0.127678 2.337968 0.589758
v 0.000000 2.365210 0.590392
v 0.112737 2.362543 0.481519
v 0.000000 2.374202 0.480597
v -0.112736 2.362543 0.481519
v -0.127677 2.337968 0.589758
v 0.631888 1.328842 -0.767807
v 0.731670 1.207736 -0.767805
v 0.599244 0.970497 -0.767805
v 0.778899 0.976535 -0.767871
v 0.177913 1.018685 -0.580179
v 0.000000 1.022934 -0.573677
v 0.178047 1.519750 -0.366608
v 0.000000 1.519502 -0.360041
v -0.178047 1.519750 -0.366608
v -0.177913 1.018685 -0.580179
v 0.731657 1.208873 -1.058374
v 0.631875 1.329978 -1.058374
v 0.778876 0.976674 -1.058374
v 0.589113 0.976674 -1.058374
v -0.563365 1.859179 0.811189
v -0.523345 1.842543 0.825661
v -0.802344 1.700354 0.851421
v -0.774255 1.660796 0.853913
v -0.802344 1.700354 0.851421
v -0.774255 1.660796 0.853913
v -0.901640 1.615530 0.764151
v -0.886413 1.578477 0.748360
v -0.901640 1.615530 0.764151
v -0.886413 1.578477 0.748360
v -0.978067 1.537413 0.767797
v -0.953894 1.489649 0.750229
v -0.978067 1.537413 0.767797
v -0.953894 1.489649 0.750229
v -1.032746 1.497418 0.674911
v -1.003268 1.457786 0.652739
v -0.616341 1.586526 1.494057
v -0.640280 1.515481 1.494118
v -0.794103 1.472999 1.404397
v -0.771056 1.428598 1.413327
v -1.154020 1.115541 0.887138
v -1.144423 1.089546 0.901669
v -1.113133 1.113593 0.851558
v -1.078333 1.084071 0.847756
v -0.841480 1.588905 0.906249
v -0.818523 1.544538 0.897394
v -0.935343 1.428849 0.903084
v -0.922784 1.390461 0.894876
v -0.695207 1.684251 1.041018
v -0.674905 1.639881 1.031878
v -0.841480 1.588905 0.906249
v -0.818523 1.544538 0.897394
v -0.570010 1.713687 0.976023
v -0.674905 1.639881 1.031878
v -0.589062 1.758054 0.985199
v -0.695207 1.684251 1.041018
v -0.655168 1.680361 -1.636700
v -0.681055 1.703714 -1.639496
v -0.761747 1.536693 -1.636698
v -0.787634 1.560045 -1.639494
v -1.025303 1.351312 0.748101
v -0.935343 1.428849 0.903084
v -1.002367 1.312282 0.739803
v -0.922784 1.390461 0.894876
v -0.570010 1.713687 0.976023
v -0.589062 1.758054 0.985199
v -0.484268 1.824363 0.815799
v -0.523345 1.842543 0.825661
v -0.331645 0.569123 2.742305
v -0.198179 0.467388 2.786139
v -0.335180 0.524900 2.796426
v 0.586538 1.007231 -0.537448
v 0.586538 0.948482 -0.539410
v 0.187821 1.007231 -0.537448
v 0.211447 0.948482 -0.539408
v -0.778899 0.976535 -0.767871
v -0.731671 1.207736 -0.767804
v -0.599245 0.970497 -0.767804
v -0.631889 1.328842 -0.767806
v -0.565474 1.876471 0.017855
v -0.576053 1.809213 0.317628
v -0.617372 1.560328 0.017861
v -0.571369 1.637485 0.317628
v -0.284091 0.994124 -0.290834
v -0.293608 0.834883 -0.241539
v -0.263745 0.886035 -0.059373
v -0.276004 0.828237 -0.039352
v -0.586536 1.010997 -0.584170
v -0.586538 0.936100 -0.582970
v -0.177913 1.018685 -0.580179
v -0.208514 0.929834 -0.586351
v -0.210459 0.950267 -0.453142
v -0.586538 0.950269 -0.457750
v -0.211447 0.948482 -0.539410
v -0.586538 0.948482 -0.539410
v -0.211447 0.948482 -0.539410
v -0.586538 0.948482 -0.539410
v -0.187821 1.007231 -0.537448
v -0.586538 1.007231 -0.537448
v -0.187821 1.007231 -0.537448
v -0.586538 1.007231 -0.537448
v -0.186795 1.007366 -0.452558
v -0.586538 1.007368 -0.457166
v -0.186795 1.007366 -0.452558
v -0.586538 1.007368 -0.457166
v -0.210459 0.950267 -0.453142
v -0.586538 0.950269 -0.457750
v -0.177856 0.967212 -0.192369
v 0.000000 0.966624 -0.186146
v -0.177879 1.352219 -0.037494
v 0.000000 1.351624 -0.031211
v 0.177879 1.352219 -0.037494
v 0.177856 0.967212 -0.192369
v -0.622007 1.023703 -0.242087
v -0.564055 1.026444 -0.243541
v -0.541039 0.890328 -0.237283
v -0.483253 0.892936 -0.239525
v 0.120577 2.398757 0.457118
v 0.112737 2.362543 0.481519
v 0.000000 2.410492 0.456190
v 0.000000 2.374202 0.480597
v -0.112736 2.362543 0.481519
v -0.120577 2.398757 0.457118
v 0.156953 1.001116 -0.256179
v 0.156280 0.660022 -0.486474
v 0.152390 0.649967 -0.618485
v -0.681055 1.703714 -1.639496
v -0.655168 1.680361 -1.636700
v -0.716488 1.750413 -1.427207
v -0.690601 1.727058 -1.424422
v -0.718890 1.751122 -1.186000
v -0.692994 1.727778 -1.183298
v -0.728112 1.741037 -0.942295
v -0.702210 1.717702 -0.939681
v -0.745914 1.705678 -0.693170
v -0.720027 1.682325 -0.690374
v -0.758963 1.633319 -0.444903
v -0.733189 1.610931 -0.441750
v -0.753269 1.555741 -0.248208
v -0.727382 1.532388 -0.245411
v -0.762651 1.454357 -0.065838
v -0.736764 1.431004 -0.063041
v -0.783302 1.326507 0.099985
v -0.757415 1.303153 0.102782
v -0.774240 1.162389 0.236376
v -0.749617 1.139036 0.239173
v -0.752860 0.888778 0.395777
v -0.729144 0.865426 0.398574
v -0.918279 1.474859 0.548596
v -0.999913 1.584718 0.548621
v -0.928756 1.370223 0.699002
v -1.003268 1.457786 0.652739
v -1.002367 1.312282 0.739803
v -1.025303 1.351312 0.748101
v -1.032746 1.497418 0.674911
v 0.093480 0.732612 -0.656524
v 0.095957 1.060203 -0.407579
v 0.144132 1.025151 -0.331388
v 0.211506 0.929831 -0.459149
v 0.208514 0.929834 -0.586351
v 0.181997 0.989815 -0.412869
v 0.177913 1.018685 -0.580179
v 0.177879 1.352219 -0.037494
v 0.178047 1.519750 -0.366608
v 0.177856 0.967212 -0.192369
v 0.144132 1.025151 -0.331388
v 0.152390 0.649967 -0.618485
v 0.093480 0.732612 -0.656524
v 1.025304 1.351310 0.748101
v 1.003268 1.457786 0.652739
v 1.002367 1.312280 0.739803
v 0.928756 1.370223 0.699002
v 0.999914 1.584718 0.548621
v 0.918279 1.474859 0.548596
v 1.032746 1.497418 0.674913
v 1.078752 1.105460 1.205905
v 1.056622 1.121835 1.189634
v 1.097621 1.160431 0.908694
v 1.030691 1.210422 0.931991
v 1.028226 1.177555 1.154297
v 1.113134 1.113593 0.851558
v 1.057409 1.197679 0.823568
v 1.078333 1.084071 0.847755
v 1.037162 1.176532 0.819476
v 1.002367 1.312280 0.739803
v 0.293608 0.834883 -0.241539
v 0.469893 0.847468 -0.235765
v 0.284091 0.994124 -0.290835
v 0.382429 0.990444 -0.281689
v 0.483253 0.892936 -0.239525
v 1.028226 1.177555 1.154297
v 1.056622 1.121835 1.189634
v 1.042205 1.199380 1.164454
v 1.069536 1.145431 1.196338
v 1.078752 1.105460 1.205905
v 0.237257 1.046096 2.318233
v 0.225137 1.081221 2.107444
v 0.196450 1.092740 2.124361
v 0.000000 1.110537 2.135200
v 0.000000 1.101684 2.317014
v -0.237258 1.046096 2.318233
v -0.196451 1.092740 2.124361
v -0.225136 1.081221 2.107444
v -0.118394 0.650301 -0.618687
v -0.110842 1.025465 -0.331579
v -0.062496 1.060399 -0.407697
v -1.002367 1.312282 0.739803
v -1.057408 1.197679 0.823568
v -1.037162 1.176532 0.819476
v -1.078333 1.084071 0.847756
v -1.113133 1.113593 0.851558
v -1.078752 1.105460 1.205905
v -1.056623 1.121837 1.189635
v -1.069535 1.145431 1.196338
v -1.042204 1.199380 1.164454
v -1.028225 1.177555 1.154297
v -0.483253 0.892936 -0.239525
v -0.469893 0.847468 -0.235765
v -0.382429 0.990444 -0.281688
v -0.284091 0.994124 -0.290834
v -0.293608 0.834883 -0.241539
v 0.608724 1.695379 0.317773
v 0.661165 1.684224 0.317771
v 0.703637 1.887057 -0.002753
v 0.651196 1.898213 -0.002752
v 0.617885 1.750703 0.317773
v 0.660357 1.953539 -0.002752
v 0.651798 1.968456 -0.325553
v 0.704238 1.957311 -0.325553
v 0.660959 2.023777 -0.325553
v -1.028225 1.177555 1.154297
v -1.056623 1.121837 1.189635
v -1.030691 1.210422 0.931991
v -1.097623 1.160433 0.908695
v -1.078752 1.105460 1.205905
v 0.792701 1.126408 -1.220657
v 0.792701 1.104770 -1.186621
v 0.792701 1.164948 -1.233213
v 0.792701 1.136896 -1.121784
v 0.792705 1.221240 -1.180161
v 0.792705 1.209521 -1.137918
v 0.792701 1.177014 -1.115416
v 0.792705 1.203684 -1.218362
v 0.792701 1.111107 -1.146995
v 0.655691 1.203453 -1.777331
v 0.689598 1.181814 -1.780299
v 0.643181 1.241992 -1.776237
v 0.754187 1.213940 -1.785949
v 0.696033 1.298284 -1.780865
v 0.738115 1.286565 -1.784547
v 0.760531 1.254060 -1.786503
v 0.657975 1.280728 -1.777537
v 0.729074 1.188150 -1.783753
v -0.792701 1.111107 -1.146995
v -0.792701 1.104770 -1.186620
v -0.792701 1.136896 -1.121784
v -0.792701 1.164948 -1.233215
v -0.792705 1.221240 -1.180161
v -0.792705 1.203684 -1.218364
v -0.792701 1.126408 -1.220657
v -0.792705 1.209521 -1.137918
v -0.792701 1.177014 -1.115416
v -0.062496 1.060399 -0.407697
v -0.059406 0.732800 -0.656636
v -0.118394 0.650301 -0.618687
v -0.729072 1.188152 -1.783752
v -0.689597 1.181814 -1.780299
v -0.754188 1.213940 -1.785949
v -0.643182 1.241992 -1.776237
v -0.696032 1.298284 -1.780867
v -0.657976 1.280730 -1.777536
v -0.655690 1.203453 -1.777333
v -0.738115 1.286566 -1.784549
v -0.760530 1.254060 -1.786505
v -0.122589 0.660365 -0.486682
v -0.123833 1.001462 -0.256386
v -0.110842 1.025465 -0.331579
v 0.616342 1.586526 1.494057
v 0.586525 1.516104 1.678434
v 0.571218 1.580459 1.498734
v 0.544425 1.510034 1.682828
v 0.567399 1.400855 1.907419
v 0.519345 1.396283 1.912315
v -0.110842 1.025465 -0.331579
v -0.118394 0.650301 -0.618687
v -0.122589 0.660365 -0.486682
v -0.616341 1.586526 1.494057
v -0.571218 1.580459 1.498734
v -0.586524 1.516104 1.678435
v -0.544426 1.510034 1.682826
v -0.567400 1.400855 1.907419
v -0.519345 1.396283 1.912315
v -0.806118 1.782550 0.017862
v -0.725609 1.851357 0.017858
v -0.825446 1.682407 0.017863
v -0.763604 1.598289 0.017862
v -0.617372 1.560328 0.017861
v -0.565474 1.876471 0.017855
v 0.645060 1.012264 -0.584067
v 0.634567 1.052572 -0.365985
v 0.586538 1.010997 -0.584170
v 0.576116 1.053667 -0.367189
v 0.622007 1.023703 -0.242088
v 0.564055 1.026443 -0.243541
v 0.209788 0.662382 -0.635729
v 0.152390 0.649967 -0.618485
v 0.156280 0.660022 -0.486474
v -0.859759 1.195248 -0.409834
v -0.875795 1.301408 -0.572746
v -0.812995 1.234857 -0.243118
v -0.819177 1.416785 -0.483312
v -0.709392 1.496726 -0.444732
v -0.714162 1.600844 -0.698982
v -0.823187 1.514279 -0.732375
v -0.714091 1.638835 -0.941639
v -0.820251 1.552068 -0.985483
v -0.648146 1.677701 -1.363530
v -0.765664 1.533176 -1.293318
v -0.826321 1.451242 -1.243035
v -0.876462 1.431442 -1.006707
v -0.889647 1.388869 -0.780023
v -0.738170 1.266783 -0.087385
v 0.156280 0.660022 -0.486474
v 0.218616 0.649361 -0.444865
v 0.209788 0.662382 -0.635729
v -0.454729 0.948953 2.535022
v -0.517916 0.959371 2.435504
v -0.505299 1.121725 2.296630
v -0.593476 1.008324 2.264626
v -0.538074 1.223917 2.143430
v -0.680801 1.069242 2.093576
v -0.572618 1.332033 1.900817
v -0.800940 1.145000 1.910258
v -0.605466 1.445059 1.680349
v -0.925744 1.148666 1.733286
v -0.640280 1.515481 1.494118
v -0.771056 1.428598 1.413327
v -0.938266 1.264859 1.422243
v -0.840962 1.436197 1.207896
v -0.968957 1.315418 1.182771
v -0.889402 1.383312 1.022617
v -0.966223 1.320335 0.989686
v -1.042204 1.199380 1.164454
v -1.045877 1.230445 0.936593
v -1.013387 1.066882 1.615553
v -1.057366 1.101921 1.414684
v -1.069535 1.145431 1.196338
v -0.434743 0.991977 2.538698
v -0.399278 0.974823 2.531859
v -0.446215 0.979877 2.556701
v -0.388576 0.959613 2.552014
v -0.397813 1.119721 2.251234
v -0.381000 1.122043 2.246300
v -0.368522 1.145878 2.190807
v -0.388764 1.198590 2.120913
v -0.337268 1.204937 2.098777
v 0.129625 0.766279 -0.707906
v 0.093480 0.732612 -0.656524
v 0.152390 0.649967 -0.618485
v 0.434742 0.991977 2.538698
v 0.446214 0.979877 2.556701
v 0.399277 0.974823 2.531859
v 0.388575 0.959611 2.552014
v 0.397814 1.119721 2.251234
v 0.380999 1.122043 2.246300
v 0.368523 1.145878 2.190807
v 0.388765 1.198590 2.120913
v 0.337267 1.204937 2.098776
v -0.589062 1.758054 0.985199
v -0.695207 1.684251 1.041018
v -0.523345 1.842543 0.825661
v -0.774255 1.660796 0.853913
v -0.886413 1.578477 0.748360
v -0.841480 1.588905 0.906249
v -0.953894 1.489649 0.750229
v -0.935343 1.428849 0.903084
v -1.025303 1.351312 0.748101
v -1.003268 1.457786 0.652739
v 0.152390 0.649967 -0.618485
v 0.209788 0.662382 -0.635729
v 0.129625 0.766279 -0.707906
v -0.999913 1.584718 0.548621
v -0.984334 1.631187 0.571980
v -1.032746 1.497418 0.674911
v -0.978067 1.537413 0.767797
v -0.957093 1.664920 0.594484
v -0.901640 1.615530 0.764151
v -0.886305 1.747733 0.618584
v -0.802344 1.700354 0.851421
v -0.563365 1.859179 0.811189
v -0.709997 1.852035 0.583096
v -0.859759 1.195248 -0.409834
v -0.819028 1.158354 -0.409832
v -0.875795 1.301408 -0.572746
v -0.834190 1.262045 -0.568395
v -0.889647 1.388869 -0.780023
v -0.848931 1.351754 -0.779189
v -0.876462 1.431442 -1.006707
v -0.835731 1.394549 -1.006707
v -0.826321 1.451242 -1.243035
v -0.785590 1.414348 -1.243035
v -0.696514 1.312103 -1.757505
v -0.696032 1.298284 -1.780867
v -0.649620 1.290470 -1.753402
v -0.657976 1.280730 -1.777536
v -0.631392 1.242738 -1.751804
v -0.643182 1.241992 -1.776237
v -0.646805 1.195250 -1.753151
v -0.655690 1.203453 -1.777333
v -0.688585 1.168588 -1.756806
v -0.689597 1.181814 -1.780299
v -0.720949 1.291729 -1.483557
v -0.718661 1.312103 -1.504348
v -0.687086 1.276108 -1.480595
v -0.671770 1.290470 -1.500245
v -0.673923 1.241637 -1.479414
v -0.653543 1.242738 -1.498608
v -0.685053 1.207345 -1.480387
v -0.668954 1.195250 -1.499957
v -0.715227 1.188089 -1.483027
v -0.710739 1.168590 -1.503613
v 0.859761 1.195247 -0.409834
v 0.875795 1.301407 -0.572744
v 0.819030 1.158354 -0.409832
v 0.834190 1.262045 -0.568395
v 0.889646 1.388869 -0.780023
v 0.848931 1.351754 -0.779187
v 0.876464 1.431442 -1.006707
v 0.835733 1.394549 -1.006707
v 0.826320 1.451242 -1.243035
v 0.785589 1.414348 -1.243035
v -0.175753 0.662856 -0.636016
v -0.118394 0.650301 -0.618687
v -0.059406 0.732800 -0.656636
v -0.696514 1.312103 -1.757505
v -0.649620 1.290470 -1.753402
v -0.718661 1.312103 -1.504348
v -0.671770 1.290470 -1.500245
v -0.653543 1.242738 -1.498608
v -0.631392 1.242738 -1.751804
v -0.646805 1.195250 -1.753151
v -0.668954 1.195250 -1.499957
v -0.688585 1.168588 -1.756806
v -0.710739 1.168590 -1.503613
v -0.059406 0.732800 -0.656636
v -0.095437 0.766555 -0.708073
v -0.175753 0.662856 -0.636016
v 0.709998 1.852035 0.583096
v 0.886305 1.747733 0.618584
v 0.563366 1.859179 0.811189
v 0.802344 1.700354 0.851421
v 0.901641 1.615530 0.764151
v 0.957093 1.664919 0.594484
v 0.978067 1.537411 0.767797
v 0.984335 1.631187 0.571980
v 1.032746 1.497418 0.674913
v 0.999914 1.584718 0.548621
v -0.717307 1.158518 -0.810366
v -0.728682 1.123537 -0.840484
v -0.717309 1.174537 -0.840473
v -0.717313 1.158756 -0.870581
v -0.728680 1.119119 -0.877891
v -0.740045 1.089982 -0.866826
v -0.740053 1.078243 -0.840497
v -0.740058 1.089955 -0.814801
v -0.728684 1.118987 -0.803081
v -0.345502 0.584380 2.991555
v -0.304478 0.732648 3.019539
v -0.304508 0.720075 3.031693
v -0.244266 0.844532 3.076499
v -0.243763 0.846150 3.062116
v -0.148647 0.952776 3.090215
v -0.149622 0.962116 3.106826
v -0.074767 1.026058 3.068784
v -0.075424 1.036307 3.085605
v 0.000000 1.084966 3.038913
v 0.000000 1.096358 3.055773
v 0.075425 1.036307 3.085605
v 0.074767 1.026058 3.068784
v 0.149622 0.962116 3.106826
v 0.148647 0.952776 3.090215
v 0.244265 0.844532 3.076499
v 0.243762 0.846148 3.062116
v 0.304479 0.732648 3.019539
v 0.304507 0.720075 3.031693
v 0.345501 0.584380 2.991555
v -0.587815 1.032388 -1.146686
v -0.492820 1.053414 -1.167955
v -0.553942 1.031458 -1.201312
v -0.472044 1.021909 -1.287494
v -0.420569 1.046144 -1.200780
v -0.355462 0.991907 -1.316523
v -0.279321 1.047253 -1.260253
v -0.201864 0.901716 -1.326855
v -0.176357 1.046668 -1.285067
v 0.000000 1.035594 -1.301601
v 0.000000 0.884762 -1.330443
v 0.201863 0.901717 -1.326855
v 0.176357 1.046668 -1.285067
v 0.279320 1.047253 -1.260253
v 0.355463 0.991907 -1.316523
v 0.420570 1.046144 -1.200781
v 0.472044 1.021909 -1.287494
v 0.492821 1.053414 -1.167956
v 0.553941 1.031458 -1.201312
v 0.587814 1.032388 -1.146686
v -0.740022 1.090289 -0.960209
v -0.728668 1.123870 -0.985754
v -0.728670 1.119321 -0.948486
v -0.717320 1.158852 -0.955792
v -0.717322 1.174871 -0.985748
v -0.717326 1.159088 -1.015708
v -0.728666 1.119452 -1.023023
v -0.740007 1.090315 -1.011938
v -0.740014 1.078579 -0.985757
v 0.384048 0.743203 2.821800
v 0.332177 0.907725 2.828068
v 0.331992 0.918435 2.815304
v 0.267615 1.049259 2.848585
v 0.267615 1.048110 2.833364
v 0.168836 1.170914 2.836964
v 0.168653 1.183921 2.854643
v 0.087125 1.238667 2.823801
v 0.086959 1.251863 2.841403
v 0.000000 1.295634 2.800369
v 0.000000 1.308922 2.817914
v -0.086959 1.251863 2.841403
v -0.087125 1.238667 2.823801
v -0.168653 1.183921 2.854643
v -0.168835 1.170914 2.836964
v -0.267616 1.049259 2.848585
v -0.267614 1.048110 2.833364
v -0.331992 0.918435 2.815304
v -0.332176 0.907725 2.828068
v -0.384048 0.743203 2.821800
v -0.185019 0.649858 -0.445164
v -0.122589 0.660365 -0.486682
v -0.118394 0.650301 -0.618687
v 0.717307 1.158518 -0.810364
v 0.728682 1.123537 -0.840484
v 0.728683 1.118986 -0.803082
v 0.740060 1.089953 -0.814801
v 0.740052 1.078243 -0.840498
v 0.740045 1.089982 -0.866827
v 0.728680 1.119119 -0.877891
v 0.717312 1.158756 -0.870581
v 0.717310 1.174537 -0.840473
v 0.740022 1.090289 -0.960210
v 0.728668 1.123870 -0.985752
v 0.740014 1.078579 -0.985758
v 0.740009 1.090315 -1.011938
v 0.728666 1.119452 -1.023023
v 0.717326 1.159088 -1.015708
v 0.717324 1.174871 -0.985748
v 0.717320 1.158852 -0.955790
v 0.728670 1.119321 -0.948484
v 0.365457 0.928175 -1.200550
v 0.364082 0.918225 -1.095223
v 0.365263 0.974366 -1.184422
v 0.364272 0.976152 -1.102764
v 0.364082 1.026824 -1.048944
v 0.364255 1.028727 -1.102180
v 0.365457 1.037097 -1.190642
v 0.365282 1.028590 -1.182462
v -0.118394 0.650301 -0.618687
v -0.175753 0.662856 -0.636016
v -0.185019 0.649858 -0.445164
v -0.365261 0.974366 -1.184422
v -0.364272 0.976152 -1.102764
v -0.364082 0.918225 -1.095223
v -0.364082 1.026824 -1.048944
v -0.364255 1.028727 -1.102180
v -0.365457 1.037097 -1.190642
v -0.365282 1.028590 -1.182462
v -0.365457 0.928175 -1.200550
v -0.270018 0.002078 1.060479
v -0.202718 0.001674 0.925544
v -0.270125 0.038609 1.060311
v -0.202831 0.040149 0.925367
v -0.187792 0.049141 0.908064
v -0.187654 0.001622 0.908283
v -0.178527 0.001614 0.904273
v -0.174556 0.058713 0.902707
v -0.388576 0.959613 2.552014
v -0.353937 1.110394 2.551043
v -0.446215 0.979877 2.556701
v -0.387898 1.106454 2.570893
v -0.309598 1.247744 2.591448
v -0.292514 1.242786 2.572474
v -0.196691 1.368304 2.579427
v -0.196897 1.382163 2.597525
v -0.100948 1.430009 2.565407
v -0.101220 1.444022 2.583504
v 0.000000 1.480842 2.541175
v 0.000000 1.495181 2.559196
v 0.101220 1.444022 2.583504
v 0.100948 1.430009 2.565407
v 0.196897 1.382163 2.597525
v 0.196692 1.368304 2.579427
v 0.309597 1.247744 2.591448
v 0.292515 1.242786 2.572474
v 0.353936 1.110394 2.551043
v 0.387897 1.106454 2.570893
v 0.446214 0.979877 2.556701
v 0.388575 0.959611 2.552014
v -0.704239 1.968817 -0.740510
v -0.704237 1.957311 -0.325553
v -0.651796 1.968456 -0.325553
v -0.651798 1.979962 -0.740510
v -0.704239 1.954987 -0.994875
v -0.651798 1.960359 -1.025168
v -0.711542 1.926450 -1.064561
v -0.659296 1.931080 -1.092464
v -0.728596 1.685374 -1.322299
v -0.720098 1.710772 -1.351011
v -0.737725 1.661438 -1.383264
v -0.716040 1.705457 -1.389477
v -0.730608 1.765994 -1.327722
v -0.668457 1.986420 -1.092464
v -0.734128 1.733556 -1.395258
v -0.660959 2.015681 -1.025166
v -0.660959 2.035283 -0.740510
v -0.660957 2.023796 -0.325553
v 0.156272 0.135070 0.931791
v 0.156916 0.162582 0.976821
v 0.122258 0.134891 0.932290
v 0.122902 0.162403 0.977320
v 0.180030 0.300504 1.132602
v 0.145730 0.284813 1.112556
v -0.133454 0.298856 1.137203
v -0.099726 0.283525 1.116160
v -0.895104 1.002691 0.107860
v -0.885151 0.897750 0.123332
v -0.861317 0.874389 0.117760
v -0.874260 0.990200 0.099342
v -0.862144 1.041814 0.104108
v -0.887549 1.055562 0.114012
v -0.867924 1.190175 -0.010298
v -0.893811 1.213529 -0.013095
v -0.847841 1.314951 -0.171478
v -0.873730 1.338302 -0.174275
v -0.839029 1.413259 -0.349207
v -0.864916 1.436612 -0.352004
v -0.863245 1.492049 -0.473330
v -0.837371 1.468561 -0.470253
v -0.841467 1.520062 -0.477932
v -0.814645 1.492002 -0.479290
v -0.838074 1.531662 -0.505374
v -0.811252 1.503601 -0.506730
v -0.853669 1.509962 -0.534190
v -0.827778 1.486645 -0.531531
v -0.850638 1.565197 -0.727466
v -0.824751 1.541844 -0.724670
v -0.835284 1.595883 -0.949848
v -0.809379 1.572551 -0.947252
v -0.797717 1.586882 -1.185257
v -0.823614 1.610224 -1.187948
v -0.797180 1.583390 -1.424422
v -0.823067 1.606746 -1.427205
v -0.787634 1.560045 -1.639494
v -0.761747 1.536693 -1.636698
v 0.794103 1.472999 1.404397
v 0.860523 1.481012 1.208962
v 0.771057 1.428598 1.413327
v 0.840962 1.436197 1.207896
v 0.914221 1.440812 1.015051
v 0.889403 1.383312 1.022617
v 0.996024 1.352441 0.968159
v 0.966222 1.320335 0.989687
v 1.104449 1.186552 0.887414
v 1.045878 1.230445 0.936593
v 1.097621 1.160431 0.908694
v 1.154021 1.115539 0.887139
v 1.144423 1.089544 0.901671
v 0.132972 0.231593 0.914590
v 0.144553 0.362142 1.052690
v 0.116399 0.234092 0.914606
v 0.127836 0.353755 1.041844
v -0.100903 0.360853 1.056292
v -0.086050 0.352631 1.044984
v -0.794103 1.472999 1.404397
v -0.771056 1.428598 1.413327
v -0.860523 1.481012 1.208961
v -0.840962 1.436197 1.207896
v -0.914221 1.440812 1.015051
v -0.889402 1.383312 1.022617
v -0.996023 1.352441 0.968157
v -0.966223 1.320335 0.989686
v -1.104448 1.186552 0.887414
v -1.045877 1.230445 0.936593
v -1.097623 1.160433 0.908695
v -1.154020 1.115541 0.887138
v -1.144423 1.089546 0.901669
v -0.681055 1.703714 -1.639496
v -0.716488 1.750413 -1.427207
v -0.787634 1.560045 -1.639494
v -0.823067 1.606746 -1.427205
v -0.718890 1.751122 -1.186000
v -0.823614 1.610224 -1.187948
v -0.835284 1.595883 -0.949848
v -0.728112 1.741037 -0.942295
v -0.745914 1.705678 -0.693170
v -0.850638 1.565197 -0.727466
v -0.758963 1.633319 -0.444903
v -0.838074 1.531662 -0.505374
v -0.841467 1.520062 -0.477932
v -0.753269 1.555741 -0.248208
v -0.863245 1.492049 -0.473330
v -0.864916 1.436612 -0.352004
v -0.873730 1.338302 -0.174275
v -0.762651 1.454357 -0.065838
v -0.893811 1.213529 -0.013095
v -0.783302 1.326507 0.099985
v -0.853669 1.509962 -0.534190
v -0.887549 1.055562 0.114012
v -0.774240 1.162389 0.236376
v -0.752860 0.888778 0.395777
v -0.861085 0.877666 0.188265
v -0.885151 0.897750 0.123332
v -0.895104 1.002691 0.107860
v 0.918279 1.474859 0.548596
v 0.999914 1.584718 0.548621
v 0.898695 1.489661 0.562196
v 0.953778 1.579064 0.546036
v 0.984335 1.631187 0.571980
v 0.928752 1.611089 0.568665
v 0.957093 1.664919 0.594484
v 0.886305 1.747733 0.618584
v 0.856020 1.682736 0.604056
v 0.709998 1.852035 0.583096
v 0.669198 1.840180 0.550337
v 0.664287 1.727978 0.542249
v 0.582738 1.768280 0.516059
v 0.587752 1.717264 0.508117
v -0.022200 0.125034 1.321470
v -0.017959 0.126928 1.586838
v -0.021366 0.073052 1.352308
v -0.017613 0.074763 1.587212
v -0.006552 0.119074 1.684389
v -0.006325 0.085026 1.684633
v -0.918279 1.474859 0.548596
v -0.898695 1.489661 0.562196
v -0.999913 1.584718 0.548621
v -0.953778 1.579064 0.546036
v -0.984334 1.631187 0.571980
v -0.928752 1.611091 0.568666
v -0.957093 1.664920 0.594484
v -0.886305 1.747733 0.618584
v -0.856019 1.682736 0.604057
v -0.709997 1.852035 0.583096
v -0.669198 1.840180 0.550337
v -0.664287 1.727980 0.542249
v -0.582737 1.768280 0.516059
v -0.587751 1.717264 0.508117
v 0.571218 1.580459 1.498734
v 0.578821 1.652711 1.219167
v 0.616342 1.586526 1.494057
v 0.613142 1.658777 1.216866
v 0.546771 1.681669 1.091879
v 0.586346 1.695509 1.091626
v 0.426354 1.798455 0.990156
v 0.441800 1.855485 0.968279
v 0.338178 1.893865 0.956365
v 0.351608 1.934737 0.933446
v 0.237830 1.979371 0.922576
v 0.250428 2.009661 0.901002
v 0.118483 2.062220 0.906955
v 0.133761 2.083384 0.889018
v 0.000000 2.087937 0.885570
v 0.000000 2.064925 0.905490
v -0.118483 2.062219 0.906955
v -0.133761 2.083384 0.889018
v -0.250427 2.009661 0.901002
v -0.237830 1.979371 0.922574
v -0.351608 1.934737 0.933446
v -0.338177 1.893865 0.956365
v -0.441800 1.855485 0.968279
v -0.426354 1.798455 0.990156
v -0.586345 1.695509 1.091626
v -0.546771 1.681669 1.091879
v -0.613141 1.658777 1.216866
v -0.578821 1.652711 1.219168
v -0.616341 1.586526 1.494057
v -0.571218 1.580459 1.498734
v -0.741607 1.199236 -0.985738
v -0.717326 1.159088 -1.015708
v -0.741611 1.180898 -1.022943
v -0.755695 1.127771 -1.032024
v -0.728666 1.119452 -1.023023
v -0.740007 1.090315 -1.011938
v -0.769778 1.085143 -1.019173
v -0.769786 1.072787 -0.985748
v -0.740014 1.078579 -0.985757
v -0.740022 1.090289 -0.960209
v -0.769795 1.085109 -0.952957
v -0.755698 1.127608 -0.939458
v -0.728670 1.119321 -0.948486
v -0.717320 1.158852 -0.955792
v -0.741603 1.180605 -0.948534
v -0.717322 1.174871 -0.985748
v -0.099726 0.283525 1.116160
v -0.133454 0.298856 1.137203
v -0.080554 0.161334 0.980307
v -0.114568 0.161155 0.980806
v -0.081199 0.133822 0.935277
v -0.115212 0.133643 0.935776
v -0.132081 0.200612 1.205524
v 0.181402 0.202258 1.200923
v -0.152639 0.206148 1.227628
v 0.202627 0.208013 1.222412
v 0.177991 0.138853 0.983748
v 0.157099 0.138743 0.984052
v 0.144712 0.129059 0.744619
v 0.122310 0.117096 0.932381
v 0.122258 0.134891 0.932290
v 0.146626 0.186943 0.737037
v 0.132972 0.231593 0.914590
v 0.122902 0.162403 0.977320
v 0.145730 0.284813 1.112556
v 0.144553 0.362142 1.052690
v -0.109624 0.127723 0.748353
v -0.112107 0.185584 0.740833
v -0.094246 0.230400 0.917926
v -0.081147 0.116027 0.935368
v -0.081199 0.133822 0.935277
v -0.080554 0.161334 0.980307
v -0.099726 0.283525 1.116160
v -0.100903 0.360853 1.056292
v -0.755708 1.127286 -0.794021
v -0.717307 1.158518 -0.810366
v -0.741580 1.180285 -0.803070
v -0.741584 1.198916 -0.840459
v -0.717309 1.174537 -0.840473
v -0.717313 1.158756 -0.870581
v -0.741588 1.180578 -0.877851
v -0.755704 1.127450 -0.886926
v -0.728680 1.119119 -0.877891
v -0.740045 1.089982 -0.866826
v -0.769820 1.084819 -0.874100
v -0.769828 1.072466 -0.840490
v -0.740053 1.078243 -0.840497
v -0.740058 1.089955 -0.814801
v -0.769837 1.084785 -0.807512
v -0.728684 1.118987 -0.803081
v 0.216324 0.003681 0.897234
v 0.236030 0.004812 1.065708
v 0.229751 0.003815 0.902155
v 0.245360 0.004029 0.918968
v 0.316950 0.005163 1.051863
v -0.270018 0.002078 1.060479
v -0.188692 0.002580 1.071943
v -0.202718 0.001674 0.925544
v -0.187654 0.001622 0.908283
v -0.178527 0.001614 0.904273
v -0.115161 0.115849 0.935867
v -0.115212 0.133643 0.935776
v -0.114568 0.161155 0.980806
v -0.133454 0.298856 1.137203
v -0.132081 0.200612 1.205524
v -0.114385 0.137317 0.988040
v -0.114368 0.118419 0.987853
v 0.741607 1.199234 -0.985739
v 0.717320 1.158852 -0.955790
v 0.741603 1.180605 -0.948534
v 0.755700 1.127608 -0.939458
v 0.728670 1.119321 -0.948484
v 0.740022 1.090289 -0.960210
v 0.769795 1.085109 -0.952957
v 0.769786 1.072787 -0.985748
v 0.740014 1.078579 -0.985758
v 0.740009 1.090315 -1.011938
v 0.769778 1.085143 -1.019171
v 0.755694 1.127771 -1.032024
v 0.728666 1.119452 -1.023023
v 0.717326 1.159088 -1.015708
v 0.741611 1.180898 -1.022943
v 0.717324 1.174871 -0.985748
v 0.129388 0.242727 1.119086
v -0.084499 0.241603 1.122226
v 0.106845 0.098376 0.997770
v -0.065042 0.097473 1.000294
v -0.090395 0.054161 0.818660
v 0.128161 0.055309 0.815454
v -0.065042 0.097473 1.000294
v 0.106845 0.098376 0.997770
v -0.091878 0.188005 0.749717
v 0.126678 0.189153 0.746508
v -0.090395 0.054161 0.818660
v 0.128161 0.055309 0.815454
v 0.126678 0.189153 0.746508
v 0.116399 0.234092 0.914606
v 0.128161 0.055309 0.815454
v 0.106845 0.098376 0.997770
v -0.112107 0.185584 0.740833
v 0.146626 0.186943 0.737037
v -0.091878 0.188005 0.749717
v 0.126678 0.189153 0.746508
v 0.146626 0.186943 0.737037
v 0.132972 0.231593 0.914590
v 0.126678 0.189153 0.746508
v 0.116399 0.234092 0.914606
v -0.086050 0.352631 1.044984
v -0.079249 0.233063 0.917478
v -0.084499 0.241603 1.122226
v -0.065042 0.097473 1.000294
v 0.127836 0.353755 1.041844
v -0.086050 0.352631 1.044984
v 0.129388 0.242727 1.119086
v -0.084499 0.241603 1.122226
v -0.086050 0.352631 1.044984
v -0.100903 0.360853 1.056292
v -0.079249 0.233063 0.917478
v -0.094246 0.230400 0.917926
v -0.112107 0.185584 0.740833
v -0.091878 0.188005 0.749717
v 0.769828 1.072466 -0.840490
v 0.740045 1.089982 -0.866827
v 0.769820 1.084819 -0.874100
v 0.755704 1.127450 -0.886926
v 0.728680 1.119119 -0.877891
v 0.717312 1.158756 -0.870581
v 0.741588 1.180578 -0.877849
v 0.741584 1.198916 -0.840459
v 0.717310 1.174537 -0.840473
v 0.717307 1.158518 -0.810364
v 0.741580 1.180285 -0.803070
v 0.755710 1.127286 -0.794021
v 0.728683 1.118986 -0.803082
v 0.740060 1.089953 -0.814801
v 0.769837 1.084785 -0.807513
v 0.740052 1.078243 -0.840498
v 0.145730 0.284813 1.112556
v -0.099726 0.283525 1.116160
v 0.144553 0.362142 1.052690
v -0.100903 0.360853 1.056292
v -0.109624 0.127723 0.748353
v 0.144712 0.129059 0.744619
v -0.112107 0.185584 0.740833
v 0.146626 0.186943 0.737037
v -0.081199 0.133822 0.935277
v -0.115212 0.133643 0.935776
v -0.081147 0.116027 0.935368
v -0.115161 0.115849 0.935867
v -0.114385 0.137317 0.988040
v -0.132081 0.200612 1.205524
v -0.135276 0.137208 0.988344
v -0.152639 0.206148 1.227628
v 0.180030 0.300504 1.132602
v 0.181402 0.202258 1.200923
v -0.133454 0.298856 1.137203
v -0.132081 0.200612 1.205524
v 0.202627 0.208013 1.222412
v 0.203650 0.130089 1.270465
v -0.152639 0.206148 1.227628
v -0.151683 0.128223 1.275681
v -0.157445 -0.000590 0.702930
v 0.192984 0.001250 0.697664
v -0.157714 0.092424 0.702503
v 0.192714 0.094264 0.697237
v 0.156323 0.117275 0.931882
v 0.156272 0.135070 0.931791
v 0.122310 0.117096 0.932381
v 0.122258 0.134891 0.932290
v 0.157183 0.119845 0.983868
v 0.178075 0.119955 0.983561
v 0.157099 0.138743 0.984052
v 0.177991 0.138853 0.983748
v 0.178075 0.119955 0.983561
v 0.203650 0.130089 1.270465
v 0.177991 0.138853 0.983748
v 0.202627 0.208013 1.222412
v -0.135276 0.137208 0.988344
v -0.135260 0.118309 0.988160
v -0.114385 0.137317 0.988040
v -0.114368 0.118419 0.987853
v -0.152639 0.206148 1.227628
v -0.151683 0.128223 1.275681
v -0.135276 0.137208 0.988344
v -0.135260 0.118309 0.988160
v -0.188692 0.002580 1.071943
v -0.270018 0.002078 1.060479
v -0.188919 0.080849 1.071583
v -0.270125 0.038609 1.060311
v -0.143714 0.106819 0.716034
v -0.157714 0.092424 0.702503
v 0.177866 0.108508 0.711313
v 0.192714 0.094264 0.697237
v -0.091878 0.188005 0.749717
v -0.090395 0.054161 0.818660
v -0.065042 0.097473 1.000294
v 0.152440 0.651082 0.595867
v 0.209796 0.663817 0.613046
v 0.218222 0.650990 0.422359
v -0.065042 0.097473 1.000294
v -0.079249 0.233063 0.917478
v -0.091878 0.188005 0.749717
v 0.218222 0.650990 0.422359
v 0.156009 0.661241 0.464025
v 0.152440 0.651082 0.595867
v 0.127836 0.353755 1.041844
v 0.129388 0.242727 1.119086
v 0.106845 0.098376 0.997770
v 0.093482 0.733279 0.634136
v 0.129635 0.767096 0.685493
v 0.209796 0.663817 0.613046
v 0.106845 0.098376 0.997770
v 0.116399 0.234092 0.914606
v 0.127836 0.353755 1.041844
v 0.209796 0.663817 0.613046
v 0.152440 0.651082 0.595867
v 0.093482 0.733279 0.634136
v -0.162515 0.059490 1.774273
v -0.159526 0.053408 1.959654
v -0.161050 0.111195 1.874730
v -0.118106 0.649800 0.596421
v -0.175403 0.661994 0.613835
v -0.095228 0.766031 0.685954
v 0.233837 0.055474 1.953882
v 0.230848 0.061556 1.768499
v 0.232313 0.113261 1.868955
v -0.095228 0.766031 0.685954
v -0.059268 0.732555 0.634449
v -0.118106 0.649800 0.596421
v 0.157251 0.600511 0.544346
v -0.139812 0.596198 0.550678
v 0.120097 0.331792 0.745087
v -0.087132 0.328784 0.749505
v 0.113976 0.188176 0.777924
v -0.076065 0.185416 0.781974
v 0.118804 0.336682 1.022127
v -0.073421 0.333889 1.026227
v 0.103714 0.422559 0.907873
v -0.065596 0.420100 0.911483
v 0.095270 0.675919 0.719955
v -0.071786 0.673494 0.723515
v 0.113976 0.188176 0.777924
v -0.076065 0.185416 0.781974
v 0.129243 0.127083 0.877633
v -0.085324 0.123967 0.882207
v -0.073421 0.333889 1.026227
v 0.118804 0.336682 1.022127
v -0.070944 0.202597 1.065542
v 0.121280 0.205388 1.061443
v -0.073421 0.333889 1.026227
v -0.070944 0.202597 1.065542
v -0.058701 0.135327 0.985542
v -0.122613 0.659921 0.464597
v -0.185057 0.649079 0.423186
v -0.175403 0.661994 0.613835
v -0.070908 0.232340 0.917444
v -0.058701 0.135327 0.985542
v -0.085324 0.123967 0.882207
v -0.175403 0.661994 0.613835
v -0.118106 0.649800 0.596421
v -0.122613 0.659921 0.464597
v -0.085324 0.123967 0.882207
v -0.076065 0.185416 0.781974
v -0.070908 0.232340 0.917444
v 0.142716 1.026083 0.310018
v 0.152440 0.651082 0.595867
v 0.156009 0.661241 0.464025
v 0.113823 0.235024 0.913506
v 0.107058 0.137734 0.982008
v 0.121280 0.205388 1.061443
v 0.156009 0.661241 0.464025
v 0.155412 1.002196 0.234820
v 0.142716 1.026083 0.310018
v 0.121280 0.205388 1.061443
v 0.118804 0.336682 1.022127
v 0.113823 0.235024 0.913506
v 0.094675 1.060767 0.386265
v 0.093482 0.733279 0.634136
v 0.152440 0.651082 0.595867
v 0.113976 0.188176 0.777924
v 0.129243 0.127083 0.877633
v 0.107058 0.137734 0.982008
v 0.152440 0.651082 0.595867
v 0.142716 1.026083 0.310018
v 0.094675 1.060767 0.386265
v 0.095270 0.675919 0.719955
v 0.150860 0.639358 0.642745
v 0.103714 0.422559 0.907873
v 0.121476 0.363335 0.830172
v 0.157251 0.600511 0.544346
v 0.120097 0.331792 0.745087
v 0.113823 0.235024 0.913506
v 0.118804 0.336682 1.022127
v 0.113976 0.188176 0.777924
v 0.107058 0.137734 0.982008
v 0.113823 0.235024 0.913506
v 0.201425 0.484670 0.578825
v 0.193030 0.491641 0.744735
v 0.184234 0.898389 0.294982
v 0.175732 0.936847 0.416679
v 0.122834 0.580736 0.805377
v 0.097068 0.973036 0.493555
v -0.112033 1.024877 0.310540
v -0.118106 0.649800 0.596421
v -0.059268 0.732555 0.634449
v -0.164753 0.480824 0.582094
v -0.160057 0.894773 0.298056
v -0.153070 0.488006 0.747827
v -0.149682 0.933429 0.419584
v -0.083090 0.578573 0.807215
v -0.070052 0.971281 0.495047
v 0.176289 0.493591 0.600578
v -0.139322 0.490277 0.603397
v 0.171175 0.820587 0.358969
v -0.144436 0.817272 0.361786
v -0.139322 0.490277 0.603397
v -0.130254 0.485127 0.740313
v -0.144436 0.817272 0.361786
v -0.136110 0.853756 0.459037
v -0.130254 0.485127 0.740313
v -0.070769 0.569517 0.785574
v -0.136110 0.853756 0.459037
v -0.075883 0.896512 0.543965
v -0.070769 0.569517 0.785574
v 0.110219 0.571418 0.783959
v -0.075883 0.896512 0.543965
v 0.105105 0.898413 0.542348
v 0.110219 0.571418 0.783959
v 0.170115 0.488282 0.737631
v 0.105105 0.898413 0.542348
v 0.164259 0.856911 0.456354
v 0.170115 0.488282 0.737631
v 0.176289 0.493591 0.600578
v 0.164259 0.856911 0.456354
v 0.171175 0.820587 0.358969
v 0.201425 0.484670 0.578825
v -0.164753 0.480824 0.582094
v 0.176289 0.493591 0.600578
v -0.139322 0.490277 0.603397
v -0.083090 0.578573 0.807215
v 0.122834 0.580736 0.805377
v -0.070769 0.569517 0.785574
v 0.110219 0.571418 0.783959
v 0.122834 0.580736 0.805377
v -0.083090 0.578573 0.807215
v 0.097068 0.973036 0.493555
v -0.070052 0.971281 0.495047
v -0.160057 0.894773 0.298056
v -0.164753 0.480824 0.582094
v 0.184234 0.898389 0.294982
v 0.201425 0.484670 0.578825
v -0.153070 0.488006 0.747827
v -0.130254 0.485127 0.740313
v -0.139322 0.490277 0.603397
v -0.059268 0.732555 0.634449
v -0.063638 1.060016 0.386589
v -0.112033 1.024877 0.310540
v -0.139322 0.490277 0.603397
v -0.164753 0.480824 0.582094
v -0.153070 0.488006 0.747827
v -0.125127 1.000868 0.235395
v -0.122613 0.659921 0.464597
v -0.118106 0.649800 0.596421
v -0.083090 0.578573 0.807215
v -0.070769 0.569517 0.785574
v -0.130254 0.485127 0.740313
v -0.118106 0.649800 0.596421
v -0.112033 1.024877 0.310540
v -0.125127 1.000868 0.235395
v -0.130254 0.485127 0.740313
v -0.153070 0.488006 0.747827
v -0.083090 0.578573 0.807215
v -0.177078 1.073106 0.129518
v -0.185057 0.649079 0.423186
v 0.206315 1.074921 0.128732
v 0.218222 0.650990 0.422359
v 0.129635 0.767096 0.685493
v -0.095228 0.766031 0.685954
v 0.110809 1.179610 0.367166
v -0.080445 1.178704 0.367558
v -0.095228 0.766031 0.685954
v 0.129635 0.767096 0.685493
v -0.059268 0.732555 0.634449
v 0.093482 0.733279 0.634136
v 0.218222 0.650990 0.422359
v -0.185057 0.649079 0.423186
v 0.156009 0.661241 0.464025
v -0.122613 0.659921 0.464597
v -0.059268 0.732555 0.634449
v 0.093482 0.733279 0.634136
v -0.063638 1.060016 0.386589
v 0.094675 1.060767 0.386265
v 0.156009 0.661241 0.464025
v -0.122613 0.659921 0.464597
v 0.155412 1.002196 0.234820
v -0.125127 1.000868 0.235395
v 0.218222 0.650990 0.422359
v 0.209796 0.663817 0.613046
v 0.206315 1.074921 0.128732
v 0.205637 1.132700 0.278046
v 0.129635 0.767096 0.685493
v 0.110809 1.179610 0.367166
v 0.193030 0.491641 0.744735
v 0.170115 0.488282 0.737631
v 0.110219 0.571418 0.783959
v -0.185057 0.649079 0.423186
v -0.177078 1.073106 0.129518
v -0.175403 0.661994 0.613835
v -0.175656 1.130894 0.278829
v -0.095228 0.766031 0.685954
v -0.080445 1.178704 0.367558
v 0.170115 0.488282 0.737631
v 0.193030 0.491641 0.744735
v 0.201425 0.484670 0.578825
v 0.110219 0.571418 0.783959
v 0.122834 0.580736 0.805377
v 0.193030 0.491641 0.744735
v 0.201425 0.484670 0.578825
v 0.176289 0.493591 0.600578
v 0.170115 0.488282 0.737631
v -0.560363 2.015414 -0.567678
v -0.547987 2.024691 -0.691374
v -0.567174 2.046218 -0.681910
v -0.565474 1.876471 0.017855
v -0.566777 1.889813 0.006575
v -0.560512 1.928203 -0.004078
v -0.576053 1.809213 0.317628
v -0.546078 1.973752 -0.013614
v -0.631881 1.329410 -0.913089
v -0.631875 1.329978 -1.058374
v -0.670524 1.543336 -0.891159
v -0.631889 1.328842 -0.767806
v -0.659703 1.522615 -0.680719
v -0.664455 1.697448 -0.856579
v -0.676359 1.672125 -0.612764
v -0.652552 1.722774 -1.100395
v -0.681344 1.564056 -1.101600
v -0.603007 1.481741 -1.624239
v -0.579625 1.383108 -1.703506
v -0.560522 1.518782 -2.079879
v -0.466708 1.469435 -2.101863
v -0.471608 1.265450 -1.782773
v -0.579991 1.603877 -1.698765
v -0.603289 1.766752 -1.270595
v -0.628016 1.803231 -1.257441
v -0.608581 1.899022 -1.105125
v -0.616374 1.671628 -1.663255
v -0.553942 1.031458 -1.201312
v -0.472044 1.021909 -1.287494
v -0.587815 1.032388 -1.146686
v -0.592598 1.037029 -1.100713
v -0.589114 0.976676 -1.058374
v -0.601481 1.599312 -2.132324
v -0.627700 1.572459 -2.097957
v -0.585104 1.581449 -2.105120
v -0.579764 1.563245 -2.110226
v -0.580079 1.585234 -2.166194
v -0.563330 1.563245 -2.110226
v -0.563644 1.585234 -2.166194
v -0.580138 1.645183 -2.176081
v -0.563701 1.645183 -2.176081
v -0.580214 1.693341 -2.122665
v -0.563779 1.693341 -2.122665
v -0.580195 1.667294 -2.054199
v -0.563758 1.667294 -2.054199
v -0.710912 1.580498 -2.019452
v -0.660243 1.586800 -2.118150
v -0.733591 1.607626 -2.019471
v -0.676628 1.617707 -2.123313
v -0.720574 1.649507 -2.019452
v -0.668354 1.653334 -2.099100
v -0.609694 1.631684 -2.139982
v -0.605583 1.666172 -2.113674
v -0.587020 1.646777 -2.072602
v -0.631245 1.637681 -2.064658
v -0.667632 1.646977 -2.019452
v -0.787000 1.736528 -1.393559
v -0.800014 1.696187 -1.382099
v -0.777290 1.669645 -1.376831
v -0.737725 1.661438 -1.383264
v -0.671021 1.574010 -2.025739
v -0.734128 1.733556 -1.395258
v -0.659703 1.522615 -0.680719
v -0.676359 1.672125 -0.612764
v -0.631182 1.468001 -0.126077
v -0.637634 1.609603 -0.247202
v -0.621163 1.551440 0.006668
v -0.631889 1.328842 -0.767806
v -0.647988 1.303283 -0.205144
v -0.655023 1.468001 0.317628
v -0.617372 1.560328 0.017861
v -0.571369 1.637485 0.317628
v -0.586536 1.010997 -0.584170
v -0.599245 0.970497 -0.767804
v -0.576116 1.053667 -0.367189
v -0.564055 1.026444 -0.243541
v -0.641175 1.265200 0.311532
v -0.677597 1.241128 0.452647
v -0.745710 1.471091 0.452647
v -0.726544 1.209243 0.562194
v -0.791232 1.433202 0.562196
v -0.692732 0.975554 0.567389
v -0.573624 1.055572 0.311532
v -0.483253 0.892936 -0.239525
v -0.479050 0.848891 0.306890
v -0.469893 0.847468 -0.235765
v -0.473762 0.922506 0.626400
v -0.365482 1.250341 -1.785137
v -0.355462 0.991907 -1.316523
v -0.302048 1.354278 -1.804172
v 0.174194 2.014423 -2.475033
v 0.135116 2.028425 -2.475395
v 0.149268 2.084641 -2.163261
v 0.186489 2.070544 -2.162118
v 0.338793 2.121084 -1.982172
v 0.305112 2.145849 -1.983524
v 0.314043 2.174691 -1.704093
v 0.348607 2.150936 -1.702523
v 0.552974 1.623312 -2.226736
v 0.535232 1.616964 -2.230184
v 0.550767 1.680511 -2.371001
v 0.567701 1.689377 -2.368258
v 0.494806 1.732615 -2.490845
v 0.511300 1.741987 -2.488273
v 0.559024 1.822041 -1.643516
v 0.577340 1.829594 -1.641943
v 0.569244 1.847663 -1.862753
v 0.546519 1.842341 -1.863827
v 0.546519 1.842341 -1.863827
v 0.569244 1.847663 -1.862753
v 0.599907 1.740454 -1.650877
v 0.581591 1.732900 -1.652450
v 0.655023 1.468001 0.317628
v 0.647988 1.303283 -0.205144
v 0.641176 1.265200 0.311532
v 0.677597 1.241128 0.452647
v 0.692733 0.975554 0.567389
v 0.726544 1.209243 0.562196
v 0.745710 1.471091 0.452649
v 0.791232 1.433202 0.562196
v 0.571369 1.637485 0.317628
v 0.617374 1.560328 0.017861
v 0.621163 1.551440 0.006668
v 0.631184 1.468001 -0.126077
v 0.659703 1.522613 -0.680719
v 0.631888 1.328842 -0.767807
v 0.676359 1.672123 -0.612764
v 0.637636 1.609601 -0.247202
v 0.599244 0.970497 -0.767805
v 0.586538 1.010997 -0.584170
v 0.576116 1.053667 -0.367189
v 0.564055 1.026443 -0.243541
v 0.573624 1.055572 0.311532
v 0.473762 0.922506 0.626400
v 0.479050 0.848891 0.306890
v 0.483253 0.892936 -0.239525
v 0.469893 0.847468 -0.235765
v 0.664454 1.697448 -0.856580
v 0.652552 1.722774 -1.100395
v 0.670524 1.543336 -0.891159
v 0.659703 1.522613 -0.680719
v 0.631888 1.328842 -0.767807
v 0.631883 1.329410 -0.913089
v 0.676359 1.672123 -0.612764
v 0.608583 1.899022 -1.105125
v 0.628015 1.803231 -1.257441
v 0.603289 1.766750 -1.270595
v 0.681346 1.564056 -1.101601
v 0.631875 1.329978 -1.058374
v 0.471609 1.265448 -1.782773
v 0.579627 1.383108 -1.703506
v 0.466708 1.469435 -2.101863
v 0.560523 1.518782 -2.079879
v 0.603008 1.481741 -1.624239
v 0.579992 1.603877 -1.698765
v 0.616374 1.671628 -1.663255
v 0.592598 1.037029 -1.100713
v 0.589113 0.976674 -1.058374
v 0.587814 1.032388 -1.146686
v 0.553941 1.031458 -1.201312
v 0.472044 1.021909 -1.287494
v 0.000000 1.774940 -2.131695
v 0.000000 1.759123 -2.313432
v 0.000000 1.756692 -2.337283
v 0.585103 1.581449 -2.105120
v 0.627699 1.572459 -2.097957
v 0.601481 1.599310 -2.132324
v 0.579765 1.563245 -2.110226
v 0.580080 1.585234 -2.166194
v 0.563329 1.563245 -2.110226
v 0.563643 1.585234 -2.166194
v 0.580137 1.645183 -2.176082
v 0.563700 1.645183 -2.176082
v 0.580215 1.693341 -2.122665
v 0.563779 1.693341 -2.122665
v 0.580194 1.667294 -2.054200
v 0.563760 1.667294 -2.054200
v 0.605582 1.666172 -2.113674
v 0.609693 1.631682 -2.139982
v 0.668354 1.653332 -2.099101
v 0.676627 1.617707 -2.123313
v 0.720575 1.649505 -2.019453
v 0.733590 1.607626 -2.019471
v 0.660242 1.586798 -2.118150
v 0.710913 1.580498 -2.019453
v 0.587022 1.646777 -2.072602
v 0.631244 1.637681 -2.064658
v 0.667632 1.646977 -2.019453
v 0.786999 1.736528 -1.393559
v 0.800016 1.696187 -1.382099
v 0.777291 1.669645 -1.376831
v 0.737726 1.661436 -1.383264
v 0.671023 1.574010 -2.025739
v 0.734130 1.733554 -1.395258
v -0.355332 1.952397 1.065747
v -0.370898 1.937423 1.187712
v -0.372098 1.930394 1.086176
v -0.419635 1.895837 1.203779
v -0.403117 1.894633 1.286323
v -0.461814 1.836474 1.289373
v -0.465681 1.848422 1.201897
v -0.532215 1.782371 1.242828
v -0.531830 1.805079 1.133725
v -0.610808 1.683285 1.306742
v -0.616081 1.711265 1.158250
v -0.599324 1.587623 1.481420
v -0.613494 1.675632 1.149355
v -0.377317 1.921440 1.270896
v -0.606274 1.624769 1.465816
v -0.340456 1.937842 1.062205
v -0.356021 1.922850 1.184171
v -0.355332 1.952397 1.065747
v -0.370898 1.937423 1.187712
v -0.377317 1.921440 1.270896
v -0.362441 1.906867 1.267353
v -0.386115 1.879037 1.282783
v -0.403117 1.894633 1.286323
v -0.443693 1.825859 1.287131
v -0.461814 1.836474 1.289373
v -0.514095 1.771759 1.240588
v -0.532215 1.782371 1.242828
v -0.584128 1.691958 1.309170
v -0.610808 1.683285 1.306742
v -0.571462 1.627310 1.465867
v -0.606274 1.624769 1.465816
v -0.116320 2.174900 0.595549
v -0.108002 2.204904 0.587881
v -0.129473 2.085708 0.889858
v -0.098363 2.192731 0.923115
v -0.098292 2.238965 0.718865
v -0.096496 2.250529 0.628494
v -0.088290 2.077707 1.162903
v -0.101881 2.077840 0.911750
v -0.099548 2.124303 1.162704
v -0.111605 2.322328 0.602689
v 0.000000 2.343417 0.594250
v 0.000000 2.310784 0.545883
v 0.103190 2.250338 0.628494
v 0.114621 2.204695 0.587883
v 0.104939 2.238775 0.718865
v 0.104868 2.192540 0.923115
v 0.135785 2.085460 0.889858
v 0.122880 2.174672 0.595549
v 0.108173 2.077650 0.911750
v 0.105860 2.124094 1.162704
v 0.094514 2.077536 1.162903
v 0.000000 2.310784 0.545883
v -0.118993 2.309165 0.552810
v -0.111605 2.322328 0.602689
v 1.728734 0.839537 -0.587984
v 1.728736 0.954226 -0.587975
v 1.728711 0.959251 -0.652703
v 1.728713 0.844565 -0.657387
v 1.728650 1.137216 -1.527224
v 1.728650 1.117738 -1.193313
v 1.728650 1.292381 -1.527223
v 1.728650 1.284991 -1.193262
v 1.728650 1.053332 -1.089135
v 1.728650 1.228357 -1.132662
v 1.728701 1.025705 -0.690315
v 1.728736 1.170146 -0.653343
v 1.728736 0.975381 -0.411484
v 1.728736 0.903919 -0.516229
v 1.728736 0.904319 -0.229252
v 1.718933 0.966673 0.024883
v 1.733699 0.856414 0.031866
v 1.728732 0.804274 -0.151784
v 1.734013 0.826324 0.105573
v 1.735823 0.789021 0.111589
v -0.579991 1.603877 -1.698765
v -0.560522 1.518782 -2.079879
v -0.529945 1.766114 -2.040827
v 1.420755 0.789318 0.111607
v 1.427843 0.804558 -0.151767
v 1.422570 0.826324 0.105574
v 1.422884 0.856414 0.031866
v 1.427847 0.904319 -0.229252
v 1.437648 0.966673 0.024883
v 1.427847 0.975381 -0.411484
v 1.427845 0.903921 -0.516229
v 1.427845 0.954226 -0.587975
v 1.427845 1.170146 -0.653343
v 1.427870 0.959251 -0.652703
v 1.427881 1.025705 -0.690315
v 1.427931 1.228357 -1.132662
v 1.427931 1.053332 -1.089135
v 1.427931 1.284991 -1.193262
v 1.427931 1.117738 -1.193313
v 1.427931 1.292381 -1.527223
v 1.427931 1.137216 -1.527223
v 1.427845 0.839537 -0.587984
v 1.427868 0.844565 -0.657387
v 0.188652 2.133848 -2.686222
v 0.213963 2.090357 -2.685136
v 0.242367 2.104168 -3.048438
v 1.653323 0.699108 -0.845285
v 1.606639 0.731791 -0.775558
v 1.681949 0.711857 -0.836916
v 1.709726 0.700141 -0.901136
v 1.720665 0.730539 -0.898132
v 1.752556 0.735290 -1.006974
v 1.742238 0.704833 -1.011220
v 1.682709 0.686512 -0.912913
v 1.713237 0.690704 -1.014649
v 1.571554 0.819238 -0.671372
v 1.636648 0.742973 -0.770426
v 1.696290 0.740664 -0.840964
v 1.709118 0.759899 -0.905656
v 1.738150 0.764233 -1.004394
v 1.719750 0.787876 -1.114778
v 1.732327 0.761417 -1.128694
v 1.721400 0.731613 -1.135357
v 1.693368 0.715924 -1.130865
v 1.672514 0.809711 -1.275554
v 1.639420 0.809713 -1.288041
v 1.691169 0.809713 -1.223662
v 1.684456 0.809718 -1.162763
v 1.656308 0.809722 -1.128530
v 1.691036 0.795492 -1.101761
v 1.707455 0.774708 -1.004996
v 1.681848 0.771024 -0.919306
v 1.687944 0.768658 -0.855060
v 1.653252 0.769222 -0.779768
v 1.602072 0.819255 -0.679152
v 1.661800 0.779440 -0.870942
v 1.646724 0.795162 -0.798111
v 1.619507 0.819270 -0.722643
v 1.620886 0.805596 -0.814712
v 1.613647 0.819276 -0.776368
v 1.587924 0.819268 -0.808858
v 1.381481 0.970232 -1.025549
v 1.381481 0.818979 -1.065503
v 1.381481 0.984538 -1.192062
v 1.381481 1.004017 -1.525974
v 1.381481 0.818998 -1.475053
v 1.381481 1.053332 -1.089135
v 1.381481 1.117738 -1.193311
v 1.381481 1.137216 -1.527223
v 1.381481 1.018021 -1.748825
v 1.381481 1.139028 -1.750139
v 1.381481 1.142596 -1.953978
v 1.381481 1.167704 -1.953083
v 0.726794 0.982098 -0.343504
v 0.723483 0.994580 -0.371258
v 0.826054 0.992920 -0.367768
v 0.838048 0.980302 -0.340269
v 0.918688 0.988074 -0.391741
v 0.933444 0.975324 -0.364739
v 1.006499 0.983292 -0.450799
v 1.019095 0.970647 -0.422802
v 1.074986 0.981683 -0.506138
v 1.080845 0.969188 -0.472751
v 0.720084 0.982239 -0.398867
v 0.813250 0.980730 -0.394928
v 0.902699 0.976034 -0.418298
v 0.993050 0.971131 -0.478647
v 1.068893 0.969354 -0.539540
v 1.141943 0.968952 -0.569115
v 1.143110 0.981307 -0.535063
v 1.144025 0.968841 -0.501150
v 1.083036 0.939190 -0.459389
v 1.144150 0.938854 -0.487090
v 0.894847 0.946257 -0.428749
v 0.986622 0.941285 -0.489831
v 1.066137 0.939424 -0.553416
v 1.141207 0.939011 -0.583553
v 1.223368 0.937662 -0.598317
v 1.223915 0.967605 -0.585142
v 1.223882 0.979980 -0.553921
v 1.223288 0.967538 -0.522666
v 1.222482 0.937567 -0.509559
v 1.023457 0.940601 -0.411093
v 0.938325 0.945253 -0.353189
v 0.842206 0.950264 -0.328577
v 0.728076 0.952104 -0.331865
v 0.573759 0.952104 -0.338894
v 0.573742 0.982098 -0.351234
v 0.573702 0.994580 -0.381170
v 0.573662 0.982237 -0.411160
v 0.718589 0.952304 -0.409632
v 0.807139 0.950871 -0.405559
v 0.573645 0.952302 -0.423642
v 0.242367 2.104168 -3.048438
v 0.206279 2.125580 -3.049543
v 0.188652 2.133848 -2.686222
v 0.719871 0.922310 -0.397911
v 0.723182 0.909826 -0.370117
v 0.823291 0.908215 -0.366113
v 0.811298 0.920835 -0.393607
v 0.914482 0.903437 -0.389782
v 0.899726 0.916187 -0.416816
v 1.003581 0.898592 -0.449864
v 0.990985 0.911240 -0.477864
v 1.074188 0.896933 -0.507178
v 1.068330 0.909426 -0.540243
v 0.726580 0.922169 -0.342576
v 0.836093 0.920405 -0.339193
v 0.930471 0.915476 -0.363577
v 1.017032 0.910754 -0.422270
v 1.080280 0.909260 -0.473549
v 1.143415 0.908914 -0.501798
v 1.142247 0.896560 -0.535947
v 1.141333 0.909026 -0.569748
v 1.066137 0.939424 -0.553416
v 1.141207 0.939011 -0.583553
v 0.938325 0.945253 -0.353189
v 1.023457 0.940601 -0.411093
v 1.083036 0.939190 -0.459389
v 1.144150 0.938854 -0.487090
v 1.222482 0.937567 -0.509559
v 1.221935 0.907624 -0.522837
v 1.221968 0.895249 -0.554100
v 1.222562 0.907691 -0.585336
v 1.223368 0.937662 -0.598317
v 0.986622 0.941285 -0.489831
v 0.894847 0.946257 -0.428749
v 0.807139 0.950871 -0.405559
v 0.718589 0.952304 -0.409632
v 0.573645 0.952302 -0.423642
v 0.573662 0.922308 -0.411301
v 0.573702 0.909826 -0.381368
v 0.573742 0.922169 -0.351375
v 0.728076 0.952104 -0.331865
v 0.842206 0.950264 -0.328577
v 0.573759 0.952104 -0.338894
v 0.135116 2.028425 -2.475395
v 0.174194 2.014423 -2.475033
v 0.213963 2.090357 -2.685136
v 1.071955 0.891111 -1.304502
v 0.954727 0.912078 -1.300218
v 1.070057 0.872572 -1.279242
v 0.947968 0.894458 -1.275609
v 0.826575 0.953369 -1.312259
v 0.819725 0.935711 -1.288586
v 0.698657 0.967266 -1.305116
v 1.179806 0.898598 -1.311204
v 1.176274 0.879809 -1.285769
v 1.173013 0.881764 -1.253883
v 1.070705 0.874351 -1.247162
v 0.947781 0.896205 -1.244375
v 0.820904 0.936852 -1.258596
v 0.696990 0.948061 -1.281911
v 0.513230 0.965761 -1.279928
v 0.955433 0.918580 -1.223351
v 1.073957 0.898126 -1.226159
v 1.172152 0.906468 -1.233829
v 1.273290 0.919103 -1.214432
v 1.276129 0.893521 -1.232772
v 1.284286 0.891382 -1.263354
v 1.292598 0.910207 -1.287897
v 1.380810 0.891812 -1.205631
v 1.380814 0.889138 -1.235827
v 1.380816 0.907399 -1.260019
v 0.434092 1.022122 -1.267298
v 0.401400 1.017220 -1.244137
v 0.506587 0.944449 -1.256767
v 0.702956 0.947913 -1.252505
v 0.830738 0.958333 -1.237250
v 0.965519 0.948741 -1.225637
v 1.077603 0.929461 -1.228127
v 1.173760 0.937980 -1.235650
v 1.276445 0.950786 -1.216276
v 1.380805 0.949006 -1.189227
v 1.380807 0.917558 -1.187474
v 0.403500 1.011286 -1.215531
v 0.512424 0.942693 -1.228161
v 0.714062 0.968885 -1.231604
v 0.842440 0.987861 -1.239214
v 0.723526 0.999514 -1.233231
v 0.542854 0.965187 -1.209902
v 0.455577 0.996180 -1.197272
v 0.501575 1.004977 -1.198493
v 0.550558 0.996123 -1.211121
v 1.077603 0.929461 -1.228127
v 0.965519 0.948741 -1.225637
v 1.079455 0.948675 -1.254296
v 0.972232 0.967296 -1.251587
v 0.842440 0.987861 -1.239214
v 0.849201 1.006459 -1.264981
v 0.723526 0.999514 -1.233231
v 1.173760 0.937980 -1.235650
v 1.177278 0.957106 -1.261554
v 1.180536 0.955278 -1.293611
v 1.078824 0.946966 -1.286389
v 0.972479 0.965605 -1.282900
v 0.848129 1.005362 -1.295455
v 0.725087 1.019912 -1.258578
v 0.550558 0.996123 -1.211121
v 0.964894 0.941769 -1.301809
v 1.075626 0.922138 -1.305960
v 1.181414 0.930065 -1.312961
v 1.295760 0.941887 -1.289741
v 1.292851 0.967456 -1.271411
v 1.284696 0.969595 -1.240828
v 1.276445 0.950786 -1.216276
v 1.380810 0.964593 -1.243613
v 1.380807 0.967266 -1.213419
v 1.380805 0.949006 -1.189227
v 0.501575 1.004977 -1.198493
v 0.526203 1.019183 -1.222408
v 0.546458 1.017436 -1.235036
v 0.719181 1.020124 -1.288622
v 0.838461 0.982412 -1.313803
v 0.954727 0.912078 -1.300218
v 1.071955 0.891111 -1.304502
v 1.179806 0.898598 -1.311204
v 1.292598 0.910207 -1.287897
v 1.380816 0.907399 -1.260019
v 1.380816 0.938851 -1.261768
v 0.523745 1.025530 -1.251656
v 0.540143 1.019190 -1.264284
v 0.708237 0.997281 -1.307011
v 0.826575 0.953369 -1.312259
v 0.698657 0.967266 -1.305116
v 0.526542 0.996698 -1.282128
v 0.484298 1.026062 -1.269498
v 0.434092 1.022122 -1.267298
v 0.513230 0.965761 -1.279928
v 1.193728 0.966896 -0.766658
v 1.193728 0.851114 -0.766749
v 1.193751 0.966755 -0.740716
v 1.193749 0.867636 -0.735835
v 1.193357 0.835476 -0.785386
v 1.193357 0.856343 -0.785386
v 1.193336 0.787567 -0.737146
v 1.713237 0.690704 -1.014649
v 1.693368 0.715924 -1.130865
v 1.682544 0.701181 -1.015249
v 1.655439 0.697636 -0.926562
v 1.643891 0.726998 -0.934089
v 1.618835 0.737885 -0.875260
v 1.633174 0.766694 -0.879308
v 1.590877 0.794414 -0.819842
v 1.574273 0.768165 -0.810500
v 1.627180 0.709891 -0.861165
v 1.580803 0.742226 -0.792156
v 1.653323 0.699108 -0.845285
v 1.606639 0.731791 -0.775558
v 1.682709 0.686512 -0.912913
v 1.545831 0.819230 -0.703862
v 1.571554 0.819238 -0.671372
v 1.539969 0.819236 -0.757588
v 1.557406 0.819251 -0.801079
v 1.587924 0.819268 -0.808858
v 1.620886 0.805596 -0.814712
v 1.661800 0.779440 -0.870942
v 1.654830 0.757396 -0.931082
v 1.668136 0.730124 -1.012670
v 1.664655 0.723540 -1.117849
v 1.639420 0.809713 -1.288041
v 1.681848 0.771024 -0.919306
v 1.678455 0.760581 -1.008424
v 1.652077 0.750000 -1.103933
v 1.611274 0.809718 -1.253808
v 1.707455 0.774708 -1.004996
v 1.663004 0.779804 -1.097269
v 1.604560 0.809724 -1.192909
v 1.623214 0.809726 -1.141017
v 1.691036 0.795492 -1.101761
v 1.656308 0.809722 -1.128530
v 1.423494 0.867474 -0.476869
v 1.426997 0.974187 -0.476869
v 1.426974 0.974326 -0.737146
v 1.423471 0.814648 -0.737146
v 1.486997 0.779389 0.282031
v 1.484936 0.788790 0.119670
v 1.487007 0.801426 0.282654
v 1.487007 0.817237 0.189142
v 1.486477 0.825981 0.111954
v 1.492552 0.951528 0.050053
v 1.487007 0.961865 0.161280
v -1.415310 0.839088 -0.587380
v -1.415310 0.953776 -0.587370
v -1.415333 0.958802 -0.652100
v -1.415333 0.844115 -0.656783
v -1.415392 1.136767 -1.526619
v -1.415392 1.117288 -1.192709
v -1.415392 1.291931 -1.526619
v -1.415392 1.284541 -1.192657
v -1.415392 1.052882 -1.088530
v -1.415392 1.227908 -1.132059
v -1.415343 1.025256 -0.689713
v -1.415309 1.169697 -0.652738
v -1.415310 0.974933 -0.410880
v -1.415310 0.903471 -0.515624
v -1.415310 0.903869 -0.228647
v -1.425113 0.966224 0.025487
v -1.410348 0.855964 0.032470
v -1.415306 0.804108 -0.151163
v -1.410033 0.825875 0.106178
v -1.408220 0.788868 0.112211
v 0.213963 2.090357 -2.685136
v 0.188652 2.133848 -2.686222
v 0.135116 2.028425 -2.475395
v -1.723286 0.788571 0.112194
v -1.716196 0.803826 -0.151180
v -1.721476 0.825875 0.106177
v -1.721162 0.855966 0.032470
v -1.716199 0.903869 -0.228647
v -1.706396 0.966226 0.025487
v -1.716199 0.974933 -0.410880
v -1.716199 0.903471 -0.515624
v -1.716200 0.953776 -0.587370
v -1.716200 1.169697 -0.652738
v -1.716177 0.958804 -0.652100
v -1.716165 1.025256 -0.689712
v -1.716114 1.227908 -1.132059
v -1.716114 1.052884 -1.088532
v -1.716114 1.284541 -1.192657
v -1.716114 1.117288 -1.192709
v -1.716114 1.291931 -1.526619
v -1.716114 1.136767 -1.526619
v -1.716200 0.839088 -0.587382
v -1.716177 0.844115 -0.656783
v 0.223481 2.194312 -2.358485
v 0.259569 2.172900 -2.357381
v 0.186489 2.070544 -2.162118
v -1.601111 0.818826 -0.775763
v -1.606973 0.818820 -0.722039
v -1.634187 0.794713 -0.797509
v -1.608352 0.805146 -0.814107
v -1.649265 0.778991 -0.870337
v -1.575388 0.818819 -0.808253
v -1.589538 0.818805 -0.678547
v -1.640716 0.768772 -0.779166
v -1.675408 0.768208 -0.854455
v -1.669312 0.770574 -0.918701
v -1.680833 0.715474 -1.130261
v -1.626884 0.809263 -1.287437
v -1.659977 0.809261 -1.274951
v -1.708863 0.731164 -1.134753
v -1.700702 0.690256 -1.014042
v -1.729702 0.704383 -1.010615
v -1.670173 0.686063 -0.912310
v -1.697191 0.699691 -0.900533
v -1.640788 0.698659 -0.844680
v -1.669413 0.711407 -0.836312
v -1.594102 0.731341 -0.774954
v -1.624112 0.742523 -0.769822
v -1.559018 0.818788 -0.670769
v -1.683754 0.740214 -0.840362
v -1.696582 0.759449 -0.905052
v -1.694921 0.774259 -1.004392
v -1.740020 0.734840 -1.006369
v -1.708130 0.730089 -0.897527
v -1.725614 0.763783 -1.003792
v -1.707214 0.787426 -1.114173
v -1.719790 0.760967 -1.128089
v -1.678500 0.795042 -1.101158
v -1.643772 0.809274 -1.127925
v -1.671918 0.809269 -1.162158
v -1.678633 0.809263 -1.223057
v -1.368943 1.017571 -1.748220
v -1.368945 1.003567 -1.525369
v -1.368943 1.136767 -1.526619
v -1.368943 1.138579 -1.749535
v -1.368943 1.142147 -1.953368
v -1.368943 1.167254 -1.952472
v -1.368945 0.818546 -1.474449
v -1.368945 0.818529 -1.064898
v -1.368945 0.984089 -1.191457
v -1.368945 1.117288 -1.192709
v -1.368945 0.969782 -1.024945
v -1.368945 1.052882 -1.088530
v 0.186489 2.070544 -2.162118
v 0.149268 2.084641 -2.163261
v 0.223481 2.194312 -2.358485
v -1.210752 0.967089 -0.522061
v -1.211346 0.979530 -0.553316
v -1.131488 0.968392 -0.500546
v -1.131614 0.938405 -0.486483
v -1.070500 0.938740 -0.458783
v -1.209946 0.937117 -0.508955
v -0.710946 0.994130 -0.370654
v -0.561165 0.994130 -0.380564
v -0.561205 0.981648 -0.350630
v -0.714257 0.981646 -0.342900
v -0.561223 0.951654 -0.338290
v -0.715541 0.951654 -0.331260
v -0.825511 0.979852 -0.339665
v -0.829669 0.949814 -0.327972
v -0.920908 0.974874 -0.364135
v -0.925788 0.944804 -0.352585
v -1.006558 0.970197 -0.422197
v -1.010921 0.940150 -0.410489
v -1.068309 0.968738 -0.472146
v -1.130574 0.980858 -0.534459
v -1.211378 0.967155 -0.584538
v -1.129406 0.968502 -0.568511
v -1.210832 0.937212 -0.597713
v -1.056359 0.968904 -0.538936
v -1.062451 0.981233 -0.505533
v -0.993962 0.982843 -0.450195
v -0.906152 0.987624 -0.391136
v -0.813517 0.992471 -0.367164
v -0.800713 0.980281 -0.394323
v -0.707548 0.981787 -0.398263
v -0.561126 0.981787 -0.410556
v -0.890165 0.975585 -0.417694
v -0.980513 0.970681 -0.478042
v -1.128671 0.938561 -0.582949
v -1.053600 0.938974 -0.552812
v -0.974086 0.940836 -0.489227
v -0.882310 0.945808 -0.428145
v -0.794602 0.950422 -0.404955
v -0.706052 0.951852 -0.409026
v -0.561108 0.951852 -0.423037
v 0.547988 2.024691 -0.691374
v 0.560365 2.015414 -0.567679
v 0.567176 2.046218 -0.681910
v -1.762562 0.818546 -1.474449
v -1.762562 1.003567 -1.525369
v -1.762563 0.818529 -1.064900
v -1.762563 0.969782 -1.024947
v -1.762562 1.136767 -1.526619
v -1.762562 1.117288 -1.192709
v -1.762563 1.052884 -1.088532
v -1.762562 1.017571 -1.748222
v -1.762562 1.138579 -1.749535
v -1.762562 1.142147 -1.953368
v -1.762562 1.167254 -1.952472
v 0.355463 0.991907 -1.316523
v 0.365483 1.250341 -1.785138
v 0.302049 1.354278 -1.804172
v -1.441003 0.818510 -0.657830
v -1.504956 0.818510 -0.657830
v -1.690528 0.818508 -0.587384
v -1.440980 0.818508 -0.587384
v -1.690505 0.818512 -0.657830
v -1.626552 0.818512 -0.657832
v -1.610430 0.818529 -1.064900
v -1.521078 0.818529 -1.064900
v -1.610678 0.809276 -1.140413
v -1.592024 0.809274 -1.192307
v -1.650468 0.779355 -1.096666
v -1.678500 0.795042 -1.101158
v -1.694921 0.774259 -1.004392
v -1.643772 0.809274 -1.127925
v -1.669312 0.770574 -0.918701
v -1.665919 0.760131 -1.007819
v -1.639540 0.749551 -1.103328
v -1.598737 0.809269 -1.253204
v -1.649265 0.778991 -0.870337
v -1.642295 0.756946 -0.930478
v -1.655602 0.729674 -1.012067
v -1.652117 0.723090 -1.117244
v -1.626884 0.809263 -1.287437
v -1.680833 0.715474 -1.130261
v -1.670007 0.700731 -1.014645
v -1.631355 0.726548 -0.933484
v -1.620639 0.766244 -0.878704
v -1.608352 0.805146 -0.814107
v -1.578342 0.793964 -0.819237
v -1.575388 0.818819 -0.808253
v -1.544869 0.818801 -0.800475
v -1.561738 0.767715 -0.809895
v -1.527433 0.818786 -0.756986
v -1.568267 0.741777 -0.791552
v -1.533295 0.818780 -0.703257
v -1.594102 0.731341 -0.774954
v -1.559018 0.818788 -0.670769
v -1.700702 0.690256 -1.014042
v -1.642903 0.697188 -0.925957
v -1.606298 0.737435 -0.874656
v -1.614644 0.709441 -0.860562
v -1.640788 0.698659 -0.844680
v -1.670173 0.686063 -0.912310
v -1.181213 0.867186 -0.735231
v -1.215274 1.064630 -0.736541
v -1.414438 0.973876 -0.736541
v -1.410935 0.814199 -0.736541
v -1.180799 0.787116 -0.736541
v -1.414438 0.973876 -0.736541
v -1.410957 0.867025 -0.476265
v -1.410935 0.814199 -0.736541
v -1.414461 0.973737 -0.476267
v -0.201765 0.049460 -1.793123
v -0.170070 0.049513 -1.792928
v -0.204327 0.050669 -1.401748
v 0.223567 0.050169 -1.790511
v -0.168834 0.041740 -1.978494
v 0.224803 0.042396 -1.976075
v 0.252700 0.051430 -1.398940
v -0.204944 0.123351 -1.340318
v -0.306120 0.054895 -1.346987
v -0.306299 0.070979 -1.326636
v 0.252083 0.124113 -1.337512
v 0.252700 0.051430 -1.398940
v 0.255262 0.050221 -1.790315
v 0.000000 1.759123 -2.313432
v 0.000000 1.774940 -2.131695
v 0.000000 1.756692 -2.337283
v -0.306338 0.041396 -1.307595
v -0.306172 0.041303 -1.332711
v -0.306423 0.070491 -1.307685
v -0.306299 0.070979 -1.326636
v -0.306120 0.054895 -1.346987
v 0.262521 0.061723 1.768034
v 0.230848 0.061556 1.768499
v 0.256261 0.059382 1.377183
v -0.162515 0.059490 1.774273
v 0.233837 0.055474 1.953882
v -0.159526 0.053408 1.959654
v -0.200448 0.056983 1.383887
v 0.255066 0.131438 1.315284
v 0.356711 0.063803 1.320353
v 0.356340 0.079687 1.299911
v -0.201644 0.129039 1.321988
v -0.200448 0.056983 1.383887
v -0.194188 0.059324 1.774738
v 0.560512 1.928203 -0.004078
v 0.566779 1.889813 0.006575
v 0.565475 1.876471 0.017855
v 0.576053 1.809211 0.317628
v 0.546078 1.973752 -0.013614
v 0.356121 0.049960 1.281120
v 0.356523 0.050095 1.306201
v 0.356037 0.079027 1.280987
v 0.356340 0.079687 1.299911
v 0.356711 0.063803 1.320353
v 0.612728 1.889415 -1.272170
v 0.598821 2.013928 -1.463436
v 0.589428 2.060410 -1.590864
v 0.628015 1.803231 -1.257441
v 0.593297 1.992306 -1.160179
v 0.608583 1.899022 -1.105125
v 0.576721 2.061972 -1.074824
v 0.595960 1.983905 -1.256875
v 0.417442 2.216849 -1.140095
v 0.414514 2.230641 -1.654274
v 0.198627 2.361400 -1.193481
v 0.198626 2.387556 -1.707661
v 0.000000 2.426075 -1.200702
v 0.000000 2.457679 -1.715494
v -0.198625 2.387556 -1.707661
v -0.198625 2.361400 -1.193481
v -0.414515 2.230641 -1.654274
v -0.417443 2.216849 -1.140095
v -0.589428 2.060410 -1.590863
v -0.576722 2.061972 -1.074824
v -0.598820 2.013928 -1.463436
v -0.595958 1.983905 -1.256875
v -0.593297 1.992306 -1.160179
v -0.608581 1.899022 -1.105125
v -0.628016 1.803231 -1.257441
v -0.612728 1.889417 -1.272172
v 0.111606 2.322328 0.602689
v 0.118994 2.309165 0.552810
v 0.000000 2.310784 0.545883
v -0.616374 1.671628 -1.663255
v -0.570195 1.836630 -2.010480
v -0.569243 1.847663 -1.862755
v -0.599906 1.740454 -1.650877
v -0.603289 1.766752 -1.270595
v -0.589653 1.782901 -1.631728
v -0.540540 1.981867 -1.608586
v -0.577339 1.829594 -1.641942
v -0.414515 2.102263 -1.678779
v -0.414704 2.047647 -2.092490
v -0.198625 2.259159 -1.732167
v -0.198625 2.200218 -2.145887
v 0.000000 2.270360 -2.153717
v 0.000000 2.329301 -1.740000
v 0.198626 2.259159 -1.732167
v 0.198626 2.200218 -2.145887
v 0.414705 2.047647 -2.092490
v 0.414514 2.102263 -1.678779
v 0.570197 1.836630 -2.010480
v 0.540542 1.981867 -1.608586
v 0.569244 1.847663 -1.862753
v 0.577340 1.829594 -1.641943
v 0.589654 1.782901 -1.631728
v 0.603289 1.766750 -1.270595
v 0.599907 1.740454 -1.650877
v 0.616374 1.671628 -1.663255
v 0.000000 2.310784 0.545883
v 0.000000 2.343417 0.594250
v 0.111606 2.322328 0.602689
v -0.769801 1.736615 0.038716
v -0.751050 1.716868 0.030078
v -0.776373 1.709374 0.088440
v -0.804828 1.710088 0.086096
v -0.798052 1.738198 0.034768
v -0.826284 1.694136 0.076081
v -0.819194 1.723579 0.022296
v -0.825857 1.668580 0.063339
v -0.818519 1.699062 0.007647
v -0.807160 1.648604 0.055121
v -0.799769 1.679313 -0.000991
v -0.778705 1.647892 0.057464
v -0.771517 1.677730 0.002958
v -0.757249 1.663844 0.067480
v -0.750378 1.692349 0.015430
v -0.757676 1.689398 0.080222
v -0.760320 1.667868 0.127566
v -0.778996 1.687975 0.135505
v -0.760011 1.641272 0.117139
v -0.781629 1.623858 0.110380
v -0.810196 1.623542 0.110343
v -0.828873 1.643649 0.118282
v -0.829182 1.670245 0.128709
v -0.807564 1.687659 0.135468
v -0.775036 1.668778 0.201105
v -0.803498 1.667740 0.203296
v -0.824850 1.648939 0.201202
v -0.824250 1.621045 0.195369
v -0.805419 1.600412 0.189500
v -0.776956 1.601448 0.187310
v -0.755607 1.620248 0.189404
v -0.756205 1.648143 0.195238
v -0.768761 1.654632 0.275259
v -0.797046 1.653433 0.279062
v -0.749574 1.633633 0.272705
v -0.748362 1.605124 0.272577
v -0.769182 1.585806 0.275398
v -0.797467 1.584608 0.279201
v -0.816654 1.605608 0.281753
v -0.817866 1.634117 0.281883
v -0.793006 1.658278 0.317181
v -0.819988 1.634012 0.317175
v -0.819483 1.598099 0.317205
v -0.796014 1.571589 0.317249
v -0.760255 1.573006 0.317284
v -0.733271 1.597272 0.317291
v -0.733775 1.633185 0.317261
v -0.757247 1.659697 0.317215
v -0.743226 1.715247 -0.020646
v -0.764137 1.701369 -0.034294
v -0.792240 1.703432 -0.039005
v -0.811033 1.723046 -0.030156
v -0.811884 1.746986 -0.014588
v -0.790971 1.760866 -0.000941
v -0.762869 1.758803 0.003770
v -0.744078 1.739189 -0.005079
v 0.560523 1.518782 -2.079879
v 0.579992 1.603877 -1.698765
v 0.529944 1.766114 -2.040827
v -0.710995 1.719794 0.216942
v -0.708416 1.727938 0.155512
v -0.734675 1.715877 0.152656
v -0.737264 1.707730 0.214172
v -0.761973 1.725766 0.153103
v -0.764585 1.717449 0.215680
v -0.774323 1.751815 0.156591
v -0.776956 1.743260 0.220584
v -0.764488 1.778763 0.161077
v -0.701168 1.746576 0.222367
v -0.698583 1.754886 0.159997
v -0.704894 1.737524 0.090998
v -0.730981 1.726103 0.085369
v -0.758300 1.735916 0.086142
v -0.770849 1.761216 0.092864
v -0.761272 1.787181 0.101599
v -0.735185 1.798604 0.107228
v -0.731695 1.814158 0.064546
v -0.704379 1.804332 0.063799
v -0.709319 1.706549 0.254249
v -0.735602 1.695098 0.249669
v -0.762882 1.703527 0.254782
v -0.775177 1.726903 0.266593
v -0.767130 1.770042 0.226009
v -0.738231 1.790824 0.163932
v -0.707866 1.788789 0.106455
v -0.691618 1.779798 0.054943
v -0.695317 1.763491 0.099732
v -0.710931 1.780935 0.163485
v -0.740862 1.782109 0.228779
v -0.765286 1.751529 0.278182
v -0.771466 1.707432 0.317457
v -0.759426 1.681271 0.317444
v -0.732288 1.671407 0.317432
v -0.705947 1.683618 0.317430
v -0.695835 1.710753 0.317438
v -0.699428 1.731174 0.265837
v -0.707877 1.736914 0.317451
v -0.711723 1.754549 0.277648
v -0.735016 1.746778 0.317463
v -0.713539 1.772387 0.227269
v -0.739003 1.762980 0.282761
v -0.761356 1.734567 0.317465
v -0.757565 1.803519 0.056746
v -0.766833 1.778645 0.044969
v -0.754071 1.754111 0.036113
v -0.726755 1.744285 0.035366
v -0.700888 1.754926 0.043165
v -0.685800 1.799675 0.019418
v -0.695414 1.772372 0.017085
v -0.698375 1.825769 0.021489
v -0.725776 1.835367 0.022086
v -0.751949 1.822847 0.020858
v -0.761564 1.795543 0.018525
v -0.748989 1.769450 0.016454
v -0.721587 1.759852 0.015857
v -0.571462 1.627310 1.465867
v -0.584128 1.691958 1.309170
v -0.565848 1.592031 1.482263
v -0.578682 1.678172 1.149407
v -0.581269 1.713805 1.158303
v -0.514095 1.771759 1.240588
v -0.513710 1.794466 1.131484
v -0.443693 1.825859 1.287131
v -0.447560 1.837809 1.199655
v -0.386115 1.879037 1.282783
v -0.402633 1.880241 1.200240
v -0.362441 1.906867 1.267353
v -0.356021 1.922850 1.184171
v -0.340456 1.937842 1.062205
v -0.357222 1.915821 1.082633
v 0.761274 1.787181 0.101599
v 0.764488 1.778763 0.161077
v 0.735185 1.798604 0.107228
v 0.738231 1.790824 0.163932
v 0.767130 1.770042 0.226009
v 0.740862 1.782109 0.228779
v 0.765286 1.751528 0.278181
v 0.739003 1.762980 0.282761
v 0.761356 1.734565 0.317464
v 0.735016 1.746778 0.317462
v 0.711723 1.754549 0.277648
v 0.707877 1.736914 0.317451
v 0.699428 1.731174 0.265837
v 0.695836 1.710753 0.317438
v 0.709319 1.706549 0.254249
v 0.705947 1.683618 0.317430
v 0.735604 1.695096 0.249669
v 0.732288 1.671407 0.317432
v 0.762882 1.703527 0.254782
v 0.759426 1.681271 0.317443
v 0.713541 1.772387 0.227268
v 0.701170 1.746576 0.222367
v 0.710996 1.719794 0.216941
v 0.737264 1.707730 0.214171
v 0.775177 1.726902 0.266593
v 0.771466 1.707432 0.317457
v 0.710933 1.780935 0.163485
v 0.698583 1.754886 0.159997
v 0.708418 1.727938 0.155512
v 0.734675 1.715877 0.152656
v 0.761973 1.725766 0.153103
v 0.764587 1.717449 0.215680
v 0.707866 1.788789 0.106455
v 0.695319 1.763489 0.099732
v 0.704894 1.737524 0.090998
v 0.730981 1.726102 0.085369
v 0.758301 1.735916 0.086141
v 0.770849 1.761216 0.092864
v 0.774324 1.751815 0.156591
v 0.776958 1.743260 0.220584
v 0.731697 1.814158 0.064546
v 0.704380 1.804332 0.063799
v 0.691618 1.779798 0.054943
v 0.700888 1.754924 0.043165
v 0.726756 1.744285 0.035366
v 0.754071 1.754111 0.036113
v 0.766833 1.778645 0.044969
v 0.757565 1.803519 0.056747
v 0.725776 1.835367 0.022086
v 0.698377 1.825767 0.021489
v 0.685800 1.799675 0.019418
v 0.695415 1.772372 0.017085
v 0.721587 1.759851 0.015857
v 0.748989 1.769450 0.016454
v 0.761566 1.795543 0.018525
v 0.751951 1.822845 0.020858
v -0.513710 1.794466 1.131484
v -0.447560 1.837809 1.199655
v -0.531830 1.805079 1.133725
v -0.465681 1.848422 1.201897
v -0.402633 1.880241 1.200240
v -0.419635 1.895837 1.203779
v 0.750217 1.149635 -1.242079
v 0.755408 1.178824 -1.242100
v 0.751633 1.193330 -1.357132
v 0.757277 1.225894 -1.342494
v 0.737058 1.203059 -1.232708
v 0.737328 1.251383 -1.328713
v 0.702610 1.212070 -1.229438
v 0.780044 1.252381 -1.413830
v 0.774401 1.216682 -1.413337
v 0.752052 1.193734 -1.411380
v 0.729283 1.171706 -1.365058
v 0.729659 1.126766 -1.235086
v 0.694159 1.165298 -1.364656
v 0.697346 1.121354 -1.232724
v 0.716926 1.188095 -1.408308
v 0.715226 1.188089 -1.483027
v 0.750353 1.193728 -1.486100
v 0.772700 1.216676 -1.488057
v 0.778345 1.252376 -1.488550
v 0.760097 1.281307 -1.412114
v 0.699880 1.259451 -1.321337
v 0.758397 1.281301 -1.486834
v 0.722648 1.291735 -1.408837
v 0.720949 1.291729 -1.483557
v -0.357222 1.915821 1.082633
v -0.340456 1.937842 1.062205
v -0.372098 1.930394 1.086176
v -0.355332 1.952397 1.065747
v -0.578682 1.678172 1.149407
v -0.581269 1.713805 1.158303
v -0.613494 1.675632 1.149355
v -0.616081 1.711265 1.158250
v -0.599324 1.587623 1.481420
v -0.578682 1.678172 1.149407
v -0.613494 1.675632 1.149355
v 0.542341 0.636910 2.123542
v 0.486745 0.540073 2.116379
v 0.525497 0.611459 2.232698
v 0.537450 0.728371 2.144135
v 0.512998 0.713805 2.229497
v 0.511028 0.774373 2.142763
v 0.473943 0.762610 2.232622
v 0.468303 0.685531 2.302593
v 0.424806 0.699663 2.340540
v 0.450379 0.616235 2.341664
v 0.398498 0.621156 2.375726
v 0.422394 0.546005 2.331301
v 0.368126 0.557668 2.363705
v 0.399498 0.511470 2.302421
v 0.361154 0.501040 2.314975
v 0.406044 0.484979 2.235460
v 0.367387 0.472672 2.244376
v 0.422606 0.497089 2.118627
v 0.390743 0.478888 2.111978
v 0.438930 0.521949 2.047342
v 0.471488 0.529441 2.229403
v 0.489115 0.567692 2.028177
v 0.540927 0.654449 2.020671
v 0.546034 0.733000 2.062334
v 0.422968 0.515034 2.027072
v 0.472995 0.583606 1.966131
v 0.497901 0.626015 1.951692
v 0.525817 0.680272 1.965407
v 0.537315 0.725658 2.001469
v 0.539293 0.763202 2.056885
v -0.578682 1.678172 1.149407
v -0.599324 1.587623 1.481420
v -0.565848 1.592031 1.482263
v -0.525816 0.680272 1.965407
v -0.540926 0.654450 2.020672
v -0.497902 0.626017 1.951692
v -0.537314 0.725658 2.001469
v -0.546034 0.733002 2.062334
v -0.539292 0.763202 2.056886
v -0.537450 0.728371 2.144135
v -0.511027 0.774373 2.142763
v -0.512999 0.713805 2.229498
v -0.473945 0.762610 2.232622
v -0.468304 0.685533 2.302593
v -0.424807 0.699663 2.340540
v -0.450378 0.616235 2.341664
v -0.398499 0.621156 2.375726
v -0.525496 0.611461 2.232698
v -0.542340 0.636910 2.123542
v -0.489116 0.567692 2.028177
v -0.486744 0.540073 2.116379
v -0.438929 0.521949 2.047342
v -0.422605 0.497089 2.118627
v -0.471489 0.529441 2.229403
v -0.406043 0.484979 2.235460
v -0.422393 0.546005 2.331301
v -0.399499 0.511470 2.302421
v -0.368128 0.557668 2.363705
v -0.361155 0.501040 2.314975
v -0.367388 0.472672 2.244376
v -0.390744 0.478888 2.111978
v -0.422967 0.515034 2.027072
v -0.472994 0.583606 1.966132
v -0.606274 1.624769 1.465816
v -0.565848 1.592031 1.482263
v -0.599324 1.587623 1.481420
v -0.055203 1.440149 -1.402912
v 0.000000 1.431949 -1.400215
v -0.120862 1.483995 -1.434284
v -0.156003 1.537758 -1.481936
v 0.000000 1.565078 -1.488078
v -0.138916 1.603837 -1.520581
v 0.000000 1.670418 -1.568861
v 0.138916 1.603837 -1.520581
v 0.073659 1.660417 -1.558553
v -0.073659 1.660417 -1.558553
v 0.055203 1.440149 -1.402912
v 0.120862 1.483995 -1.434284
v 0.156004 1.537758 -1.481936
v -0.565848 1.592031 1.482263
v -0.606274 1.624769 1.465816
v -0.571462 1.627310 1.465867
v 0.675621 1.241643 -1.404694
v 0.688785 1.276112 -1.405875
v 0.652853 1.212300 -1.338750
v 0.663984 1.181632 -1.354128
v 0.669590 1.143330 -1.240083
v 0.697346 1.121354 -1.232724
v 0.694159 1.165298 -1.364656
v 0.686752 1.207351 -1.405667
v 0.716926 1.188095 -1.408308
v 0.659351 1.174678 -1.247301
v 0.666016 1.244039 -1.325255
v 0.722648 1.291735 -1.408837
v 0.720949 1.291729 -1.483557
v 0.687086 1.276106 -1.480595
v 0.673922 1.241637 -1.479414
v 0.685053 1.207343 -1.480387
v 0.715226 1.188089 -1.483027
v 0.699880 1.259451 -1.321337
v 0.671459 1.201741 -1.234212
v 0.702610 1.212070 -1.229438
v -0.132538 2.188159 0.567145
v -0.125971 2.248967 0.549463
v 0.000000 2.186578 0.560744
v 0.000000 2.258568 0.546203
v -0.118993 2.309165 0.552810
v 0.000000 2.310784 0.545883
v 0.118994 2.309165 0.552810
v 0.125972 2.248967 0.549463
v 0.132539 2.188159 0.567145
v -0.419635 1.895837 1.203779
v -0.357222 1.915821 1.082633
v -0.372098 1.930394 1.086176
v -0.751957 1.503864 0.125485
v -0.766242 1.461703 0.170665
v -0.736823 1.454368 0.163628
v -0.768978 1.525833 0.140714
v -0.750974 1.575458 0.084408
v -0.746722 1.597245 0.107334
v -0.735858 1.631070 0.052849
v -0.711512 1.644257 0.067302
v -0.743453 1.378254 0.337149
v -0.751757 1.406610 0.223119
v -0.778187 1.354133 0.333981
v -0.785651 1.414813 0.231340
v -0.784452 1.486633 0.186417
v -0.765991 1.553684 0.163029
v -0.723740 1.606174 0.123138
v -0.681415 1.634250 0.068275
v -0.673132 1.648063 0.017517
v -0.655362 1.620225 0.017511
v -0.664075 1.608824 0.055923
v -0.661785 1.588461 0.017500
v -0.668619 1.581514 0.038543
v -0.688341 1.571463 0.017492
v -0.694407 1.567950 0.026135
v -0.718775 1.578645 0.017488
v -0.695348 1.596889 0.120776
v -0.678852 1.575907 0.102651
v -0.743201 1.567110 0.172425
v -0.714129 1.558860 0.168701
v -0.699811 1.534384 0.154345
v -0.680310 1.554202 0.079705
v -0.782031 1.519179 0.205197
v -0.756472 1.536990 0.212891
v -0.724416 1.528553 0.206847
v -0.709422 1.500508 0.192085
v -0.702897 1.507265 0.131804
v -0.703526 1.544180 0.064757
v -0.724536 1.577138 0.025079
v -0.804763 1.445626 0.249509
v -0.801653 1.483416 0.261016
v -0.772537 1.505341 0.267169
v -0.736696 1.495412 0.260922
v -0.720073 1.461625 0.249220
v -0.713539 1.469429 0.171913
v -0.724393 1.495646 0.121198
v -0.733088 1.553497 0.067138
v -0.741310 1.603372 0.035597
v -0.818561 1.364441 0.339610
v -0.837975 1.403440 0.351896
v -0.830174 1.449598 0.356757
v -0.796313 1.475725 0.359102
v -0.754972 1.464137 0.354374
v -0.734646 1.423420 0.348628
v -0.724462 1.425502 0.230997
v -0.748425 1.339769 0.472040
v -0.791676 1.311810 0.476041
v -0.838806 1.323691 0.478913
v -0.860300 1.368352 0.478940
v -0.848542 1.419421 0.476031
v -0.810334 1.447093 0.471928
v -0.763175 1.435351 0.469104
v -0.736606 1.390980 0.469181
v -0.748425 1.323655 0.587816
v -0.791676 1.295694 0.593918
v -0.838806 1.307575 0.628804
v -0.860300 1.352236 0.626694
v -0.848542 1.403305 0.587064
v -0.810333 1.430977 0.565684
v -0.763175 1.419235 0.584879
v -0.736606 1.374863 0.584955
v -0.357222 1.915821 1.082633
v -0.419635 1.895837 1.203779
v -0.402633 1.880241 1.200240
v 0.176396 1.506876 -1.966608
v 0.137980 1.445571 -1.918792
v 0.222928 1.446573 -1.860067
v 0.259687 1.508139 -1.913725
v -0.137980 1.445571 -1.918792
v -0.222929 1.446573 -1.860067
v -0.149546 1.353230 -1.818448
v -0.146392 1.328541 -1.793948
v -0.064951 1.398506 -1.882559
v 0.000000 1.294834 -1.800589
v 0.000000 1.387798 -1.879389
v 0.064951 1.398506 -1.882559
v 0.146392 1.328541 -1.793948
v 0.149546 1.353230 -1.818448
v 0.288297 1.437762 -1.796135
v 0.310680 1.509204 -1.881898
v 0.251023 1.615402 -1.992268
v 0.157128 1.580013 -2.013032
v 0.166439 1.707194 -2.086794
v 0.165741 1.760010 -2.117427
v 0.300466 1.645671 -2.000859
v -0.176396 1.506876 -1.966608
v -0.259686 1.508139 -1.913725
v -0.288295 1.437762 -1.796135
v -0.310679 1.509204 -1.881898
v -0.251022 1.615404 -1.992268
v -0.157128 1.580013 -2.013032
v -0.166438 1.707196 -2.086794
v -0.165741 1.760010 -2.117427
v -0.300466 1.645671 -2.000859
v -0.084081 1.642925 -2.055514
v 0.000000 1.774940 -2.131695
v 0.000000 1.653944 -2.067535
v 0.084081 1.642925 -2.055514
v 0.533255 2.076221 -0.390971
v 0.516064 2.048123 -0.196577
v 0.412545 2.253596 -0.608049
v 0.578638 2.064639 -0.541978
v 0.571460 2.044599 -0.425509
v -0.516063 2.048123 -0.196577
v -0.533255 2.076221 -0.390971
v -0.412543 2.253596 -0.608049
v -0.399802 2.139353 -0.077089
v -0.187057 2.305640 -0.130475
v -0.204047 2.416188 -0.660389
v 0.000000 2.353837 -0.138180
v 0.000000 2.481434 -0.669760
v 0.204046 2.416188 -0.660389
v 0.187057 2.305640 -0.130475
v 0.399802 2.139353 -0.077089
v 0.546078 1.973752 -0.013614
v 0.553065 1.993259 -0.126998
v -0.546078 1.973752 -0.013614
v -0.553065 1.993259 -0.126998
v -0.578638 2.064639 -0.541978
v -0.571460 2.044599 -0.425508
v -0.616081 1.711265 1.158250
v -0.513710 1.794466 1.131484
v -0.531830 1.805079 1.133725
v 0.707052 1.201539 -0.768273
v 0.721530 1.170137 -0.767399
v 0.708106 1.237650 -0.572321
v 0.655423 1.235644 -0.566917
v 0.648256 1.298023 -0.141987
v 0.654737 1.197193 -0.767216
v 0.712941 1.132736 0.545777
v 0.717610 1.239759 0.225920
v 0.695738 1.202987 0.225920
v 0.734810 1.169506 0.545777
v 0.722603 1.201743 0.545777
v 0.705402 1.271993 0.225920
v 0.669661 1.199215 0.545779
v 0.652459 1.269465 0.225920
v 0.701198 1.300551 -0.141988
v 0.721483 1.207701 -0.559832
v 0.702463 1.133117 -0.765825
v 0.701002 1.173718 -0.543199
v 0.691536 1.231544 -0.141987
v 0.713405 1.268317 -0.141988
v -0.513710 1.794466 1.131484
v -0.616081 1.711265 1.158250
v -0.581269 1.713805 1.158303
v -0.721483 1.207703 -0.559832
v -0.691536 1.231544 -0.141987
v -0.701002 1.173718 -0.543201
v -0.702461 1.133117 -0.765825
v -0.721530 1.170137 -0.767399
v -0.708104 1.237650 -0.572321
v -0.707052 1.201541 -0.768273
v -0.717610 1.239759 0.225920
v -0.713405 1.268317 -0.141988
v -0.701198 1.300553 -0.141988
v -0.705400 1.271995 0.225920
v -0.648256 1.298023 -0.141987
v -0.652459 1.269465 0.225920
v -0.669661 1.199215 0.545777
v -0.722603 1.201743 0.545777
v -0.734810 1.169508 0.545777
v -0.712941 1.132736 0.545777
v -0.695738 1.202987 0.225920
v -0.655423 1.235644 -0.566916
v -0.654737 1.197193 -0.767216
v -0.191035 2.024329 0.910883
v -0.101881 2.077840 0.911750
v -0.189080 2.027205 0.986190
v -0.144961 2.066925 1.008014
v -0.125359 2.068830 1.195911
v -0.088290 2.077707 1.162903
v 0.003119 2.085708 1.166923
v 0.131557 2.068582 1.195911
v 0.094514 2.077536 1.162903
v 0.108173 2.077650 0.911750
v 0.151206 2.066639 1.008014
v 0.195259 2.030787 0.986194
v 0.197234 2.032501 0.913167
v 0.094514 2.077536 1.162903
v 0.003119 2.085708 1.166923
v 0.105860 2.124094 1.162704
v 0.003168 2.138400 1.166767
v -0.099548 2.124303 1.162704
v -0.088290 2.077707 1.162903
v 0.083202 2.066563 1.163145
v -0.076999 2.066715 1.163145
v 0.137907 2.058105 1.199840
v -0.131730 2.058352 1.199838
v 0.114621 2.204695 0.587883
v -0.108002 2.204904 0.587881
v 0.122880 2.174672 0.595549
v -0.116320 2.174900 0.595549
v 0.103190 2.250338 0.628494
v -0.096496 2.250529 0.628494
v 0.114621 2.204695 0.587883
v -0.108002 2.204904 0.587881
v -0.189080 2.027205 0.986190
v -0.144961 2.066925 1.008014
v -0.186981 2.016842 0.989314
v -0.149148 2.050942 1.011618
v -0.188187 2.011908 0.904528
v -0.105303 2.065191 0.904538
v -0.191035 2.024329 0.910883
v -0.101881 2.077840 0.911750
v -0.189080 2.027205 0.986190
v -0.186981 2.016842 0.989314
v -0.191035 2.024329 0.910883
v -0.188187 2.011908 0.904528
v 0.122880 2.174672 0.595549
v -0.116320 2.174900 0.595549
v 0.135785 2.085460 0.889858
v -0.129473 2.085708 0.889858
v -0.129473 2.085708 0.889858
v -0.105303 2.065191 0.904538
v 0.135785 2.085460 0.889858
v 0.111573 2.064982 0.904538
v -0.105303 2.065191 0.904538
v -0.076999 2.066715 1.163145
v 0.111573 2.064982 0.904538
v 0.083202 2.066563 1.163145
v -0.131730 2.058352 1.199838
v -0.125359 2.068830 1.195911
v 0.137907 2.058105 1.199840
v 0.131557 2.068582 1.195911
v -0.144961 2.066925 1.008014
v -0.125359 2.068830 1.195911
v -0.149148 2.050942 1.011618
v -0.131730 2.058352 1.199838
v 0.155362 2.050656 1.011620
v 0.151206 2.066639 1.008014
v 0.193141 2.020443 0.989320
v 0.195259 2.030787 0.986194
v 0.108173 2.077650 0.911750
v 0.111573 2.064982 0.904538
v 0.197234 2.032501 0.913167
v 0.194365 2.020081 0.906811
v 0.194365 2.020081 0.906811
v 0.193141 2.020443 0.989320
v 0.197234 2.032501 0.913167
v 0.195259 2.030787 0.986194
v 0.137907 2.058105 1.199840
v 0.131557 2.068582 1.195911
v 0.155362 2.050656 1.011620
v 0.151206 2.066639 1.008014
v 0.105860 2.124094 1.162704
v 0.003168 2.138400 1.166767
v 0.104868 2.192540 0.923115
v -0.099548 2.124303 1.162704
v -0.098363 2.192731 0.923115
v 0.003266 2.207266 0.928078
v 0.003338 2.254529 0.721549
v 0.104939 2.238775 0.718865
v 0.103190 2.250338 0.628494
v -0.096496 2.250529 0.628494
v -0.098292 2.238965 0.718865
v -0.660957 2.023796 -0.325553
v -0.713901 2.026310 -0.325553
v -0.660959 2.035283 -0.740510
v -0.713901 2.037817 -0.740510
v -0.726108 1.994078 -0.325553
v -0.726108 2.005584 -0.740510
v -0.704237 1.957311 -0.325553
v -0.704239 1.968817 -0.740510
v -0.726108 1.988668 -1.010324
v -0.713901 2.018081 -1.025078
v -0.660959 2.015681 -1.025166
v -0.668457 1.986420 -1.092464
v -0.721641 1.987906 -1.094169
v -0.730608 1.765994 -1.327722
v -0.783150 1.770166 -1.324779
v -0.734128 1.733556 -1.395258
v -0.787000 1.736528 -1.393559
v -0.796012 1.730889 -1.313343
v -0.800014 1.696187 -1.382099
v -0.773996 1.701535 -1.308886
v -0.777290 1.669645 -1.376831
v -0.728596 1.685374 -1.322299
v -0.737725 1.661438 -1.383264
v -0.711542 1.926450 -1.064561
v -0.733768 1.958111 -1.080215
v -0.704239 1.954987 -0.994875
v -0.683036 1.720996 0.317771
v -0.725508 1.923821 -0.002752
v -0.670827 1.753233 0.317773
v -0.703636 1.887057 -0.002753
v -0.661164 1.684224 0.317771
v -0.704237 1.957311 -0.325553
v -0.726108 1.994078 -0.325553
v -0.713299 1.956073 -0.002752
v -0.617885 1.750703 0.317773
v -0.660357 1.953539 -0.002752
v -0.713901 2.026310 -0.325553
v -0.660957 2.023796 -0.325553
v 0.000000 1.799082 -2.343074
v 0.000000 1.833298 -2.347608
v -0.226236 1.787871 -2.331796
v 0.226237 1.787871 -2.331796
v 0.150181 1.930394 -2.361438
v 0.457173 1.655371 -2.243671
v 0.358759 1.784155 -2.308060
v 0.472044 1.021909 -1.287494
v 0.471609 1.265448 -1.782773
v 0.355463 0.991907 -1.316523
v 0.365483 1.250341 -1.785138
v 0.466708 1.469435 -2.101863
v 0.361329 1.456062 -2.114988
v 0.351743 1.614131 -2.244090
v 0.203749 1.734127 -2.319223
v 0.000000 1.756692 -2.337283
v -0.203748 1.734127 -2.319223
v -0.351741 1.614131 -2.244090
v 0.000000 1.983410 -2.367362
v -0.150181 1.930394 -2.361438
v -0.457174 1.655371 -2.243671
v -0.361329 1.456062 -2.114988
v -0.466708 1.469435 -2.101863
v -0.365482 1.250341 -1.785137
v -0.471608 1.265450 -1.782773
v -0.355462 0.991907 -1.316523
v -0.472044 1.021909 -1.287494
v -0.358758 1.784156 -2.308060
v 0.302049 1.354278 -1.804172
v 0.187868 1.256338 -1.839397
v 0.201863 0.901717 -1.326855
v 0.000000 1.229357 -1.845907
v 0.000000 0.884762 -1.330443
v -0.201864 0.901716 -1.326855
v -0.187868 1.256338 -1.839397
v -0.302048 1.354278 -1.804172
v -0.149148 2.050942 1.011618
v -0.105303 2.065191 0.904538
v -0.188187 2.011908 0.904528
v 0.750974 1.575458 0.084408
v 0.741310 1.603372 0.035597
v 0.733088 1.553497 0.067138
v 0.735858 1.631070 0.052849
v 0.746722 1.597245 0.107334
v 0.711512 1.644257 0.067302
v 0.751957 1.503864 0.125485
v 0.724393 1.495644 0.121198
v 0.768978 1.525833 0.140714
v 0.765993 1.553684 0.163030
v 0.723740 1.606172 0.123138
v 0.681415 1.634250 0.068275
v 0.736824 1.454367 0.163629
v 0.713539 1.469429 0.171913
v 0.766243 1.461703 0.170664
v 0.784452 1.486633 0.186416
v 0.782031 1.519179 0.205197
v 0.743201 1.567110 0.172425
v 0.695348 1.596889 0.120776
v 0.664075 1.608822 0.055923
v 0.724462 1.425500 0.230996
v 0.720073 1.461625 0.249220
v 0.751757 1.406610 0.223119
v 0.785651 1.414813 0.231341
v 0.804764 1.445626 0.249509
v 0.801653 1.483416 0.261015
v 0.756472 1.536990 0.212893
v 0.714131 1.558860 0.168701
v 0.678854 1.575907 0.102651
v 0.668619 1.581514 0.038543
v 0.734646 1.423420 0.348630
v 0.754973 1.464137 0.354374
v 0.743451 1.378252 0.337149
v 0.778187 1.354133 0.333981
v 0.818561 1.364441 0.339610
v 0.837975 1.403440 0.351897
v 0.830174 1.449598 0.356757
v 0.772537 1.505339 0.267168
v 0.724416 1.528553 0.206847
v 0.699811 1.534384 0.154344
v 0.680310 1.554200 0.079705
v 0.694409 1.567950 0.026135
v 0.748425 1.339769 0.472040
v 0.736606 1.390980 0.469180
v 0.763175 1.435349 0.469104
v 0.810334 1.447091 0.471927
v 0.703526 1.544180 0.064757
v 0.724536 1.577138 0.025079
v 0.702897 1.507265 0.131804
v 0.709424 1.500508 0.192085
v 0.736696 1.495412 0.260922
v 0.796313 1.475725 0.359102
v 0.848542 1.419421 0.476031
v 0.860300 1.368350 0.478940
v 0.838806 1.323691 0.478913
v 0.791676 1.311810 0.476040
v 0.810334 1.430977 0.565686
v 0.763176 1.419235 0.584879
v 0.736607 1.374863 0.584957
v 0.748425 1.323653 0.587816
v 0.791676 1.295694 0.593918
v 0.838806 1.307575 0.628804
v 0.860300 1.352236 0.626693
v 0.848542 1.403305 0.587064
v 0.735275 1.606071 0.017491
v 0.728876 1.638167 0.017500
v 0.703650 1.656340 0.017513
v 0.673132 1.648063 0.017517
v 0.655362 1.620225 0.017511
v 0.661786 1.588461 0.017500
v 0.688343 1.571461 0.017492
v 0.718776 1.578645 0.017488
v -0.188187 2.011908 0.904528
v -0.186981 2.016842 0.989314
v -0.149148 2.050942 1.011618
v 0.704240 1.954987 -0.994875
v 0.704238 1.968798 -0.740510
v 0.726110 1.988668 -1.010324
v 0.733770 1.958111 -1.080215
v 0.721641 1.987906 -1.094169
v 0.783149 1.770166 -1.324779
v 0.796012 1.730889 -1.313343
v 0.711544 1.926450 -1.064560
v 0.773997 1.701535 -1.308886
v 0.728596 1.685374 -1.322299
v 0.713901 2.018081 -1.025077
v 0.704238 1.957311 -0.325553
v 0.726108 1.994078 -0.325553
v 0.726110 2.005584 -0.740510
v 0.713901 2.037817 -0.740510
v 0.660959 2.035283 -0.740508
v 0.660959 2.015681 -1.025166
v 0.668457 1.986420 -1.092464
v 0.730609 1.765992 -1.327722
v 0.734130 1.733554 -1.395258
v 0.786999 1.736528 -1.393559
v 0.800016 1.696187 -1.382099
v 0.777291 1.669645 -1.376831
v 0.737726 1.661436 -1.383264
v 0.713901 2.026310 -0.325553
v 0.660959 2.023777 -0.325553
v 0.726108 1.994078 -0.325553
v 0.704238 1.957311 -0.325553
v 0.703637 1.887057 -0.002753
v 0.725508 1.923821 -0.002752
v 0.683036 1.720996 0.317771
v 0.670827 1.753233 0.317773
v 0.713299 1.956073 -0.002752
v 0.617885 1.750703 0.317773
v 0.660357 1.953539 -0.002752
v 0.713901 2.026310 -0.325553
v 0.660959 2.023777 -0.325553
v 0.661165 1.684224 0.317771
v -0.174193 2.014423 -2.475033
v -0.186488 2.070544 -2.162118
v -0.149267 2.084641 -2.163261
v -0.135116 2.028425 -2.475395
v -0.338791 2.121084 -1.982172
v -0.348606 2.150936 -1.702523
v -0.314041 2.174691 -1.704093
v -0.305113 2.145849 -1.983524
v -0.550768 1.680511 -2.371001
v -0.535231 1.616964 -2.230183
v -0.552972 1.623312 -2.226735
v -0.567702 1.689377 -2.368258
v -0.494807 1.732615 -2.490845
v -0.511301 1.741987 -2.488273
v -0.076999 2.066715 1.163145
v -0.105303 2.065191 0.904538
v -0.149148 2.050942 1.011618
v -0.559022 1.822041 -1.643516
v -0.546520 1.842341 -1.863827
v -0.569243 1.847663 -1.862755
v -0.577339 1.829594 -1.641942
v -0.546520 1.842341 -1.863827
v -0.581591 1.732900 -1.652450
v -0.599906 1.740454 -1.650877
v -0.569243 1.847663 -1.862755
v 1.453515 0.818958 -0.587988
v 1.703064 0.818958 -0.587988
v 1.453538 0.818960 -0.658435
v 1.517492 0.818960 -0.658435
v 1.639088 0.818960 -0.658435
v 1.622966 0.818979 -1.065505
v 1.533614 0.818979 -1.065505
v 1.703041 0.818960 -0.658435
v -0.149148 2.050942 1.011618
v -0.131730 2.058352 1.199838
v -0.076999 2.066715 1.163145
v 1.775100 1.018021 -1.748825
v 1.775100 1.004017 -1.525974
v 1.775100 1.137216 -1.527224
v 1.775100 1.139028 -1.750139
v 1.775098 1.142596 -1.953978
v 1.775098 1.167704 -1.953083
v 1.775100 1.053332 -1.089135
v 1.775100 1.117738 -1.193313
v 1.775100 0.970232 -1.025551
v 1.775100 0.818979 -1.065505
v 1.775098 0.818998 -1.475053
v -0.129473 2.085708 0.889858
v -0.098363 2.192731 0.923115
v -0.101881 2.077840 0.911750
v 1.335054 1.088624 -0.785386
v 1.407770 1.013692 -0.785388
v 1.193357 0.976979 -0.785386
v 1.245365 1.110979 -0.785388
v 1.193357 0.835476 -0.785386
v 1.193357 0.856343 -0.785386
v 1.398706 0.847411 -0.785388
v 0.582055 0.851445 -0.780524
v 0.582067 0.976979 -0.780523
v 0.356529 1.937233 0.868179
v 0.254224 2.008918 0.835274
v 0.440042 1.897967 0.783648
v 0.442290 1.859899 0.904713
v 0.484268 1.824363 0.815799
v 0.570010 1.713685 0.976023
v 0.582738 1.768280 0.516059
v 0.133442 2.108187 0.815582
v 0.137315 2.158422 0.629852
v 0.166349 2.155488 0.632904
v 0.285295 2.057286 0.686516
v 0.438779 1.975580 0.557689
v 0.434761 2.031854 0.388260
v 0.577247 1.868472 0.311898
v 0.522961 1.948320 0.272569
v 0.434732 2.092928 0.217459
v 0.298308 2.156974 0.415772
v 0.290393 2.222430 0.238104
v 0.135126 2.277447 0.238485
v 0.203646 2.361038 -0.104337
v 0.000000 2.292210 0.220984
v 0.000000 2.409254 -0.112046
v -0.203645 2.361038 -0.104337
v -0.135126 2.277447 0.238485
v 0.533446 2.031244 0.080736
v 0.471188 2.113807 0.043641
v 0.425505 2.194751 -0.050951
v 0.461907 2.148878 -0.035898
v 0.294637 2.101672 0.566412
v 0.167951 2.184521 0.560078
v 0.178725 2.237041 0.421100
v -0.425503 2.194751 -0.050951
v -0.434732 2.092928 0.217460
v -0.290392 2.222430 0.238104
v -0.522961 1.948320 0.272569
v -0.533446 2.031244 0.080736
v -0.471186 2.113807 0.043641
v -0.461907 2.148878 -0.035898
v -0.298308 2.156974 0.415772
v -0.434761 2.031854 0.388260
v -0.577247 1.868472 0.311898
v -0.582737 1.768280 0.516059
v -0.438779 1.975580 0.557689
v -0.440041 1.897967 0.783648
v -0.285293 2.057286 0.686516
v -0.254224 2.008918 0.835274
v -0.133441 2.108187 0.815582
v -0.166348 2.155488 0.632904
v -0.137315 2.158422 0.629852
v -0.484268 1.824363 0.815799
v -0.294635 2.101672 0.566412
v -0.167950 2.184520 0.560078
v -0.178724 2.237041 0.421100
v -0.356528 1.937233 0.868179
v -0.442289 1.859899 0.904711
v -0.570010 1.713687 0.976023
v 0.000000 2.108035 0.824227
v 0.000000 2.159127 0.628625
v 0.137315 2.158422 0.629852
v 0.132539 2.188159 0.567145
v 0.000000 2.186578 0.560744
v -0.132538 2.188159 0.567145
v -0.137315 2.158422 0.629852
v -0.101881 2.077840 0.911750
v -0.105303 2.065191 0.904538
v -0.129473 2.085708 0.889858
v -0.589036 2.145087 -1.048563
v -0.429757 2.299964 -1.113835
v -0.545133 2.165166 -0.994768
v -0.584930 2.126532 -0.979705
v -0.567174 2.046218 -0.681910
v -0.521961 2.119408 -0.787481
v -0.560363 2.015414 -0.567678
v -0.385966 2.210067 -0.645751
v -0.189209 2.372011 -0.699137
v -0.210939 2.444515 -1.167220
v 0.000000 2.442686 -0.707029
v 0.000000 2.513209 -1.174892
v 0.210940 2.444515 -1.167220
v 0.189209 2.372011 -0.699137
v 0.429756 2.299964 -1.113835
v 0.385968 2.210067 -0.645751
v 0.545133 2.165166 -0.994768
v 0.521960 2.119408 -0.787481
v 0.560365 2.015414 -0.567679
v 0.567176 2.046218 -0.681910
v 0.584930 2.126532 -0.979705
v 0.589035 2.145087 -1.048564
v 0.155362 2.050656 1.011620
v 0.193141 2.020443 0.989320
v 0.194365 2.020081 0.906811
v -0.917934 0.915027 -0.362973
v -0.823556 0.919955 -0.338589
v -0.810755 0.907765 -0.365508
v -0.901945 0.902987 -0.389176
v -1.004495 0.910304 -0.421666
v -0.991044 0.898143 -0.449260
v -1.067743 0.908811 -0.472945
v -1.061651 0.896484 -0.506574
v -1.130879 0.908464 -0.501194
v -1.129713 0.896110 -0.535343
v -0.714044 0.921719 -0.341970
v -0.710645 0.909377 -0.369513
v -0.707334 0.921860 -0.397305
v -0.798761 0.920384 -0.393003
v -0.887191 0.915737 -0.416212
v -0.978448 0.910790 -0.477259
v -1.055793 0.908976 -0.539639
v -1.128796 0.908576 -0.569143
v -1.209431 0.894799 -0.553496
v -1.210024 0.907241 -0.584732
v -0.561126 0.921858 -0.410697
v -0.561108 0.951852 -0.423037
v -0.706052 0.951852 -0.409026
v -0.794602 0.950422 -0.404955
v -0.882310 0.945808 -0.428145
v -0.974086 0.940836 -0.489227
v -1.053600 0.938974 -0.552812
v -1.128671 0.938561 -0.582949
v -1.210832 0.937212 -0.597713
v -1.209399 0.907174 -0.522233
v -1.209946 0.937117 -0.508955
v -1.131614 0.938405 -0.486483
v -1.070500 0.938740 -0.458783
v -1.010921 0.940150 -0.410489
v -0.925788 0.944804 -0.352585
v -0.829669 0.949814 -0.327972
v -0.715541 0.951654 -0.331260
v -0.561205 0.921719 -0.350769
v -0.561165 0.909377 -0.380762
v -0.561223 0.951654 -0.338290
v -0.750351 1.193728 -1.486100
v -0.772701 1.216676 -1.488056
v -0.774400 1.216682 -1.413337
v -0.780044 1.252381 -1.413830
v -0.778345 1.252376 -1.488550
v -0.715227 1.188089 -1.483027
v -0.752052 1.193734 -1.411380
v -0.751631 1.193330 -1.357132
v -0.757276 1.225894 -1.342494
v -0.737327 1.251385 -1.328713
v -0.760095 1.281307 -1.412114
v -0.758396 1.281301 -1.486834
v -0.716926 1.188097 -1.408308
v -0.729284 1.171706 -1.365058
v -0.750218 1.149637 -1.242081
v -0.755409 1.178824 -1.242100
v -0.737058 1.203059 -1.232708
v -0.702610 1.212070 -1.229437
v -0.699880 1.259451 -1.321337
v -0.722649 1.291735 -1.408837
v -0.720949 1.291729 -1.483557
v -0.729659 1.126766 -1.235086
v -0.694157 1.165298 -1.364656
v -0.697346 1.121354 -1.232723
v 0.816931 1.166769 0.674743
v 0.882269 1.300932 0.665407
v 0.726544 1.209243 0.562196
v 0.814169 1.057296 0.686383
v 0.692733 0.975554 0.567389
v 0.791232 1.433202 0.562196
v 0.918279 1.474859 0.548596
v 0.928756 1.370223 0.699002
v 1.002367 1.312280 0.739803
v 0.948947 1.227805 0.749097
v 1.037162 1.176532 0.819476
v 0.942583 1.115465 0.756649
v 1.078333 1.084071 0.847755
v 0.944646 0.992353 0.758485
v 1.057470 0.976493 0.854834
v 0.898695 1.489661 0.562196
v 0.816931 1.166769 0.674743
v 0.814169 1.057296 0.686383
v 0.194365 2.020081 0.906811
v 0.111573 2.064982 0.904538
v 0.155362 2.050656 1.011620
v -0.174905 -0.000490 -0.920077
v -0.175074 0.056647 -0.920250
v -0.156055 -0.000968 -0.719812
v -0.156330 0.092132 -0.720094
v -0.191047 0.077331 -1.089370
v -0.206708 0.121143 -1.254532
v -0.190814 -0.001010 -1.089132
v -0.206342 -0.002666 -1.254156
v 0.611791 1.337079 -1.684895
v 0.601385 1.310909 -1.692217
v 0.678528 1.291601 -1.699698
v 0.690783 1.304510 -1.676185
v 0.624600 1.348763 -1.661040
v 0.691776 1.301523 -1.645598
v 0.633475 1.340581 -1.632760
v 0.681708 1.285366 -1.625436
v 0.633738 1.318424 -1.616090
v 0.660888 1.268888 -1.704133
v 0.598067 1.284717 -1.681667
v 0.517028 1.290891 -1.662541
v 0.523442 1.317325 -1.670819
v 0.536086 1.341636 -1.661030
v 0.548910 1.350072 -1.635850
v 0.555620 1.338884 -1.608007
v 0.552892 1.315612 -1.593176
v 0.647043 1.248560 -1.689874
v 0.083202 2.066563 1.163145
v 0.137907 2.058105 1.199840
v 0.155362 2.050656 1.011620
v 0.613993 1.683689 1.306628
v 0.611336 1.625176 1.465747
v 0.576451 1.626264 1.465735
v 0.586976 1.691246 1.308990
v 0.531615 1.779352 1.242393
v 0.513956 1.767994 1.240147
v 0.458899 1.830507 1.288677
v 0.441240 1.819149 1.286433
v 0.397875 1.886162 1.285404
v 0.381541 1.869872 1.281873
v 0.371048 1.911858 1.269881
v 0.356799 1.896681 1.266349
v 0.350008 1.912296 1.183161
v 0.364257 1.927479 1.186693
v 0.348501 1.941710 1.064729
v 0.334250 1.926527 1.061197
v 0.155362 2.050656 1.011620
v 0.111573 2.064982 0.904538
v 0.083202 2.066563 1.163145
v 0.826286 1.694136 0.076081
v 0.829182 1.670245 0.128709
v 0.804830 1.710088 0.086096
v 0.807566 1.687657 0.135468
v 0.824850 1.648939 0.201202
v 0.803499 1.667740 0.203296
v 0.817866 1.634115 0.281883
v 0.797046 1.653433 0.279061
v 0.819988 1.634012 0.317175
v 0.793006 1.658278 0.317182
v 0.768761 1.654632 0.275259
v 0.757247 1.659695 0.317217
v 0.749574 1.633631 0.272706
v 0.733776 1.633183 0.317261
v 0.748362 1.605123 0.272577
v 0.733271 1.597272 0.317291
v 0.769182 1.585806 0.275398
v 0.760255 1.573004 0.317285
v 0.797467 1.584608 0.279200
v 0.796014 1.571587 0.317249
v 0.775036 1.668778 0.201107
v 0.756205 1.648143 0.195238
v 0.755607 1.620248 0.189404
v 0.776956 1.601448 0.187310
v 0.816655 1.605608 0.281753
v 0.819484 1.598099 0.317205
v 0.778998 1.687975 0.135505
v 0.760320 1.667868 0.127566
v 0.760011 1.641270 0.117139
v 0.781629 1.623858 0.110380
v 0.810197 1.623542 0.110343
v 0.805419 1.600410 0.189500
v 0.776373 1.709374 0.088440
v 0.757678 1.689398 0.080222
v 0.757249 1.663842 0.067480
v 0.778705 1.647890 0.057464
v 0.807160 1.648604 0.055121
v 0.825858 1.668580 0.063339
v 0.828873 1.643649 0.118282
v 0.824250 1.621045 0.195369
v 0.798052 1.738198 0.034768
v 0.769801 1.736615 0.038716
v 0.751050 1.716868 0.030078
v 0.750378 1.692349 0.015430
v 0.771517 1.677730 0.002958
v 0.799769 1.679313 -0.000991
v 0.818520 1.699060 0.007647
v 0.819194 1.723579 0.022296
v 0.790973 1.760866 -0.000941
v 0.762869 1.758803 0.003770
v 0.744078 1.739187 -0.005079
v 0.743226 1.715247 -0.020647
v 0.764139 1.701369 -0.034294
v 0.792242 1.703430 -0.039004
v 0.811033 1.723046 -0.030156
v 0.811884 1.746986 -0.014588
v 0.135785 2.085460 0.889858
v 0.111573 2.064982 0.904538
v 0.108173 2.077650 0.911750
v 0.302710 1.412424 -1.822942
v 0.302049 1.354278 -1.804172
v 0.365483 1.250341 -1.785138
v 0.361329 1.456062 -2.114988
v 0.288297 1.437762 -1.796135
v 0.310680 1.509204 -1.881898
v 0.351743 1.614131 -2.244090
v 0.300466 1.645671 -2.000859
v 0.203749 1.734127 -2.319223
v 0.165741 1.760010 -2.117427
v 0.000000 1.756692 -2.337283
v 0.000000 1.774940 -2.131695
v -0.165741 1.760010 -2.117427
v -0.203748 1.734127 -2.319223
v -0.300466 1.645671 -2.000859
v -0.351741 1.614131 -2.244090
v -0.310679 1.509204 -1.881898
v -0.361329 1.456062 -2.114988
v -0.288295 1.437762 -1.796135
v -0.302709 1.412424 -1.822942
v -0.365482 1.250341 -1.785137
v -0.302048 1.354278 -1.804172
v 0.108173 2.077650 0.911750
v 0.104868 2.192540 0.923115
v 0.135785 2.085460 0.889858
v -0.603289 1.766752 -1.270595
v -0.540540 1.981867 -1.608586
v -0.628016 1.803231 -1.257441
v -0.589428 2.060410 -1.590863
v -0.414515 2.230641 -1.654274
v -0.414515 2.102263 -1.678779
v -0.198625 2.387556 -1.707661
v -0.198625 2.259159 -1.732167
v 0.000000 2.329301 -1.740000
v 0.000000 2.457679 -1.715494
v 0.198626 2.387556 -1.707661
v 0.198626 2.259159 -1.732167
v 0.414514 2.102263 -1.678779
v 0.414514 2.230641 -1.654274
v 0.540542 1.981867 -1.608586
v 0.589428 2.060410 -1.590864
v 0.628015 1.803231 -1.257441
v 0.603289 1.766750 -1.270595
v 1.548748 0.966626 0.687508
v 1.548750 0.966626 0.326899
v 1.550430 1.032815 0.631924
v 1.550428 1.032815 0.445610
v 1.543780 0.979795 0.062241
v 1.550428 1.159019 0.345830
v 1.548750 0.975381 -0.411484
v 1.550201 1.159019 -0.410591
v 1.548748 1.170146 -0.653343
v 1.550428 1.346524 -0.637055
v 1.548833 1.228357 -1.132662
v 1.550428 1.433084 -1.250145
v 1.548833 1.284991 -1.193262
v 1.550428 1.508676 -1.331473
v 1.548833 1.292381 -1.527223
v 1.552022 1.311339 -1.758832
v 1.550428 1.537674 -2.034712
v 0.576451 1.626264 1.465735
v 0.572239 1.590803 1.482193
v 0.586976 1.691246 1.308990
v 0.582641 1.677116 1.149330
v 0.583728 1.712827 1.158147
v 0.513956 1.767994 1.240147
v 0.513005 1.790572 1.131048
v 0.441240 1.819149 1.286433
v 0.444905 1.831174 1.198980
v 0.381541 1.869872 1.281873
v 0.398273 1.871693 1.199394
v 0.356799 1.896681 1.266349
v 0.350008 1.912296 1.183161
v 0.334250 1.926527 1.061197
v 0.351838 1.905248 1.081691
v 0.513005 1.790572 1.131048
v 0.530665 1.801932 1.133294
v 0.444905 1.831174 1.198980
v 0.462567 1.842533 1.201224
v 0.398273 1.871693 1.199394
v 0.414606 1.887985 1.202925
v 0.397875 1.886162 1.285404
v 0.371048 1.911858 1.269881
v 0.364257 1.927479 1.186693
v 0.617523 1.676027 1.149340
v 0.605868 1.587791 1.481416
v 0.618611 1.711740 1.158156
v 0.613993 1.683689 1.306628
v 0.530665 1.801932 1.133294
v 0.531615 1.779352 1.242393
v 0.462567 1.842533 1.201224
v 0.458899 1.830507 1.288677
v 0.414606 1.887985 1.202925
v 0.366088 1.920431 1.085223
v 0.348501 1.941710 1.064729
v 0.611336 1.625176 1.465747
v 0.351838 1.905248 1.081691
v 0.366088 1.920431 1.085223
v 0.334250 1.926527 1.061197
v 0.348501 1.941710 1.064729
v 0.582641 1.677116 1.149330
v 0.617523 1.676027 1.149340
v 0.583728 1.712827 1.158147
v 0.618611 1.711740 1.158156
v 0.605868 1.587791 1.481416
v 0.617523 1.676027 1.149340
v 0.582641 1.677116 1.149330
v 1.606296 1.537674 -2.034712
v 1.607747 1.311339 -1.758834
v 1.606296 1.508676 -1.331473
v 1.607747 1.292381 -1.527223
v 1.607748 1.284991 -1.193262
v 1.606296 1.433084 -1.250145
v 1.607748 1.228357 -1.132662
v 1.606382 1.346524 -0.637055
v 1.607833 1.170146 -0.653343
v 1.606382 1.159019 -0.410591
v 1.607833 0.975381 -0.411484
v 1.606382 1.159019 0.345830
v 1.612802 0.979795 0.062241
v 1.606382 1.032815 0.445610
v 1.607834 0.966626 0.326899
v 1.606380 1.032815 0.631924
v 1.607834 0.966626 0.687508
v -1.595211 1.291931 -1.526619
v -1.716114 1.291931 -1.526619
v -1.668074 1.259201 -1.526619
v -1.683384 1.135668 -1.526609
v -1.716114 1.136767 -1.526619
v -1.673884 1.036297 -1.525676
v -1.725066 1.003567 -1.525369
v -1.457623 1.036295 -1.525676
v -1.406441 1.003567 -1.525369
v -1.448122 1.135668 -1.526610
v -1.415392 1.136767 -1.526619
v -1.463431 1.259201 -1.526619
v -1.415392 1.291931 -1.526619
v -1.536295 1.291931 -1.526619
v 0.582641 1.677116 1.149330
v 0.572239 1.590803 1.482193
v 0.605868 1.587791 1.481416
v -1.593758 1.537225 -2.034101
v -1.593759 1.508227 -1.330871
v -1.595209 1.310890 -1.758229
v -1.595211 1.291931 -1.526619
v -1.595211 1.284541 -1.192657
v -1.593759 1.432634 -1.249542
v -1.595211 1.227908 -1.132059
v -1.593845 1.346075 -0.636453
v -1.595297 1.169697 -0.652738
v -1.593845 1.158570 -0.409986
v -1.595297 0.974933 -0.410880
v -1.593845 1.158570 0.346432
v -1.600265 0.979347 0.062845
v -1.593845 1.032367 0.446214
v -1.595297 0.966176 0.327504
v -1.593845 1.032367 0.632529
v -1.595297 0.966176 0.688113
v 0.611336 1.625176 1.465747
v 0.605868 1.587791 1.481416
v 0.572239 1.590803 1.482193
v 1.427931 1.292381 -1.527223
v 1.427931 1.137216 -1.527223
v 1.475969 1.259651 -1.527223
v 1.460660 1.136117 -1.527212
v 1.418979 1.004017 -1.525974
v 1.470161 1.036747 -1.526281
v 1.737602 1.004017 -1.525974
v 1.686420 1.036747 -1.526281
v 1.728650 1.137216 -1.527224
v 1.695920 1.136117 -1.527214
v 1.728650 1.292381 -1.527223
v 1.680612 1.259651 -1.527223
v 1.607747 1.292381 -1.527223
v 1.548833 1.292381 -1.527223
v 0.572239 1.590803 1.482193
v 0.576451 1.626264 1.465735
v 0.611336 1.625176 1.465747
v -0.769386 1.131128 -1.109784
v -0.769386 1.180563 -1.101940
v -0.515225 1.131130 -1.109784
v -0.515225 1.180563 -1.101938
v -0.515266 1.220617 -1.129665
v -0.769392 1.220617 -1.129665
v -0.769392 1.235057 -1.181717
v -0.515266 1.235057 -1.181717
v -0.769392 1.213424 -1.228790
v -0.515266 1.213426 -1.228790
v -0.515226 1.165694 -1.247089
v -0.769386 1.165694 -1.247089
v 0.710738 1.168588 -1.503613
v 0.759378 1.176397 -1.507869
v 0.688585 1.168588 -1.756806
v 0.737227 1.176397 -1.761062
v 0.768174 1.208174 -1.763769
v 0.790325 1.208174 -1.510576
v 0.775990 1.257607 -1.764453
v 0.798141 1.257607 -1.511260
v 0.770517 1.297661 -1.508884
v 0.748370 1.297661 -1.762041
v 0.696515 1.312103 -1.757506
v 0.718663 1.312103 -1.504346
v -0.272078 -0.001106 -1.076959
v -0.272187 0.035459 -1.077070
v -0.203464 -0.000542 -0.942438
v -0.203576 0.037968 -0.942554
v -0.188367 0.047068 -0.925428
v -0.188226 -0.000495 -0.925283
v -0.174905 -0.000490 -0.920077
v -0.175074 0.056647 -0.920250
v 0.220248 0.000164 -0.918896
v 0.194618 -0.000384 -0.717779
v 0.215913 0.057298 -0.917850
v 0.194344 0.092717 -0.718061
v 0.233970 0.078038 -1.086758
v 0.251530 0.121906 -1.251779
v 0.234200 -0.000302 -1.086522
v 0.251894 -0.001903 -1.251404
v 0.315298 -0.000128 -1.073351
v 0.244928 0.000204 -0.939683
v 0.315190 0.036437 -1.073462
v 0.244815 0.038715 -0.939801
v 0.229328 0.047763 -0.922862
v 0.229469 0.000200 -0.922717
v 0.220248 0.000164 -0.918896
v 0.215913 0.057298 -0.917850
v 0.414606 1.887985 1.202925
v 0.366088 1.920431 1.085223
v 0.351838 1.905248 1.081691
v 0.464027 2.172386 -1.133338
v 0.576933 2.286781 -1.379075
v 0.476577 2.170024 -1.592399
v 0.562962 2.274189 -1.713639
v 0.642284 2.348465 -2.092909
v 0.644368 2.352427 -1.735322
v 0.612387 2.379593 -1.735973
v 0.544952 2.313966 -1.379727
v 0.610301 2.375649 -2.093557
v 0.530980 2.301354 -1.714291
v 0.446263 2.198580 -1.592388
v 0.435340 2.199646 -1.136336
v 0.557020 1.551324 -2.252681
v 0.518222 1.519860 -2.253386
v 0.588648 1.381946 -2.272436
v 0.549289 1.381992 -2.265693
v 0.596554 1.293531 -2.435562
v 0.565651 1.290283 -2.434800
v 0.348607 2.150936 -1.702523
v 0.426927 2.249462 -1.874638
v 0.338793 2.121084 -1.982172
v 0.390957 2.189055 -2.202275
v 0.435530 2.216658 -2.593315
v 0.462204 2.270646 -2.240794
v 0.427638 2.294420 -2.242376
v 0.392363 2.273217 -1.876208
v 0.400964 2.240433 -2.594877
v 0.356393 2.212829 -2.203837
v 0.305112 2.145849 -1.983524
v 0.314043 2.174691 -1.704093
v 0.186489 2.070544 -2.162118
v 0.259569 2.172900 -2.357381
v 0.174194 2.014423 -2.475033
v 0.213963 2.090357 -2.685136
v 0.242367 2.104168 -3.048438
v 0.279238 2.176805 -2.723674
v 0.243148 2.198218 -2.724779
v 0.223481 2.194312 -2.358485
v 0.206279 2.125580 -3.049543
v 0.188652 2.133848 -2.686222
v 0.135116 2.028425 -2.475395
v 0.149268 2.084641 -2.163261
v -0.692732 0.975554 0.567389
v -0.726544 1.209243 0.562194
v -0.814170 1.057296 0.686383
v -0.816930 1.166769 0.674744
v -0.882270 1.300932 0.665407
v -0.791232 1.433202 0.562196
v -0.918279 1.474859 0.548596
v -0.898695 1.489661 0.562196
v -0.928756 1.370223 0.699002
v -1.002367 1.312282 0.739803
v -0.948947 1.227807 0.749098
v -1.037162 1.176532 0.819476
v -0.942584 1.115465 0.756647
v -1.078333 1.084071 0.847756
v -0.944645 0.992355 0.758484
v -1.057471 0.976493 0.854833
v -0.816930 1.166769 0.674744
v -0.814170 1.057296 0.686383
v -1.215297 1.064489 -0.476265
v -1.175934 0.867186 -0.452110
v -1.414461 0.973737 -0.476267
v -1.410957 0.867025 -0.476265
v -1.175936 0.809345 -0.452110
v 1.578809 0.767818 0.299422
v 1.578807 0.786996 0.299273
v 1.670595 0.779216 0.282022
v 1.670605 0.801426 0.282654
v 1.728650 1.053332 -1.089135
v 1.728650 1.117738 -1.193313
v 1.775100 1.053332 -1.089135
v 1.775100 1.117738 -1.193313
v 1.407770 1.013692 -0.785388
v 1.407747 1.013831 -1.058632
v 1.398706 0.847411 -0.785388
v 1.376627 0.860689 -1.058634
v 1.606382 1.159019 -0.410591
v 1.606382 1.159019 0.345830
v 1.550657 1.159019 -0.410591
v 1.550428 1.159019 0.345830
v 1.606380 1.032815 0.631924
v 1.607834 0.966626 0.687508
v 1.550430 1.032815 0.631924
v 1.548748 0.966626 0.687508
v 1.580034 0.950403 0.119206
v 1.580039 0.953367 0.164732
v 1.657830 0.941828 0.120714
v 1.657840 0.943941 0.164732
v 1.335668 0.976878 -0.824517
v 1.335652 0.976979 -1.019505
v 1.372781 1.043153 -0.824517
v 1.372766 1.043252 -1.019505
v 1.775100 1.004017 -1.525974
v 1.775100 1.018021 -1.748825
v 1.737602 1.004017 -1.525974
v 1.737602 1.018021 -1.748825
v 1.775098 1.142596 -1.953978
v 1.775098 1.167704 -1.953083
v 1.737602 1.142596 -1.953978
v 1.737602 1.167704 -1.953083
v 0.582046 0.852440 -0.766656
v 1.193728 0.851114 -0.766749
v 0.757855 0.966894 -0.766656
v 1.193728 0.966896 -0.766658
v 1.775098 1.167704 -1.953083
v 1.775100 1.139028 -1.750139
v 1.737602 1.167704 -1.953083
v 1.737602 1.139028 -1.750139
v 0.354315 1.028702 -1.103199
v 0.354292 1.028841 -1.182580
v 1.379119 1.028700 -1.103199
v 1.379096 1.028841 -1.182580
v 0.943516 1.002621 -0.458284
v 0.943516 0.950898 -0.458376
v 0.540490 1.002621 -0.458284
v 0.562520 0.950898 -0.458376
v 1.379119 0.976979 -1.103291
v 0.354315 0.976979 -1.103289
v 1.379119 1.028700 -1.103199
v 0.354315 1.028702 -1.103199
v 0.926428 1.002762 -0.537667
v 0.926428 0.951039 -0.537759
v 0.971110 0.932246 -0.663241
v 0.971020 0.880523 -0.663241
v 0.990364 0.932105 -0.591307
v 0.990272 0.880382 -0.591307
v 0.943516 1.002621 -0.458284
v 0.943516 0.950898 -0.458376
v 0.971110 0.932246 -0.663241
v 0.971020 0.880523 -0.663241
v 1.255378 0.932246 -0.669454
v 1.255378 0.880523 -0.669543
v 1.251389 0.895201 -0.501225
v 1.251371 0.895318 -0.712798
v 1.273731 1.035870 -0.501225
v 1.273713 1.035987 -0.712800
v 1.199422 0.900699 -0.501221
v 1.193749 0.867636 -0.735835
v 1.199403 0.900815 -0.712794
v 1.227811 1.065080 -0.737146
v 1.227834 1.064939 -0.476869
v 1.221745 1.041484 -0.712794
v 1.221764 1.041368 -0.501221
v 1.188470 0.867636 -0.452714
v 1.249546 1.121746 -0.773834
v 1.194235 0.993734 -0.777678
v 1.231788 1.128638 -0.773828
v 1.184584 1.000626 -0.777673
v 0.536143 0.809795 -0.248505
v 0.536143 0.867636 -0.248505
v 0.957544 0.809795 -0.248505
v 0.957544 0.867636 -0.248506
v -0.186488 2.070544 -2.162118
v -0.259570 2.172900 -2.357381
v -0.223480 2.194312 -2.358485
v 0.351838 1.905248 1.081691
v 0.398273 1.871693 1.199394
v 0.414606 1.887985 1.202925
v -0.223480 2.194312 -2.358485
v -0.149267 2.084641 -2.163261
v -0.186488 2.070544 -2.162118
v 0.618611 1.711740 1.158156
v 0.530665 1.801932 1.133294
v 0.513005 1.790572 1.131048
v -0.213964 2.090357 -2.685136
v -0.174193 2.014423 -2.475033
v -0.135116 2.028425 -2.475395
v 0.513005 1.790572 1.131048
v 0.583728 1.712827 1.158147
v 0.618611 1.711740 1.158156
v -0.135116 2.028425 -2.475395
v -0.188652 2.133848 -2.686222
v -0.213964 2.090357 -2.685136
v 1.478292 0.897120 -0.157881
v 1.478291 0.897120 -0.586778
v 1.678048 0.897120 -0.157881
v 1.678048 0.897120 -0.586778
v 1.699521 0.875647 -0.586778
v 1.699523 0.875647 -0.157881
v 1.699523 0.840541 -0.586778
v 1.699523 0.840541 -0.157881
v 1.676674 0.817300 -0.157881
v 1.676672 0.817300 -0.586777
v 1.478292 0.897120 -0.157881
v 1.456818 0.875647 -0.157881
v 1.478291 0.897120 -0.586778
v 1.456816 0.875647 -0.586776
v 1.456818 0.840572 -0.586776
v 1.456818 0.840572 -0.157880
v 1.474363 0.817300 -0.586776
v 1.474365 0.817300 -0.157881
v 1.676672 0.817300 -0.586777
v 1.676674 0.817300 -0.157881
v 1.656702 0.817237 0.189142
v 1.657840 0.943941 0.164732
v 1.670605 0.817237 0.189141
v 1.670605 0.961865 0.161279
v 1.580039 0.971291 0.161280
v 1.580039 0.953367 0.164732
v 1.499772 0.943941 0.164733
v 1.487007 0.961865 0.161280
v 1.494082 0.817237 0.189142
v 1.487007 0.817237 0.189142
v -0.242368 2.104168 -3.048438
v -0.213964 2.090357 -2.685136
v -0.188652 2.133848 -2.686222
v 1.335652 0.976979 -1.019505
v 1.335668 0.976878 -0.824517
v 1.203684 0.977109 -1.041507
v 1.203703 0.976993 -0.814270
v 1.193334 0.977118 -1.058632
v 1.193357 0.976979 -0.785386
v 0.582067 0.977118 -1.058632
v 0.582067 0.976979 -0.780523
v 1.670595 0.779216 0.282022
v 1.670605 0.801426 0.282654
v 1.673196 0.788647 0.119050
v 1.670605 0.817237 0.189141
v 1.671881 0.825638 0.110240
v 1.670605 0.961865 0.161279
v 1.673032 0.855145 0.048420
v 1.664037 0.951528 0.050053
v 0.540467 1.002760 -0.537667
v 0.926428 1.002762 -0.537667
v 0.540490 1.002621 -0.458284
v 0.943516 1.002621 -0.458284
v 0.990364 0.932105 -0.591307
v 0.971110 0.932246 -0.663241
v 1.255378 0.932246 -0.669454
v 1.255400 0.932105 -0.590072
v -0.188652 2.133848 -2.686222
v -0.206278 2.125580 -3.049543
v -0.242368 2.104168 -3.048438
v 1.728732 0.804274 -0.151784
v 1.427843 0.804558 -0.151767
v 1.579079 0.777009 0.120192
v 1.735823 0.789021 0.111589
v 1.673196 0.788647 0.119050
v 1.670595 0.779216 0.282022
v 1.578809 0.767818 0.299422
v 1.486997 0.779389 0.282031
v 1.484936 0.788790 0.119670
v 1.420755 0.789318 0.111607
v 0.536143 0.809795 -0.248505
v 0.957544 0.809795 -0.248505
v 0.582042 0.772114 -0.735938
v 1.193336 0.787567 -0.737146
v 1.188470 0.809795 -0.452714
v 1.423471 0.814648 -0.737146
v 1.423494 0.867474 -0.476869
v 0.582069 0.856482 -1.058630
v 1.376627 0.860689 -1.058634
v 0.582067 0.977118 -1.058632
v 1.193334 0.977118 -1.058632
v 1.407747 1.013831 -1.058632
v 1.245344 1.111120 -1.058632
v 1.335031 1.088765 -1.058632
v 1.245365 1.110979 -0.785388
v 1.245344 1.111120 -1.058632
v 1.335054 1.088624 -0.785386
v 1.335031 1.088765 -1.058632
v 1.407770 1.013692 -0.785388
v 1.407747 1.013831 -1.058632
v 1.475969 1.259657 -1.492034
v 1.460660 1.136397 -1.492025
v 1.680612 1.259657 -1.492034
v 1.695920 1.136397 -1.492025
v 1.686420 1.037295 -1.491093
v 1.470161 1.037295 -1.491093
v 1.543780 0.979795 0.062241
v 1.548750 0.966626 0.326899
v 1.612802 0.979795 0.062241
v 1.607834 0.966626 0.326899
v 1.548748 0.966626 0.687508
v 1.607834 0.966626 0.687508
v 0.560365 2.015414 -0.567679
v 0.603169 1.927212 -0.606529
v 0.572016 1.921955 -0.251161
v 0.560512 1.928203 -0.004078
v 0.545034 1.965922 -0.138552
v 0.553065 1.993259 -0.126998
v 0.546078 1.973752 -0.013614
v 0.566779 1.889813 0.006575
v 0.564770 2.014842 -0.434070
v 0.547988 2.024691 -0.691374
v 0.568360 2.099691 -0.988278
v 0.576721 2.061972 -1.074824
v 0.605876 1.913115 -0.855827
v 0.603169 1.927212 -0.606529
v 0.560365 2.015414 -0.567679
v 0.608583 1.899022 -1.105125
v 0.522961 1.948320 0.272569
v 0.533446 2.031244 0.080736
v 0.513358 1.937861 0.267666
v 0.523132 2.021377 0.076070
v 0.471188 2.113807 0.043641
v 0.461907 2.148878 -0.035898
v 0.461277 2.103787 0.038472
v 0.451691 2.139106 -0.040959
v 0.533446 2.031244 0.080736
v 0.471188 2.113807 0.043641
v 0.523132 2.021377 0.076070
v 0.461277 2.103787 0.038472
v 0.610301 2.375649 -2.093557
v 0.530980 2.301354 -1.714291
v 0.642284 2.348465 -2.092909
v 0.562962 2.274189 -1.713639
v 0.356393 2.212829 -2.203837
v 0.305112 2.145849 -1.983524
v 0.390957 2.189055 -2.202275
v 0.338793 2.121084 -1.982172
v 0.314043 2.174691 -1.704093
v 0.392363 2.273217 -1.876208
v 0.348607 2.150936 -1.702523
v 0.426927 2.249462 -1.874638
v 0.427638 2.294420 -2.242376
v 0.400964 2.240433 -2.594877
v 0.462204 2.270646 -2.240794
v 0.435530 2.216658 -2.593315
v 0.400964 2.240433 -2.594877
v 0.356393 2.212829 -2.203837
v 0.435530 2.216658 -2.593315
v 0.390957 2.189055 -2.202275
v 0.577247 1.868472 0.311898
v 0.522961 1.948320 0.272569
v 0.567526 1.858040 0.307200
v 0.513358 1.937861 0.267666
v 0.564770 2.014842 -0.434070
v 0.545034 1.965922 -0.138552
v 0.519103 2.057971 -0.399120
v 0.501924 2.029854 -0.204729
v 0.435340 2.199646 -1.136336
v 0.544952 2.313966 -1.379727
v 0.464027 2.172386 -1.133338
v 0.576933 2.286781 -1.379075
v 0.577173 1.983924 -1.172790
v 0.577584 1.974647 -1.258721
v 0.579019 1.889865 -1.275801
v 0.578664 2.004841 -1.453768
v 0.571460 2.044599 -0.425509
v 0.578638 2.064639 -0.541978
v 0.564770 2.014842 -0.434070
v 0.560365 2.015414 -0.567679
v 0.547988 2.024691 -0.691374
v 0.502718 2.097900 -0.796900
v 0.568360 2.099691 -0.988278
v 0.526062 2.143525 -1.004200
v 0.545133 2.165166 -0.994768
v 0.584930 2.126532 -0.979705
v 0.526062 2.143525 -1.004200
v 0.568360 2.099691 -0.988278
v 0.584930 2.126532 -0.979705
v 0.589035 2.145087 -1.048564
v 0.568360 2.099691 -0.988278
v 0.576721 2.061972 -1.074824
v 0.612728 1.889415 -1.272170
v 0.593297 1.992306 -1.160179
v 0.579019 1.889865 -1.275801
v 0.577173 1.983924 -1.172790
v 0.598821 2.013928 -1.463436
v 0.612728 1.889415 -1.272170
v 0.578664 2.004841 -1.453768
v 0.579019 1.889865 -1.275801
v 0.581591 1.732900 -1.652450
v 0.571338 1.775348 -1.633300
v 0.546519 1.842341 -1.863827
v 0.559024 1.822041 -1.643516
v 0.599907 1.740454 -1.650877
v 0.589654 1.782901 -1.631728
v 0.581591 1.732900 -1.652450
v 0.571338 1.775348 -1.633300
v 0.577340 1.829594 -1.641943
v 0.559024 1.822041 -1.643516
v 1.737602 1.004017 -1.525974
v 1.737602 1.018021 -1.748825
v 1.728650 1.137216 -1.527224
v 1.737602 1.139028 -1.750139
v 1.737602 1.167704 -1.953083
v 1.737602 1.142596 -1.953978
v 1.427845 0.954226 -0.587975
v 1.728736 0.954226 -0.587975
v 1.427845 0.839537 -0.587984
v 1.728734 0.839537 -0.587984
v 1.453515 0.818958 -0.587988
v 1.703064 0.818958 -0.587988
v 1.427931 1.117738 -1.193313
v 1.381481 1.117738 -1.193311
v 1.427931 1.137216 -1.527223
v 1.381481 1.137216 -1.527223
v 1.418979 1.139028 -1.750137
v 1.381481 1.139028 -1.750139
v 1.728650 1.117738 -1.193313
v 1.728650 1.137216 -1.527224
v 1.775100 1.117738 -1.193313
v 1.775100 1.137216 -1.527224
v 1.737602 1.139028 -1.750139
v 1.775100 1.139028 -1.750139
v 0.552974 1.623312 -2.226736
v 0.546879 1.731695 -2.187683
v 0.535232 1.616964 -2.230184
v 0.529224 1.724459 -2.190903
v 0.392363 2.273217 -1.876208
v 0.427638 2.294420 -2.242376
v 0.426927 2.249462 -1.874638
v 0.462204 2.270646 -2.240794
v 0.243148 2.198218 -2.724779
v 0.206279 2.125580 -3.049543
v 0.279238 2.176805 -2.723674
v 0.242367 2.104168 -3.048438
v 0.612387 2.379593 -1.735973
v 0.610301 2.375649 -2.093557
v 0.644368 2.352427 -1.735322
v 0.642284 2.348465 -2.092909
v 0.544952 2.313966 -1.379727
v 0.612387 2.379593 -1.735973
v 0.576933 2.286781 -1.379075
v 0.644368 2.352427 -1.735322
v -0.578663 2.004841 -1.453768
v -0.577585 1.974647 -1.258721
v -0.579017 1.889867 -1.275801
v -0.577173 1.983924 -1.172790
v 0.446263 2.198580 -1.592388
v 0.435340 2.199646 -1.136336
v 0.476577 2.170024 -1.592399
v 0.464027 2.172386 -1.133338
v 0.223481 2.194312 -2.358485
v 0.243148 2.198218 -2.724779
v 0.259569 2.172900 -2.357381
v 0.279238 2.176805 -2.723674
v 0.530980 2.301354 -1.714291
v 0.446263 2.198580 -1.592388
v 0.562962 2.274189 -1.713639
v 0.476577 2.170024 -1.592399
v -0.451691 2.139106 -0.040959
v -0.461907 2.148878 -0.035898
v -0.461275 2.103787 0.038473
v -0.471186 2.113807 0.043641
v -0.461275 2.103787 0.038473
v -0.471186 2.113807 0.043641
v -0.523132 2.021377 0.076070
v -0.533446 2.031244 0.080736
v -0.523132 2.021377 0.076070
v -0.533446 2.031244 0.080736
v -0.513357 1.937861 0.267666
v -0.522961 1.948320 0.272569
v -0.513357 1.937861 0.267666
v -0.522961 1.948320 0.272569
v -0.567526 1.858040 0.307200
v -0.577247 1.868472 0.311898
v -0.501922 2.029854 -0.204728
v -0.545034 1.965922 -0.138552
v -0.519103 2.057971 -0.399120
v -0.564770 2.014842 -0.434069
v -0.560363 2.015414 -0.567678
v -0.578638 2.064639 -0.541978
v -0.564770 2.014842 -0.434069
v -0.571460 2.044599 -0.425508
v -0.526062 2.143525 -1.004200
v -0.502718 2.097900 -0.796900
v -0.568361 2.099691 -0.988280
v -0.547987 2.024691 -0.691374
v -0.568361 2.099691 -0.988280
v -0.584930 2.126532 -0.979705
v -0.526062 2.143525 -1.004200
v -0.545133 2.165166 -0.994768
v -0.576722 2.061972 -1.074824
v -0.589036 2.145087 -1.048563
v -0.568361 2.099691 -0.988280
v -0.584930 2.126532 -0.979705
v -0.577173 1.983924 -1.172790
v -0.593297 1.992306 -1.160179
v -0.579017 1.889867 -1.275801
v -0.612728 1.889417 -1.272172
v -0.579017 1.889867 -1.275801
v -0.612728 1.889417 -1.272172
v -0.578663 2.004841 -1.453768
v -0.598820 2.013928 -1.463436
v -0.559022 1.822041 -1.643516
v -0.571338 1.775348 -1.633301
v -0.546520 1.842341 -1.863827
v -0.581591 1.732900 -1.652450
v -0.529223 1.724459 -2.190902
v -0.546880 1.731695 -2.187683
v -0.535231 1.616964 -2.230183
v -0.552972 1.623312 -2.226735
v -0.338791 2.121084 -1.982172
v -0.305113 2.145849 -1.983524
v -0.390956 2.189055 -2.202275
v -0.356392 2.212829 -2.203837
v -0.390956 2.189055 -2.202275
v -0.356392 2.212829 -2.203837
v -0.435529 2.216658 -2.593315
v -0.400965 2.240433 -2.594877
v -0.435529 2.216658 -2.593315
v -0.400965 2.240433 -2.594877
v -0.462203 2.270646 -2.240794
v -0.427639 2.294420 -2.242376
v -0.462203 2.270646 -2.240794
v -0.427639 2.294420 -2.242376
v -0.426926 2.249462 -1.874638
v -0.392362 2.273217 -1.876208
v -0.242368 2.104168 -3.048438
v -0.206278 2.125580 -3.049543
v -0.279237 2.176805 -2.723674
v -0.243149 2.198218 -2.724779
v -0.279237 2.176805 -2.723674
v -0.243149 2.198218 -2.724779
v -0.259570 2.172900 -2.357381
v -0.223480 2.194312 -2.358485
v -0.576931 2.286781 -1.379075
v -0.544950 2.313966 -1.379727
v -0.464026 2.172386 -1.133338
v -0.435338 2.199646 -1.136336
v -0.464026 2.172386 -1.133338
v -0.435338 2.199646 -1.136336
v -0.476576 2.170024 -1.592399
v -0.446262 2.198580 -1.592388
v -0.476576 2.170024 -1.592399
v -0.446262 2.198580 -1.592388
v -0.562960 2.274189 -1.713639
v -0.530979 2.301354 -1.714290
v -0.426926 2.249462 -1.874638
v -0.392362 2.273217 -1.876208
v -0.348606 2.150936 -1.702523
v -0.314041 2.174691 -1.704093
v -0.644368 2.352427 -1.735322
v -0.612387 2.379593 -1.735973
v -0.576931 2.286781 -1.379075
v -0.544950 2.313966 -1.379727
v -0.562960 2.274189 -1.713639
v -0.530979 2.301354 -1.714290
v -0.642283 2.348465 -2.092909
v -0.610301 2.375649 -2.093557
v -0.642283 2.348465 -2.092909
v -0.610301 2.375649 -2.093557
v -0.644368 2.352427 -1.735322
v -0.612387 2.379593 -1.735973
v -0.608581 1.899022 -1.105125
v -0.576722 2.061972 -1.074824
v -0.605876 1.913115 -0.855827
v -0.547987 2.024691 -0.691374
v -0.603169 1.927212 -0.606529
v -0.560363 2.015414 -0.567678
v -0.568361 2.099691 -0.988280
v 1.499765 0.940605 0.120665
v 1.493185 0.811303 0.144296
v 1.499772 0.943941 0.164733
v 1.494082 0.817237 0.189142
v 1.496612 0.796661 0.267664
v 1.496612 0.803758 0.268864
v 0.566745 1.993925 0.007059
v 0.451691 2.139106 -0.040959
v 0.546078 1.973752 -0.013614
v 0.399802 2.139353 -0.077089
v 0.425505 2.194751 -0.050951
v 0.203646 2.361038 -0.104337
v 0.187057 2.305640 -0.130475
v 0.000000 2.353837 -0.138180
v 0.000000 2.409254 -0.112046
v -0.203645 2.361038 -0.104337
v -0.187057 2.305640 -0.130475
v -0.399802 2.139353 -0.077089
v -0.425503 2.194751 -0.050951
v -0.451691 2.139106 -0.040959
v -0.461907 2.148878 -0.035898
v 0.461907 2.148878 -0.035898
v -0.546078 1.973752 -0.013614
v -0.566745 1.993925 0.007059
v 1.661000 0.796661 0.267664
v 1.578807 0.782233 0.284283
v 1.657241 0.810934 0.144612
v 1.575212 0.796690 0.144454
v 1.496612 0.796661 0.267664
v 1.493185 0.811303 0.144296
v 0.596554 1.293531 -2.435562
v 0.589565 1.347252 -2.171853
v 0.588648 1.381946 -2.272436
v 0.557020 1.551324 -2.252681
v 0.560523 1.518782 -2.079879
v 0.494806 1.732615 -2.490845
v 0.550767 1.680511 -2.371001
v 0.487866 1.752671 -2.379516
v 0.529224 1.724459 -2.190903
v 0.535232 1.616964 -2.230184
v -0.560522 1.518782 -2.079879
v -0.589566 1.347252 -2.171853
v -0.557020 1.551325 -2.252681
v -0.588647 1.381946 -2.272436
v -0.596555 1.293531 -2.435580
v -0.535231 1.616964 -2.230183
v -0.550768 1.680511 -2.371001
v -0.529223 1.724459 -2.190902
v -0.487865 1.752671 -2.379516
v -0.494807 1.732615 -2.490845
v -0.566777 1.889813 0.006575
v -0.572016 1.921955 -0.251161
v -0.560512 1.928203 -0.004078
v -0.560363 2.015414 -0.567678
v -0.545034 1.965922 -0.138552
v -0.564770 2.014842 -0.434069
v -0.603169 1.927212 -0.606529
v -0.553065 1.993259 -0.126998
v -0.546078 1.973752 -0.013614
v 1.775100 1.004017 -1.525974
v 1.737602 1.004017 -1.525974
v 1.775098 0.818998 -1.475053
v 1.381481 0.818998 -1.475053
v 1.418979 1.004017 -1.525974
v 1.381481 1.004017 -1.525974
v 0.451691 2.139106 -0.040959
v 0.566745 1.993925 0.007059
v 0.461277 2.103787 0.038472
v 0.523132 2.021377 0.076070
v 0.567526 1.858040 0.307200
v 0.513358 1.937861 0.267666
v 1.418979 1.004017 -1.525974
v 1.427931 1.137216 -1.527223
v 1.418979 1.018021 -1.748825
v 1.418979 1.139028 -1.750137
v 1.418979 1.142596 -1.953978
v 1.418979 1.167704 -1.953083
v 0.573662 0.922308 -0.411301
v 0.573645 0.952302 -0.423642
v 0.573662 0.982237 -0.411160
v 0.573702 0.909826 -0.381368
v 0.573742 0.922169 -0.351375
v 0.573742 0.982098 -0.351234
v 0.573702 0.994580 -0.381170
v 0.573759 0.952104 -0.338894
v 0.582044 0.844761 -0.735833
v 1.193749 0.867636 -0.735835
v 0.536143 0.867636 -0.248505
v 0.957544 0.867636 -0.248506
v 1.188470 0.867636 -0.452714
v 1.639088 0.818960 -0.658435
v 1.639088 0.959251 -0.652703
v 1.639026 0.972318 -1.024928
v 1.639026 1.053332 -1.089135
v 1.639077 1.025705 -0.690315
v 1.638892 0.926636 0.034673
v 1.639022 0.838577 0.034673
v 1.579858 0.936062 0.034670
v 1.518948 0.926636 0.034666
v 1.519056 0.838560 0.034666
v 1.638540 0.826023 0.139407
v 1.638879 0.925864 0.123265
v 1.657830 0.941828 0.120714
v 1.580034 0.950403 0.119206
v 1.579849 0.935033 0.121691
v 1.518935 0.925830 0.123084
v 1.499765 0.940605 0.120665
v 1.493185 0.811303 0.144296
v 1.657241 0.810934 0.144612
v 1.575212 0.796690 0.144454
v 1.516832 0.825951 0.139229
v 1.493185 0.811303 0.144296
v 1.517553 0.972318 -1.024928
v 1.381481 0.970232 -1.025549
v 1.517553 1.053332 -1.089135
v 1.427931 1.053332 -1.089135
v 1.381481 1.053332 -1.089135
v 1.188470 0.809795 -0.452714
v 1.188470 0.867636 -0.452714
v 1.423494 0.867474 -0.476869
v 1.426997 0.974187 -0.476869
v 1.227834 1.064939 -0.476869
v 1.517506 1.025705 -0.690315
v 1.517492 0.959251 -0.652703
v 1.517553 1.053332 -1.089135
v 1.517553 0.972318 -1.024928
v 1.517492 0.818960 -0.658435
v 0.582046 0.801222 -0.765517
v 1.193357 0.835476 -0.785386
v 0.582059 0.787923 -1.324699
v 1.355089 0.778989 -1.324701
v 1.398706 0.847411 -0.785388
v 1.427868 0.844565 -0.657387
v 1.453538 0.818960 -0.658435
v 1.427870 0.959251 -0.652703
v 1.517492 0.959251 -0.652703
v 1.517492 0.818960 -0.658435
v 0.582046 0.852440 -0.766656
v 0.582044 0.844761 -0.735833
v 0.582046 0.801222 -0.765517
v 0.582042 0.772114 -0.735938
v 0.536143 0.809795 -0.248505
v 0.536143 0.867636 -0.248505
v 0.582059 0.787923 -1.324699
v 0.582069 0.856482 -1.058630
v 0.582059 0.856482 -1.324699
v 0.582067 0.977118 -1.058632
v 0.582067 0.976979 -0.780523
v 0.582055 0.851445 -0.780524
v 0.582046 0.852440 -0.766656
v 1.606382 1.346524 -0.637055
v 1.606382 1.159019 -0.410591
v 1.550428 1.346524 -0.637055
v 1.550657 1.159019 -0.410591
v 0.540467 1.002760 -0.537667
v 0.562497 0.951039 -0.537757
v 0.926428 1.002762 -0.537667
v 0.926428 0.951039 -0.537759
v 0.354292 0.977118 -1.182672
v 1.379096 0.977118 -1.182672
v 0.354292 1.028841 -1.182580
v 1.379096 1.028841 -1.182580
v 1.775100 1.018021 -1.748825
v 1.775098 1.142596 -1.953978
v 1.737602 1.018021 -1.748825
v 1.737602 1.142596 -1.953978
v 1.193749 0.867636 -0.735835
v 0.582044 0.844761 -0.735833
v 1.193751 0.966755 -0.740716
v 0.757877 0.966755 -0.740714
v 0.757877 0.966755 -0.740714
v 0.757855 0.966894 -0.766656
v 1.193751 0.966755 -0.740716
v 1.193728 0.966896 -0.766658
v 1.225919 1.116225 -0.805646
v 1.225900 1.116345 -1.038364
v 1.231788 1.128638 -0.773828
v 1.231761 1.128785 -1.070176
v 1.245344 1.111120 -1.058632
v 1.245365 1.110979 -0.785388
v 1.249522 1.121891 -1.070182
v 1.249546 1.121746 -0.773834
v 0.957544 0.809795 -0.248505
v 0.957544 0.867636 -0.248506
v 1.188470 0.809795 -0.452714
v 1.188470 0.867636 -0.452714
v 1.249522 1.121891 -1.070182
v 1.249546 1.121746 -0.773834
v 1.231761 1.128785 -1.070176
v 1.231788 1.128638 -0.773828
v 1.221764 1.041368 -0.501221
v 1.199422 0.900699 -0.501221
v 1.273731 1.035870 -0.501225
v 1.251389 0.895201 -0.501225
v 1.199422 0.900699 -0.501221
v 1.199403 0.900815 -0.712794
v 1.251389 0.895201 -0.501225
v 1.251371 0.895318 -0.712798
v 1.199403 0.900815 -0.712794
v 1.221745 1.041484 -0.712794
v 1.251371 0.895318 -0.712798
v 1.273713 1.035987 -0.712800
v 1.221745 1.041484 -0.712794
v 1.221764 1.041368 -0.501221
v 1.273713 1.035987 -0.712800
v 1.273731 1.035870 -0.501225
v 1.607748 1.228357 -1.132662
v 1.607748 1.284991 -1.193262
v 1.728650 1.228357 -1.132662
v 1.728650 1.284991 -1.193262
v 1.607833 0.975381 -0.411484
v 1.607833 1.170146 -0.653343
v 1.728736 0.975381 -0.411484
v 1.728736 1.170146 -0.653343
v 1.607748 1.284991 -1.193262
v 1.607747 1.292381 -1.527223
v 1.728650 1.284991 -1.193262
v 1.728650 1.292381 -1.527223
v 1.607833 1.170146 -0.653343
v 1.607748 1.228357 -1.132662
v 1.728736 1.170146 -0.653343
v 1.728650 1.228357 -1.132662
v 1.607747 1.311339 -1.758834
v 1.606296 1.537674 -2.034712
v 1.552022 1.311339 -1.758832
v 1.550428 1.537674 -2.034712
v 1.606296 1.537674 -2.034712
v 1.606296 1.508676 -1.331473
v 1.550428 1.537674 -2.034712
v 1.550428 1.508676 -1.331473
v 1.606382 1.032815 0.445610
v 1.606380 1.032815 0.631924
v 1.550428 1.032815 0.445610
v 1.550430 1.032815 0.631924
v 1.606382 1.159019 0.345830
v 1.606382 1.032815 0.445610
v 1.550428 1.159019 0.345830
v 1.550428 1.032815 0.445610
v 1.606296 1.508676 -1.331473
v 1.606296 1.433084 -1.250145
v 1.550428 1.508676 -1.331473
v 1.550428 1.433084 -1.250145
v 1.606296 1.433084 -1.250145
v 1.606382 1.346524 -0.637055
v 1.550428 1.433084 -1.250145
v 1.550428 1.346524 -0.637055
v 0.990272 0.880382 -0.591307
v 0.990364 0.932105 -0.591307
v 1.255400 0.880382 -0.590162
v 1.255400 0.932105 -0.590072
v 0.354315 0.976979 -1.103289
v 0.354292 0.977118 -1.182672
v 0.354315 1.028702 -1.103199
v 0.354292 1.028841 -1.182580
v 1.379096 0.977118 -1.182672
v 0.354292 0.977118 -1.182672
v 1.379119 0.976979 -1.103291
v 0.354315 0.976979 -1.103289
v 0.971020 0.880523 -0.663241
v 0.990272 0.880382 -0.591307
v 1.255378 0.880523 -0.669543
v 1.255400 0.880382 -0.590162
v 1.255400 0.932105 -0.590072
v 1.255378 0.932246 -0.669454
v 1.255400 0.880382 -0.590162
v 1.255378 0.880523 -0.669543
v 0.971020 0.880523 -0.663241
v 0.926428 0.951039 -0.537759
v 0.990272 0.880382 -0.591307
v 0.943516 0.950898 -0.458376
v 0.926428 0.951039 -0.537759
v 0.562497 0.951039 -0.537757
v 0.943516 0.950898 -0.458376
v 0.562520 0.950898 -0.458376
v 0.540467 1.002760 -0.537667
v 0.540490 1.002621 -0.458284
v 0.562497 0.951039 -0.537757
v 0.562520 0.950898 -0.458376
v 0.582046 0.801222 -0.765517
v 0.582042 0.772114 -0.735938
v 1.193357 0.835476 -0.785386
v 1.193336 0.787567 -0.737146
v 0.757855 0.966894 -0.766656
v 0.757877 0.966755 -0.740714
v 0.582046 0.852440 -0.766656
v 0.582044 0.844761 -0.735833
v 1.227834 1.064939 -0.476869
v 1.227811 1.065080 -0.737146
v 1.426997 0.974187 -0.476869
v 1.426974 0.974326 -0.737146
v 1.376627 0.860689 -1.058634
v 1.355089 0.860689 -1.324701
v 1.398706 0.847411 -0.785388
v 1.355089 0.778989 -1.324701
v 1.460660 1.136117 -1.527212
v 1.470161 1.036747 -1.526281
v 1.460660 1.136397 -1.492025
v 1.470161 1.037295 -1.491093
v 1.470161 1.036747 -1.526281
v 1.686420 1.036747 -1.526281
v 1.470161 1.037295 -1.491093
v 1.686420 1.037295 -1.491093
v 1.686420 1.036747 -1.526281
v 1.695920 1.136117 -1.527214
v 1.686420 1.037295 -1.491093
v 1.695920 1.136397 -1.492025
v 1.695920 1.136117 -1.527214
v 1.680612 1.259651 -1.527223
v 1.695920 1.136397 -1.492025
v 1.680612 1.259657 -1.492034
v 1.680612 1.259651 -1.527223
v 1.475969 1.259651 -1.527223
v 1.680612 1.259657 -1.492034
v 1.475969 1.259657 -1.492034
v 1.475969 1.259651 -1.527223
v 1.460660 1.136117 -1.527212
v 1.475969 1.259657 -1.492034
v 1.460660 1.136397 -1.492025
v 1.381481 0.818979 -1.065503
v 1.775100 0.818979 -1.065505
v 1.381481 0.818998 -1.475053
v 1.775098 0.818998 -1.475053
v 1.661000 0.796661 0.267664
v 1.661000 0.803758 0.268864
v 1.578807 0.782233 0.284283
v 1.578807 0.789329 0.285483
v 1.670605 0.801426 0.282654
v 1.578807 0.786996 0.299273
v 1.661000 0.803758 0.268864
v 1.578807 0.789329 0.285483
v 1.486997 0.779389 0.282031
v 1.487007 0.801426 0.282654
v 1.578809 0.767818 0.299422
v 1.578807 0.786996 0.299273
v 1.203684 0.977109 -1.041507
v 1.225900 1.116345 -1.038364
v 1.335652 0.976979 -1.019505
v 1.372766 1.043252 -1.019505
v 1.225900 1.116345 -1.038364
v 1.225919 1.116225 -0.805646
v 1.372766 1.043252 -1.019505
v 1.372781 1.043153 -0.824517
v 1.225919 1.116225 -0.805646
v 1.203703 0.976993 -0.814270
v 1.372781 1.043153 -0.824517
v 1.335668 0.976878 -0.824517
v 1.355089 0.860689 -1.324701
v 0.582059 0.856482 -1.324699
v 1.355089 0.778989 -1.324701
v 0.582059 0.787923 -1.324699
v 1.376627 0.860689 -1.058634
v 0.582069 0.856482 -1.058630
v 1.355089 0.860689 -1.324701
v 0.582059 0.856482 -1.324699
v 1.420755 0.789318 0.111607
v 1.422570 0.826324 0.105574
v 1.484936 0.788790 0.119670
v 1.486477 0.825981 0.111954
v 1.607747 1.311339 -1.758834
v 1.552022 1.311339 -1.758832
v 1.607747 1.292381 -1.527223
v 1.548833 1.292381 -1.527223
v 1.533614 0.818979 -1.065505
v 1.381481 0.818979 -1.065503
v 1.517553 0.972318 -1.024928
v 1.381481 0.970232 -1.025549
v 1.517553 1.053332 -1.089135
v 1.427931 1.053332 -1.089135
v 1.517506 1.025705 -0.690315
v 1.427881 1.025705 -0.690315
v 1.517506 1.025705 -0.690315
v 1.427881 1.025705 -0.690315
v 1.517492 0.959251 -0.652703
v 1.427870 0.959251 -0.652703
v 1.728736 0.954226 -0.587975
v 1.427845 0.954226 -0.587975
v 1.728736 0.903919 -0.516229
v 1.427845 0.903921 -0.516229
v 1.418979 1.167704 -1.953083
v 1.381481 1.167704 -1.953083
v 1.418979 1.142596 -1.953978
v 1.381481 1.142596 -1.953978
v 1.418979 1.142596 -1.953978
v 1.381481 1.142596 -1.953978
v 1.418979 1.018021 -1.748825
v 1.381481 1.018021 -1.748825
v 1.418979 1.139028 -1.750137
v 1.381481 1.139028 -1.750139
v 1.418979 1.167704 -1.953083
v 1.381481 1.167704 -1.953083
v 1.418979 1.018021 -1.748825
v 1.381481 1.018021 -1.748825
v 1.418979 1.004017 -1.525974
v 1.381481 1.004017 -1.525974
v 1.381481 1.117738 -1.193311
v 1.427931 1.117738 -1.193313
v 1.381481 1.053332 -1.089135
v 1.427931 1.053332 -1.089135
v 1.728736 0.903919 -0.516229
v 1.427845 0.903921 -0.516229
v 1.728736 0.904319 -0.229252
v 1.427847 0.904319 -0.229252
v 1.728736 0.904319 -0.229252
v 1.427847 0.904319 -0.229252
v 1.728732 0.804274 -0.151784
v 1.427843 0.804558 -0.151767
v 1.427931 1.292381 -1.527223
v 1.548833 1.292381 -1.527223
v 1.427931 1.284991 -1.193262
v 1.548833 1.284991 -1.193262
v 1.427931 1.284991 -1.193262
v 1.548833 1.284991 -1.193262
v 1.427931 1.228357 -1.132662
v 1.548833 1.228357 -1.132662
v 1.427845 1.170146 -0.653343
v 1.548748 1.170146 -0.653343
v 1.427847 0.975381 -0.411484
v 1.548750 0.975381 -0.411484
v 1.427931 1.228357 -1.132662
v 1.548833 1.228357 -1.132662
v 1.427845 1.170146 -0.653343
v 1.548748 1.170146 -0.653343
v 1.673196 0.788647 0.119050
v 1.671881 0.825638 0.110240
v 1.735823 0.789021 0.111589
v 1.734013 0.826324 0.105573
v 1.638879 0.925864 0.123265
v 1.638892 0.926636 0.034673
v 1.579849 0.935033 0.121691
v 1.579858 0.936062 0.034670
v 1.499765 0.940605 0.120665
v 1.499772 0.943941 0.164733
v 1.580034 0.950403 0.119206
v 1.580039 0.953367 0.164732
v 1.519056 0.838560 0.034666
v 1.639022 0.838577 0.034673
v 1.516832 0.825951 0.139229
v 1.638540 0.826023 0.139407
v 1.518948 0.926636 0.034666
v 1.519056 0.838560 0.034666
v 1.518935 0.925830 0.123084
v 1.516832 0.825951 0.139229
v 1.579858 0.936062 0.034670
v 1.518948 0.926636 0.034666
v 1.579849 0.935033 0.121691
v 1.518935 0.925830 0.123084
v 1.638892 0.926636 0.034673
v 1.638879 0.925864 0.123265
v 1.639022 0.838577 0.034673
v 1.638540 0.826023 0.139407
v 1.578807 0.782233 0.284283
v 1.578807 0.789329 0.285483
v 1.496612 0.796661 0.267664
v 1.496612 0.803758 0.268864
v 1.670605 0.817237 0.189141
v 1.670605 0.801426 0.282654
v 1.656702 0.817237 0.189142
v 1.661000 0.803758 0.268864
v 1.578807 0.789329 0.285483
v 1.578807 0.786996 0.299273
v 1.496612 0.803758 0.268864
v 1.487007 0.801426 0.282654
v 1.487007 0.801426 0.282654
v 1.487007 0.817237 0.189142
v 1.496612 0.803758 0.268864
v 1.494082 0.817237 0.189142
v 1.775100 0.970232 -1.025551
v 1.775100 0.818979 -1.065505
v 1.639026 0.972318 -1.024928
v 1.622966 0.818979 -1.065505
v 1.728650 1.053332 -1.089135
v 1.775100 0.970232 -1.025551
v 1.639026 1.053332 -1.089135
v 1.639026 0.972318 -1.024928
v 1.728701 1.025705 -0.690315
v 1.728650 1.053332 -1.089135
v 1.639077 1.025705 -0.690315
v 1.639026 1.053332 -1.089135
v 1.728711 0.959251 -0.652703
v 1.728701 1.025705 -0.690315
v 1.639088 0.959251 -0.652703
v 1.639077 1.025705 -0.690315
v 1.612802 0.979795 0.062241
v 1.579030 0.972148 0.066756
v 1.543780 0.979795 0.062241
v 0.526062 2.143525 -1.004200
v 0.502718 2.097900 -0.796900
v 0.545133 2.165166 -0.994768
v 0.521960 2.119408 -0.787481
v 0.547988 2.024691 -0.691374
v 0.567176 2.046218 -0.681910
v 0.582055 0.851445 -0.780524
v 1.193357 0.856343 -0.785386
v 1.193728 0.851114 -0.766749
v 0.578664 2.004841 -1.453768
v 0.577584 1.974647 -1.258721
v 0.598821 2.013928 -1.463436
v 0.595960 1.983905 -1.256875
v 0.577173 1.983924 -1.172790
v 0.593297 1.992306 -1.160179
v 1.193728 0.851114 -0.766749
v 0.582046 0.852440 -0.766656
v 0.582055 0.851445 -0.780524
v 0.546879 1.731695 -2.187683
v 0.504360 1.762043 -2.376926
v 0.529224 1.724459 -2.190903
v 0.487866 1.752671 -2.379516
v 0.511300 1.741987 -2.488273
v 0.494806 1.732615 -2.490845
v 1.381481 0.818979 -1.065503
v 1.622966 0.818979 -1.065505
v 1.775100 0.818979 -1.065505
v -0.526062 2.143525 -1.004200
v -0.545133 2.165166 -0.994768
v -0.502718 2.097900 -0.796900
v -0.521961 2.119408 -0.787481
v -0.547987 2.024691 -0.691374
v -0.567174 2.046218 -0.681910
v -0.557020 1.551325 -2.252681
v -0.588647 1.381946 -2.272436
v -0.518221 1.519860 -2.253386
v -0.549290 1.381992 -2.265693
v -0.596555 1.293531 -2.435580
v -0.565652 1.290283 -2.434800
v 1.381481 0.818979 -1.065503
v 1.533614 0.818979 -1.065505
v 1.622966 0.818979 -1.065505
v -0.702461 1.133117 -0.765825
v -0.701002 1.173718 -0.543201
v -0.645967 1.142850 -0.768772
v -0.645732 1.180416 -0.567635
v -0.654737 1.197193 -0.767216
v -0.655423 1.235644 -0.566916
v -0.648256 1.298023 -0.141987
v -0.639095 1.242700 -0.141987
v -0.652459 1.269465 0.225920
v -0.643297 1.214142 0.225920
v -0.669661 1.199215 0.545777
v -0.660500 1.143892 0.545777
v -0.695738 1.202987 0.225920
v -0.712941 1.132736 0.545777
v -0.691536 1.231544 -0.141987
v -0.735273 1.606071 0.017491
v -0.728876 1.638167 0.017500
v -0.703650 1.656340 0.017513
v -0.302048 1.354278 -1.804172
v -0.187868 1.256338 -1.839397
v -0.302709 1.412424 -1.822942
v -0.173738 1.299044 -1.849292
v 0.000000 1.229357 -1.845907
v 0.000000 1.272382 -1.853693
v 0.173738 1.299044 -1.849292
v 0.187868 1.256338 -1.839397
v 0.302710 1.412424 -1.822942
v 0.302049 1.354278 -1.804172
v -0.451691 2.139106 -0.040959
v -0.461275 2.103787 0.038473
v -0.566745 1.993925 0.007059
v -0.523132 2.021377 0.076070
v -0.567526 1.858040 0.307200
v -0.513357 1.937861 0.267666
v -0.644368 2.352427 -1.735322
v -0.576931 2.286781 -1.379075
v -0.642283 2.348465 -2.092909
v -0.562960 2.274189 -1.713639
v -0.476576 2.170024 -1.592399
v -0.464026 2.172386 -1.133338
v -0.546880 1.731695 -2.187683
v -0.529223 1.724459 -2.190902
v -0.504359 1.762043 -2.376926
v -0.487865 1.752671 -2.379516
v -0.511301 1.741987 -2.488273
v -0.494807 1.732615 -2.490845
v -0.599906 1.740454 -1.650877
v -0.581591 1.732900 -1.652450
v -0.589653 1.782901 -1.631728
v -0.571338 1.775348 -1.633301
v -0.577339 1.829594 -1.641942
v -0.559022 1.822041 -1.643516
v -0.578663 2.004841 -1.453768
v -0.598820 2.013928 -1.463436
v -0.577585 1.974647 -1.258721
v -0.595958 1.983905 -1.256875
v -0.577173 1.983924 -1.172790
v -0.593297 1.992306 -1.160179
v -0.146392 1.328541 -1.793948
v -0.288295 1.437762 -1.796135
v -0.302709 1.412424 -1.822942
v -0.173738 1.299044 -1.849292
v 0.000000 1.272382 -1.853693
v 0.000000 1.294834 -1.800589
v 0.146392 1.328541 -1.793948
v 0.173738 1.299044 -1.849292
v 0.302710 1.412424 -1.822942
v 0.288297 1.437762 -1.796135
v 1.184584 1.000626 -0.777673
v 1.194235 0.993734 -0.777678
v 1.193357 0.976979 -0.785386
v -0.314041 2.174691 -1.704093
v -0.392362 2.273217 -1.876208
v -0.305113 2.145849 -1.983524
v -0.356392 2.212829 -2.203837
v -0.400965 2.240433 -2.594877
v -0.427639 2.294420 -2.242376
v -0.462203 2.270646 -2.240794
v -0.426926 2.249462 -1.874638
v -0.435529 2.216658 -2.593315
v -0.390956 2.189055 -2.202275
v -0.338791 2.121084 -1.982172
v -0.348606 2.150936 -1.702523
v -0.149267 2.084641 -2.163261
v -0.223480 2.194312 -2.358485
v -0.135116 2.028425 -2.475395
v -0.188652 2.133848 -2.686222
v -0.206278 2.125580 -3.049543
v -0.243149 2.198218 -2.724779
v -0.279237 2.176805 -2.723674
v -0.259570 2.172900 -2.357381
v -0.242368 2.104168 -3.048438
v -0.213964 2.090357 -2.685136
v -0.174193 2.014423 -2.475033
v -0.186488 2.070544 -2.162118
v -0.435338 2.199646 -1.136336
v -0.544950 2.313966 -1.379727
v -0.446262 2.198580 -1.592388
v -0.530979 2.301354 -1.714290
v -0.610301 2.375649 -2.093557
v -0.612387 2.379593 -1.735973
v 0.111606 2.322328 0.602689
v 0.146793 2.220449 0.689082
v 0.118994 2.309165 0.552810
v 0.125972 2.248967 0.549463
v 0.148450 2.175377 0.688884
v 0.132539 2.188159 0.567145
v 0.137315 2.158422 0.629852
v -0.137315 2.158422 0.629852
v -0.148449 2.175377 0.688884
v -0.132538 2.188159 0.567145
v -0.125971 2.248967 0.549463
v -0.146792 2.220449 0.689082
v -0.118993 2.309165 0.552810
v -0.111605 2.322328 0.602689
v -0.587751 1.717264 0.508117
v -0.576053 1.809213 0.317628
v -0.582737 1.768280 0.516059
v -0.577247 1.868472 0.311898
v -0.567526 1.858040 0.307200
v -0.566745 1.993925 0.007059
v -0.546078 1.973752 -0.013614
v 0.546078 1.973752 -0.013614
v 0.576053 1.809211 0.317628
v 0.566745 1.993925 0.007059
v 0.567526 1.858040 0.307200
v 0.577247 1.868472 0.311898
v 0.582738 1.768280 0.516059
v 0.587752 1.717264 0.508117
v 0.564770 2.014842 -0.434070
v 0.519103 2.057971 -0.399120
v 0.571460 2.044599 -0.425509
v 0.533255 2.076221 -0.390971
v 0.501924 2.029854 -0.204729
v 0.516064 2.048123 -0.196577
v 0.545034 1.965922 -0.138552
v 0.553065 1.993259 -0.126998
v 1.193357 0.976979 -0.785386
v 1.203703 0.976993 -0.814270
v 1.184584 1.000626 -0.777673
v 0.578638 2.064639 -0.541978
v 0.412545 2.253596 -0.608049
v 0.560365 2.015414 -0.567679
v 0.385968 2.210067 -0.645751
v 0.204046 2.416188 -0.660389
v 0.189209 2.372011 -0.699137
v 0.000000 2.442686 -0.707029
v 0.000000 2.481434 -0.669760
v -0.204047 2.416188 -0.660389
v -0.189209 2.372011 -0.699137
v -0.385966 2.210067 -0.645751
v -0.412543 2.253596 -0.608049
v -0.560363 2.015414 -0.567678
v -0.578638 2.064639 -0.541978
v 0.589035 2.145087 -1.048564
v 0.429756 2.299964 -1.113835
v 0.576721 2.061972 -1.074824
v 0.417442 2.216849 -1.140095
v 0.210940 2.444515 -1.167220
v 0.198627 2.361400 -1.193481
v 0.000000 2.426075 -1.200702
v 0.000000 2.513209 -1.174892
v -0.210939 2.444515 -1.167220
v -0.198625 2.361400 -1.193481
v -0.417443 2.216849 -1.140095
v -0.429757 2.299964 -1.113835
v -0.576722 2.061972 -1.074824
v -0.589036 2.145087 -1.048563
v -0.564770 2.014842 -0.434069
v -0.571460 2.044599 -0.425508
v -0.519103 2.057971 -0.399120
v -0.533255 2.076221 -0.390971
v -0.501922 2.029854 -0.204728
v -0.516063 2.048123 -0.196577
v -0.545034 1.965922 -0.138552
v -0.553065 1.993259 -0.126998
v -0.769386 1.165694 -1.247089
v -0.769386 1.118207 -1.231617
v -0.515226 1.165694 -1.247089
v -0.515226 1.118207 -1.231617
v -0.769386 1.091544 -1.189676
v -0.515226 1.091544 -1.189676
v -0.515226 1.099353 -1.140849
v -0.769386 1.099351 -1.140849
v -0.769386 1.131128 -1.109784
v -0.515225 1.131130 -1.109784
v 1.427845 0.839537 -0.587984
v 1.453515 0.818958 -0.587988
v 1.453538 0.818960 -0.658435
v 0.696515 1.312103 -1.757506
v 0.718663 1.312103 -1.504346
v 0.649622 1.290470 -1.753402
v 0.671769 1.290470 -1.500245
v 0.653542 1.242738 -1.498608
v 0.631391 1.242738 -1.751802
v 0.646804 1.195250 -1.753151
v 0.668956 1.195250 -1.499957
v 0.688585 1.168588 -1.756806
v 0.710738 1.168588 -1.503613
v -0.769386 1.165694 -1.247089
v -0.792701 1.164948 -1.233215
v -0.769386 1.118207 -1.231617
v -0.792701 1.126408 -1.220657
v -0.769386 1.091544 -1.189676
v -0.792701 1.104770 -1.186620
v -0.769386 1.099351 -1.140849
v -0.792701 1.111107 -1.146995
v -0.769386 1.131128 -1.109784
v -0.792701 1.136896 -1.121784
v 0.696515 1.312103 -1.757506
v 0.649622 1.290470 -1.753402
v 0.696033 1.298284 -1.780865
v 0.657975 1.280728 -1.777537
v 0.631391 1.242738 -1.751802
v 0.643181 1.241992 -1.776237
v 0.646804 1.195250 -1.753151
v 0.655691 1.203453 -1.777331
v 0.688585 1.168588 -1.756806
v 0.689598 1.181814 -1.780299
v 1.453538 0.818960 -0.658435
v 1.427868 0.844565 -0.657387
v 1.427845 0.839537 -0.587984
v 0.769385 1.165694 -1.247089
v 0.515226 1.165694 -1.247089
v 0.769385 1.118204 -1.231617
v 0.515226 1.118207 -1.231617
v 0.769385 1.091544 -1.189676
v 0.515226 1.091544 -1.189674
v 0.515226 1.099351 -1.140849
v 0.769385 1.099351 -1.140849
v 0.769385 1.131128 -1.109784
v 0.515226 1.131128 -1.109784
v 0.579992 1.603877 -1.698765
v 0.616374 1.671628 -1.663255
v 0.529944 1.766114 -2.040827
v 0.570197 1.836630 -2.010480
v 0.414705 2.047647 -2.092490
v 0.414703 1.912715 -2.104244
v 0.198626 2.200218 -2.145887
v 0.198626 2.065287 -2.157622
v 0.000000 2.135429 -2.165452
v 0.000000 2.270360 -2.153717
v -0.198625 2.200218 -2.145887
v -0.198625 2.065287 -2.157622
v -0.414704 1.912715 -2.104244
v -0.414704 2.047647 -2.092490
v -0.529945 1.766114 -2.040827
v -0.570195 1.836630 -2.010480
v -0.616374 1.671628 -1.663255
v -0.579991 1.603877 -1.698765
v 1.483559 0.855145 0.048421
v 1.486477 0.825981 0.111954
v 1.422570 0.826324 0.105574
v 0.720949 1.291729 -1.483557
v 0.687086 1.276106 -1.480595
v 0.718663 1.312103 -1.504346
v 0.671769 1.290470 -1.500245
v 0.673922 1.241637 -1.479414
v 0.653542 1.242738 -1.498608
v 0.685053 1.207343 -1.480387
v 0.668956 1.195250 -1.499957
v 0.715226 1.188089 -1.483027
v 0.710738 1.168588 -1.503613
v 1.422570 0.826324 0.105574
v 1.422884 0.856414 0.031866
v 1.483559 0.855145 0.048421
v 0.769385 1.165694 -1.247089
v 0.769385 1.118204 -1.231617
v 0.792701 1.164948 -1.233213
v 0.792701 1.126408 -1.220657
v 0.769385 1.091544 -1.189676
v 0.792701 1.104770 -1.186621
v 0.769385 1.099351 -1.140849
v 0.792701 1.111107 -1.146995
v 0.769385 1.131128 -1.109784
v 0.792701 1.136896 -1.121784
v 1.437648 0.966673 0.024883
v 1.543780 0.979795 0.062241
v 1.579030 0.972148 0.066756
v 0.718663 1.312103 -1.504346
v 0.770517 1.297661 -1.508884
v 0.720949 1.291729 -1.483557
v 0.758397 1.281301 -1.486834
v 0.798141 1.257607 -1.511260
v 0.778345 1.252376 -1.488550
v 0.790325 1.208174 -1.510576
v 0.772700 1.216676 -1.488057
v 0.759378 1.176397 -1.507869
v 0.750353 1.193728 -1.486100
v 0.710738 1.168588 -1.503613
v 0.715226 1.188089 -1.483027
v 1.579030 0.972148 0.066756
v 1.492552 0.951528 0.050053
v 1.437648 0.966673 0.024883
v 0.518222 1.519860 -2.253386
v 0.557020 1.551324 -2.252681
v 0.543319 1.628615 -2.506466
v 0.582116 1.660078 -2.493264
v 0.514651 1.735287 -2.516391
v 0.477604 1.700129 -2.530468
v 0.407205 1.755890 -2.569864
v 0.407205 1.830322 -2.569159
v 0.198626 1.976552 -2.622538
v 0.198626 1.902120 -2.623242
v 0.000000 1.972247 -2.631091
v 0.000000 2.046694 -2.630367
v -0.198627 1.976552 -2.622537
v -0.198627 1.902120 -2.623242
v -0.407204 1.755890 -2.569864
v -0.407204 1.830322 -2.569159
v -0.514649 1.735289 -2.516391
v -0.477605 1.700129 -2.530468
v -0.543318 1.628615 -2.506466
v -0.582117 1.660078 -2.493264
v -0.557020 1.551325 -2.252681
v -0.518221 1.519860 -2.253386
v 1.517492 0.818960 -0.658435
v 1.533614 0.818979 -1.065505
v 1.517553 0.972318 -1.024928
v -0.792701 1.164948 -1.233215
v -0.769386 1.165694 -1.247089
v -0.792705 1.203684 -1.218364
v -0.769392 1.213424 -1.228790
v -0.792705 1.221240 -1.180161
v -0.769392 1.235057 -1.181717
v -0.792705 1.209521 -1.137918
v -0.769392 1.220617 -1.129665
v -0.792701 1.177014 -1.115416
v -0.769386 1.180563 -1.101940
v -0.792701 1.136896 -1.121784
v -0.769386 1.131128 -1.109784
v 0.769385 1.165694 -1.247089
v 0.769391 1.213424 -1.228788
v 0.515226 1.165694 -1.247089
v 0.515266 1.213426 -1.228790
v 0.515266 1.235057 -1.181717
v 0.769391 1.235057 -1.181717
v 0.515266 1.220617 -1.129663
v 0.769391 1.220617 -1.129665
v 0.769385 1.180563 -1.101938
v 0.515226 1.180563 -1.101938
v 0.515226 1.131128 -1.109784
v 0.769385 1.131128 -1.109784
v -0.718661 1.312103 -1.504348
v -0.720949 1.291729 -1.483557
v -0.770518 1.297663 -1.508884
v -0.758396 1.281301 -1.486834
v -0.798140 1.257609 -1.511259
v -0.778345 1.252376 -1.488550
v -0.790326 1.208174 -1.510576
v -0.772701 1.216676 -1.488056
v -0.759377 1.176397 -1.507868
v -0.750351 1.193728 -1.486100
v -0.710739 1.168590 -1.503613
v -0.715227 1.188089 -1.483027
v -0.696032 1.298284 -1.780867
v -0.696514 1.312103 -1.757505
v -0.738115 1.286566 -1.784549
v -0.748368 1.297663 -1.762041
v -0.760530 1.254060 -1.786505
v -0.775989 1.257609 -1.764453
v -0.754188 1.213940 -1.785949
v -0.768172 1.208174 -1.763771
v -0.729072 1.188152 -1.783752
v -0.737226 1.176397 -1.761062
v -0.689597 1.181814 -1.780299
v -0.688585 1.168588 -1.756806
v -0.718661 1.312103 -1.504348
v -0.770518 1.297663 -1.508884
v -0.696514 1.312103 -1.757505
v -0.748368 1.297663 -1.762041
v -0.775989 1.257609 -1.764453
v -0.798140 1.257609 -1.511259
v -0.790326 1.208174 -1.510576
v -0.768172 1.208174 -1.763771
v -0.759377 1.176397 -1.507868
v -0.737226 1.176397 -1.761062
v -0.688585 1.168588 -1.756806
v -0.710739 1.168590 -1.503613
v 0.696033 1.298284 -1.780865
v 0.738115 1.286565 -1.784547
v 0.696515 1.312103 -1.757506
v 0.748370 1.297661 -1.762041
v 0.760531 1.254060 -1.786503
v 0.775990 1.257607 -1.764453
v 0.754187 1.213940 -1.785949
v 0.768174 1.208174 -1.763769
v 0.729074 1.188150 -1.783753
v 0.737227 1.176397 -1.761062
v 0.689598 1.181814 -1.780299
v 0.688585 1.168588 -1.756806
v 1.422884 0.856414 0.031866
v 1.437648 0.966673 0.024883
v 1.492552 0.951528 0.050053
v 0.792701 1.164948 -1.233213
v 0.792705 1.203684 -1.218362
v 0.769385 1.165694 -1.247089
v 0.769391 1.213424 -1.228788
v 0.792705 1.221240 -1.180161
v 0.769391 1.235057 -1.181717
v 0.792705 1.209521 -1.137918
v 0.769391 1.220617 -1.129665
v 0.792701 1.177014 -1.115416
v 0.769385 1.180563 -1.101938
v 0.792701 1.136896 -1.121784
v 0.769385 1.131128 -1.109784
v 1.492552 0.951528 0.050053
v 1.483559 0.855145 0.048421
v 1.422884 0.856414 0.031866
v 0.000000 1.395148 -1.878707
v -0.061079 1.404581 -1.881902
v 0.000000 1.387798 -1.879389
v -0.064951 1.398506 -1.882559
v -0.130368 1.450835 -1.915020
v -0.137980 1.445571 -1.918792
v -0.168005 1.508842 -1.965598
v -0.176396 1.506876 -1.966608
v -0.149400 1.579799 -2.007660
v -0.157128 1.580013 -2.013032
v -0.080309 1.639700 -2.047875
v -0.084081 1.642925 -2.055514
v 0.000000 1.653944 -2.067535
v 0.000000 1.650732 -2.059781
v 0.080310 1.639700 -2.047875
v 0.084081 1.642925 -2.055514
v 0.157128 1.580013 -2.013032
v 0.149400 1.579799 -2.007660
v 0.176396 1.506876 -1.966608
v 0.168005 1.508842 -1.965598
v 0.137980 1.445571 -1.918792
v 0.130368 1.450835 -1.915020
v 0.064951 1.398506 -1.882559
v 0.061080 1.404581 -1.881902
v 0.000000 1.431949 -1.400215
v 0.000000 1.395148 -1.878707
v 0.055203 1.440149 -1.402912
v 0.061080 1.404581 -1.881902
v 0.130368 1.450835 -1.915020
v 0.120862 1.483995 -1.434284
v 0.168005 1.508842 -1.965598
v 0.156004 1.537758 -1.481936
v 0.149400 1.579799 -2.007660
v 0.138916 1.603837 -1.520581
v 0.080310 1.639700 -2.047875
v 0.073659 1.660417 -1.558553
v 0.000000 1.670418 -1.568861
v 0.000000 1.650732 -2.059781
v -0.080309 1.639700 -2.047875
v -0.073659 1.660417 -1.558553
v -0.138916 1.603837 -1.520581
v -0.149400 1.579799 -2.007660
v -0.156003 1.537758 -1.481936
v -0.168005 1.508842 -1.965598
v -0.120862 1.483995 -1.434284
v -0.130368 1.450835 -1.915020
v -0.055203 1.440149 -1.402912
v -0.061079 1.404581 -1.881902
v 1.548750 0.975381 -0.411484
v 1.543780 0.979795 0.062241
v 1.437648 0.966673 0.024883
v -0.565652 1.290283 -2.434800
v -0.515335 1.337815 -2.179853
v -0.549290 1.381992 -2.265693
v -0.466708 1.469435 -2.101863
v -0.518221 1.519860 -2.253386
v -0.543318 1.628615 -2.506466
v -0.457174 1.655371 -2.243671
v -0.477605 1.700129 -2.530468
v -0.358758 1.784156 -2.308060
v -0.407204 1.755890 -2.569864
v -0.198627 1.902120 -2.623242
v -0.150181 1.930394 -2.361438
v 0.000000 1.972247 -2.631091
v 0.000000 1.983410 -2.367362
v 0.150181 1.930394 -2.361438
v 0.198626 1.902120 -2.623242
v 0.358759 1.784155 -2.308060
v 0.407205 1.755890 -2.569864
v 0.477604 1.700129 -2.530468
v 0.457173 1.655371 -2.243671
v 0.543319 1.628615 -2.506466
v 0.466708 1.469435 -2.101863
v 0.518222 1.519860 -2.253386
v 0.549289 1.381992 -2.265693
v 0.515336 1.337815 -2.179853
v 0.565651 1.290283 -2.434800
v 1.437648 0.966673 0.024883
v 1.427847 0.975381 -0.411484
v 1.548750 0.975381 -0.411484
v -0.582117 1.660078 -2.493264
v -0.514649 1.735289 -2.516391
v -0.511301 1.741987 -2.488273
v -0.567702 1.689377 -2.368258
v -0.557020 1.551325 -2.252681
v -0.552972 1.623312 -2.226735
v -0.560522 1.518782 -2.079879
v -0.529945 1.766114 -2.040827
v -0.546880 1.731695 -2.187683
v -0.414704 1.912715 -2.104244
v -0.504359 1.762043 -2.376926
v -0.407204 1.830322 -2.569159
v -0.198625 2.065287 -2.157622
v -0.198627 1.976552 -2.622537
v 0.000000 2.046694 -2.630367
v 0.000000 2.135429 -2.165452
v 0.198626 2.065287 -2.157622
v 0.198626 1.976552 -2.622538
v 0.407205 1.830322 -2.569159
v 0.414703 1.912715 -2.104244
v 0.504360 1.762043 -2.376926
v 0.546879 1.731695 -2.187683
v 0.529944 1.766114 -2.040827
v 0.552974 1.623312 -2.226736
v 0.560523 1.518782 -2.079879
v 0.557020 1.551324 -2.252681
v 0.567701 1.689377 -2.368258
v 0.582116 1.660078 -2.493264
v 0.511300 1.741987 -2.488273
v 0.514651 1.735287 -2.516391
v 0.356711 0.063803 1.320353
v 0.356523 0.050095 1.306201
v 0.256417 0.005583 1.377431
v 1.728734 0.839537 -0.587984
v 1.728713 0.844565 -0.657387
v 1.703041 0.818960 -0.658435
v 0.256417 0.005583 1.377431
v 0.256261 0.059382 1.377183
v 0.356711 0.063803 1.320353
v 1.703041 0.818960 -0.658435
v 1.703064 0.818958 -0.587988
v 1.728734 0.839537 -0.587984
v -0.303283 0.046496 1.290799
v -0.303369 0.075563 1.290666
v -0.302883 0.046631 1.315881
v -0.303066 0.076223 1.309588
v -0.302695 0.060340 1.330033
v 1.673032 0.855145 0.048420
v 1.733699 0.856414 0.031866
v 1.734013 0.826324 0.105573
v -0.302695 0.060340 1.330033
v -0.200448 0.056983 1.383887
v -0.200291 0.003184 1.384135
v 1.734013 0.826324 0.105573
v 1.671881 0.825638 0.110240
v 1.673032 0.855145 0.048420
v -0.200291 0.003184 1.384135
v -0.302883 0.046631 1.315881
v -0.302695 0.060340 1.330033
v 1.718933 0.966673 0.024883
v 1.664037 0.951528 0.050053
v 1.579030 0.972148 0.066756
v 0.254910 0.128462 1.229607
v 0.177866 0.108508 0.711313
v 0.192714 0.094264 0.697237
v 1.579030 0.972148 0.066756
v 1.612802 0.979795 0.062241
v 1.718933 0.966673 0.024883
v -0.143714 0.106819 0.716034
v -0.203006 0.126057 1.236391
v -0.157714 0.092424 0.702503
v 1.670605 0.961865 0.161279
v 1.580039 0.971291 0.161280
v 1.579030 0.972148 0.066756
v 0.177866 0.108508 0.711313
v 0.254910 0.128462 1.229607
v 0.178075 0.119955 0.983561
v 0.255066 0.131438 1.315284
v 0.203650 0.130089 1.270465
v -0.201644 0.129039 1.321988
v -0.151683 0.128223 1.275681
v -0.135260 0.118309 0.988160
v -0.203006 0.126057 1.236391
v -0.130784 0.108403 0.728552
v -0.143714 0.106819 0.716034
v 0.165335 0.109958 0.724205
v 0.144712 0.129059 0.744619
v 0.156323 0.117275 0.931882
v 0.122310 0.117096 0.932381
v 0.157183 0.119845 0.983868
v -0.109624 0.127723 0.748353
v -0.115161 0.115849 0.935867
v -0.114368 0.118419 0.987853
v -0.081147 0.116027 0.935368
v 1.579030 0.972148 0.066756
v 1.664037 0.951528 0.050053
v 1.670605 0.961865 0.161279
v 0.230848 0.061556 1.768499
v 0.262521 0.061723 1.768034
v 0.232313 0.113261 1.868955
v 0.263986 0.113428 1.868490
v 0.232313 0.113261 1.868955
v 0.263986 0.113428 1.868490
v 0.233837 0.055474 1.953882
v 0.265510 0.055641 1.953406
v 0.255268 0.004768 1.230175
v 0.256417 0.005583 1.377431
v 0.356121 0.049960 1.281120
v 0.356523 0.050095 1.306201
v 0.254910 0.128462 1.229607
v 0.255268 0.004768 1.230175
v 0.356037 0.079027 1.280987
v 0.356121 0.049960 1.281120
v 0.255066 0.131438 1.315284
v 0.254910 0.128462 1.229607
v 0.356340 0.079687 1.299911
v 0.356037 0.079027 1.280987
v -0.192723 0.111029 1.875194
v -0.194188 0.059324 1.774738
v -0.161050 0.111195 1.874730
v -0.162515 0.059490 1.774273
v -0.191199 0.053242 1.960111
v -0.192723 0.111029 1.875194
v -0.159526 0.053408 1.959654
v -0.161050 0.111195 1.874730
v -0.302883 0.046631 1.315881
v -0.200291 0.003184 1.384135
v -0.303283 0.046496 1.290799
v -0.202648 0.002362 1.236958
v -0.303283 0.046496 1.290799
v -0.202648 0.002362 1.236958
v -0.303369 0.075563 1.290666
v -0.203006 0.126057 1.236391
v -0.303369 0.075563 1.290666
v -0.203006 0.126057 1.236391
v -0.303066 0.076223 1.309588
v -0.201644 0.129039 1.321988
v -0.303066 0.076223 1.309588
v -0.201644 0.129039 1.321988
v -0.302695 0.060340 1.330033
v -0.200448 0.056983 1.383887
v 0.316844 0.041693 1.051695
v 0.316950 0.005163 1.051863
v 0.235803 0.083080 1.065348
v 0.236030 0.004812 1.065708
v 0.316844 0.041693 1.051695
v 0.235803 0.083080 1.065348
v 0.245250 0.042504 0.918791
v 0.229614 0.051334 0.901937
v 0.216159 0.060766 0.896973
v -0.174556 0.058713 0.902707
v -0.188919 0.080849 1.071583
v -0.187792 0.049141 0.908064
v -0.202831 0.040149 0.925367
v -0.270125 0.038609 1.060311
v -0.191199 0.053242 1.960111
v -0.191064 0.006632 1.960321
v -0.192723 0.111029 1.875194
v -0.194188 0.059324 1.774738
v -0.200448 0.056983 1.383887
v -0.200291 0.003184 1.384135
v 0.079936 0.075275 1.585779
v 0.079976 0.127442 1.585400
v 0.076166 0.073564 1.350877
v 0.075719 0.125549 1.320033
v 0.026691 0.148926 1.320643
v 0.030940 0.150824 1.586009
v -0.017959 0.126928 1.586838
v -0.006552 0.119074 1.684389
v 0.032548 0.136117 1.683736
v 0.071746 0.119485 1.683241
v 0.071719 0.085436 1.683488
v -0.022200 0.125034 1.321470
v 0.256417 0.005583 1.377431
v 0.265645 0.009031 1.953615
v 0.256261 0.059382 1.377183
v 0.262521 0.061723 1.768034
v 0.263986 0.113428 1.868490
v 0.265510 0.055641 1.953406
v 0.265510 0.055641 1.953406
v 0.265645 0.009031 1.953615
v 0.233837 0.055474 1.953882
v -0.191064 0.006632 1.960321
v -0.159526 0.053408 1.959654
v -0.191199 0.053242 1.960111
v 0.071719 0.085436 1.683488
v 0.032740 0.070291 1.684128
v 0.071746 0.119485 1.683241
v 0.032548 0.136117 1.683736
v -0.006552 0.119074 1.684389
v -0.006325 0.085026 1.684633
v 0.316950 0.005163 1.051863
v 0.316844 0.041693 1.051695
v 0.245360 0.004029 0.918968
v 0.245250 0.042504 0.918791
v 0.229614 0.051334 0.901937
v 0.229751 0.003815 0.902155
v 0.216324 0.003681 0.897234
v 0.216159 0.060766 0.896973
v -0.178527 0.001614 0.904273
v -0.157445 -0.000590 0.702930
v -0.174556 0.058713 0.902707
v -0.157714 0.092424 0.702503
v -0.188919 0.080849 1.071583
v -0.203006 0.126057 1.236391
v -0.188692 0.002580 1.071943
v -0.202648 0.002362 1.236958
v 0.216324 0.003681 0.897234
v 0.216159 0.060766 0.896973
v 0.192984 0.001250 0.697664
v 0.192714 0.094264 0.697237
v 0.235803 0.083080 1.065348
v 0.254910 0.128462 1.229607
v 0.236030 0.004812 1.065708
v 0.255268 0.004768 1.230175
v 1.518935 0.925830 0.123084
v 1.516832 0.825951 0.139229
v 1.493185 0.811303 0.144296
v 0.265645 0.009031 1.953615
v 0.256417 0.005583 1.377431
v -0.191064 0.006632 1.960321
v -0.200291 0.003184 1.384135
v 0.255268 0.004768 1.230175
v -0.202648 0.002362 1.236958
v -0.188692 0.002580 1.071943
v 0.236030 0.004812 1.065708
v 0.216324 0.003681 0.897234
v -0.178527 0.001614 0.904273
v -0.157445 -0.000590 0.702930
v 0.192984 0.001250 0.697664
v -0.306120 0.054895 -1.346987
v -0.306172 0.041303 -1.332711
v -0.204167 -0.003180 -1.401584
v 1.657830 0.941828 0.120714
v 1.657241 0.810934 0.144612
v 1.638540 0.826023 0.139407
v -0.204167 -0.003180 -1.401584
v -0.204327 0.050669 -1.401748
v -0.306120 0.054895 -1.346987
v 1.657830 0.941828 0.120714
v 1.657840 0.943941 0.164732
v 1.657241 0.810934 0.144612
v 1.656702 0.817237 0.189142
v 1.661000 0.803758 0.268864
v 1.661000 0.796661 0.267664
v 0.353528 0.042496 -1.303544
v 0.353442 0.071590 -1.303631
v 0.353692 0.042403 -1.328657
v 0.353564 0.072078 -1.322584
v 0.353745 0.055995 -1.342933
v 1.657241 0.810934 0.144612
v 1.656702 0.817237 0.189142
v 1.661000 0.803758 0.268864
v 0.353745 0.055995 -1.342933
v 0.252700 0.051430 -1.398940
v 0.252860 -0.002418 -1.398777
v 1.639088 0.818960 -0.658435
v 1.703041 0.818960 -0.658435
v 1.639088 0.959251 -0.652703
v 1.728711 0.959251 -0.652703
v 1.728713 0.844565 -0.657387
v 1.639026 0.972318 -1.024928
v 1.622966 0.818979 -1.065505
v 1.639088 0.818960 -0.658435
v 0.252860 -0.002418 -1.398777
v 0.353692 0.042403 -1.328657
v 0.353745 0.055995 -1.342933
v 1.193357 0.976979 -0.785386
v 1.194235 0.993734 -0.777678
v 1.249546 1.121746 -0.773834
v -0.206708 0.121143 -1.254532
v -0.141240 0.106367 -0.733983
v -0.156330 0.092132 -0.720094
v 1.249546 1.121746 -0.773834
v 1.245365 1.110979 -0.785388
v 1.193357 0.976979 -0.785386
v 0.180563 0.106903 -0.732008
v 0.251530 0.121906 -1.251779
v 0.194344 0.092717 -0.718061
v 1.225919 1.116225 -0.805646
v 1.231788 1.128638 -0.773828
v 1.184584 1.000626 -0.777673
v -0.141240 0.106367 -0.733983
v -0.206708 0.121143 -1.254532
v -0.135360 0.115379 -1.006585
v -0.204944 0.123351 -1.340318
v -0.154516 0.122766 -1.294377
v 0.252083 0.124113 -1.337512
v 0.201065 0.123359 -1.292192
v 0.178192 0.115902 -1.004659
v 0.251530 0.121906 -1.251779
v 0.167903 0.108285 -0.744817
v 0.180563 0.106903 -0.732008
v -0.128422 0.107791 -0.746638
v -0.107440 0.126871 -0.766789
v -0.114754 0.113314 -0.954384
v -0.080717 0.113370 -0.954174
v -0.114454 0.115414 -1.006457
v 0.147073 0.127295 -0.765227
v 0.156918 0.113767 -0.952715
v 0.157286 0.115867 -1.004788
v 0.122881 0.113710 -0.952925
v 1.184584 1.000626 -0.777673
v 1.203703 0.976993 -0.814270
v 1.225919 1.116225 -0.805646
v -0.170070 0.049513 -1.792928
v -0.201765 0.049460 -1.793123
v -0.169561 0.100350 -1.893909
v -0.201256 0.100297 -1.894103
v -0.169561 0.100350 -1.893909
v -0.201256 0.100297 -1.894103
v -0.168834 0.041740 -1.978494
v -0.200528 0.041688 -1.978685
v -0.206708 0.121143 -1.254532
v -0.206342 -0.002666 -1.254156
v -0.306423 0.070491 -1.307685
v -0.306338 0.041396 -1.307595
v -0.204944 0.123351 -1.340318
v -0.206708 0.121143 -1.254532
v -0.306299 0.070979 -1.326636
v -0.306423 0.070491 -1.307685
v 0.255771 0.101059 -1.891297
v 0.255262 0.050221 -1.790315
v 0.224075 0.101006 -1.891491
v 0.223567 0.050169 -1.790511
v 0.256498 0.042449 -1.975885
v 0.255771 0.101059 -1.891297
v 0.224803 0.042396 -1.976075
v 0.224075 0.101006 -1.891491
v 0.353528 0.042496 -1.303544
v 0.251894 -0.001903 -1.251404
v 0.353442 0.071590 -1.303631
v 0.251530 0.121906 -1.251779
v 0.353564 0.072078 -1.322584
v 0.252083 0.124113 -1.337512
v 0.353745 0.055995 -1.342933
v 0.252700 0.051430 -1.398940
v -0.272187 0.035459 -1.077070
v -0.272078 -0.001106 -1.076959
v -0.191047 0.077331 -1.089370
v -0.190814 -0.001010 -1.089132
v 0.234200 -0.000302 -1.086522
v 0.315298 -0.000128 -1.073351
v 0.233970 0.078038 -1.086758
v 0.315190 0.036437 -1.073462
v 0.353442 0.071590 -1.303631
v 0.251530 0.121906 -1.251779
v 0.353564 0.072078 -1.322584
v 0.252083 0.124113 -1.337512
v -0.272187 0.035459 -1.077070
v -0.191047 0.077331 -1.089370
v -0.203576 0.037968 -0.942554
v -0.188367 0.047068 -0.925428
v -0.175074 0.056647 -0.920250
v 0.215913 0.057298 -0.917850
v 0.233970 0.078038 -1.086758
v 0.229328 0.047763 -0.922862
v 0.244815 0.038715 -0.939801
v 0.315190 0.036437 -1.073462
v -0.204167 -0.003180 -1.401584
v -0.200391 -0.004965 -1.978552
v -0.204327 0.050669 -1.401748
v -0.201765 0.049460 -1.793123
v -0.201256 0.100297 -1.894103
v -0.200528 0.041688 -1.978685
v -0.023317 0.065948 -1.606999
v -0.023665 0.118163 -1.607022
v -0.024847 0.066370 -1.371779
v -0.025395 0.118680 -1.341297
v 0.023529 0.142417 -1.341066
v 0.025267 0.141905 -1.606793
v 0.074338 0.118327 -1.606420
v 0.065177 0.109510 -1.704241
v 0.025952 0.126297 -1.704533
v -0.013174 0.109379 -1.704723
v -0.012947 0.075299 -1.704708
v 0.072592 0.118843 -1.340693
v -0.012947 0.075299 -1.704708
v 0.026147 0.060410 -1.704422
v -0.013174 0.109379 -1.704723
v 0.025952 0.126297 -1.704533
v 0.065177 0.109510 -1.704241
v 0.065152 0.075429 -1.704228
v -0.200528 0.041688 -1.978685
v -0.200391 -0.004965 -1.978552
v -0.168834 0.041740 -1.978494
v 0.256636 -0.004203 -1.975751
v 0.224803 0.042396 -1.976075
v 0.256498 0.042449 -1.975885
v -1.706396 0.966226 0.025487
v -1.595297 0.974933 -0.410880
v -1.600265 0.979347 0.062845
v 1.203684 0.977109 -1.041507
v 1.188200 1.003992 -1.069462
v 1.231761 1.128785 -1.070176
v -1.595297 0.974933 -0.410880
v -1.706396 0.966226 0.025487
v -1.716199 0.974933 -0.410880
v 1.231761 1.128785 -1.070176
v 1.225900 1.116345 -1.038364
v 1.203684 0.977109 -1.041507
v -1.480018 0.951079 0.050657
v -1.567505 0.970843 0.161884
v -1.566493 0.971700 0.067360
v 1.193334 0.977118 -1.058632
v 1.194702 0.991617 -1.072776
v 1.188200 1.003992 -1.069462
v -1.567505 0.970843 0.161884
v -1.480018 0.951079 0.050657
v -1.474472 0.961417 0.161884
v 1.188200 1.003992 -1.069462
v 1.203684 0.977109 -1.041507
v 1.193334 0.977118 -1.058632
v -1.480018 0.951079 0.050657
v -1.474472 0.816788 0.189746
v -1.474472 0.961417 0.161884
v -1.473942 0.825532 0.112558
v -1.472401 0.788341 0.120274
v -1.474472 0.800976 0.283258
v -1.474462 0.778939 0.282636
v -1.471022 0.854695 0.049025
v -1.474472 0.816788 0.189746
v -1.480018 0.951079 0.050657
v 1.245344 1.111120 -1.058632
v 1.249522 1.121891 -1.070182
v 1.194702 0.991617 -1.072776
v -1.473942 0.825532 0.112558
v -1.474472 0.816788 0.189746
v -1.471022 0.854695 0.049025
v 1.194702 0.991617 -1.072776
v 1.193334 0.977118 -1.058632
v 1.245344 1.111120 -1.058632
v -1.651500 0.951081 0.050657
v -1.721162 0.855966 0.032470
v -1.706396 0.966226 0.025487
v 1.249522 1.121891 -1.070182
v 1.231761 1.128785 -1.070176
v 1.188200 1.003992 -1.069462
v -1.721162 0.855966 0.032470
v -1.651500 0.951081 0.050657
v -1.660495 0.854695 0.049025
v 1.188200 1.003992 -1.069462
v 1.194702 0.991617 -1.072776
v 1.249522 1.121891 -1.070182
v -1.716114 1.052884 -1.088532
v -1.762563 0.969782 -1.024947
v -1.762563 1.052884 -1.088532
v 1.227811 1.065080 -0.737146
v 1.221745 1.041484 -0.712794
v 1.199403 0.900815 -0.712794
v -1.186885 0.900250 -0.500617
v -1.181213 0.867186 -0.735231
v -1.175934 0.867186 -0.452110
v 1.188470 0.867636 -0.452714
v 1.199422 0.900699 -0.501221
v 1.221764 1.041368 -0.501221
v -1.175934 0.867186 -0.452110
v -1.209227 1.040919 -0.500617
v -1.186885 0.900250 -0.500617
v 1.199422 0.900699 -0.501221
v 1.188470 0.867636 -0.452714
v 1.193749 0.867636 -0.735835
v -1.215274 1.064630 -0.736541
v -1.186867 0.900366 -0.712190
v -1.209208 1.041035 -0.712190
v 1.193749 0.867636 -0.735835
v 1.193336 0.787567 -0.737146
v 1.423471 0.814648 -0.737146
v 1.426974 0.974326 -0.737146
v 1.227811 1.065080 -0.737146
v -1.175663 1.003543 -1.068857
v -1.236984 1.121441 -1.069577
v -1.182165 0.991168 -1.072172
v 1.728650 1.053332 -1.089135
v 1.775100 1.053332 -1.089135
v 1.775100 0.970232 -1.025551
v -1.236984 1.121441 -1.069577
v -1.175663 1.003543 -1.068857
v -1.219225 1.128333 -1.069571
v 1.733699 0.856414 0.031866
v 1.673032 0.855145 0.048420
v 1.664037 0.951528 0.050053
v -1.182165 0.991168 -1.072172
v -1.232806 1.110670 -1.058027
v -1.180797 0.976669 -1.058027
v 1.664037 0.951528 0.050053
v 1.718933 0.966673 0.024883
v 1.733699 0.856414 0.031866
v -1.232806 1.110670 -1.058027
v -1.182165 0.991168 -1.072172
v -1.236984 1.121441 -1.069577
v 1.486477 0.825981 0.111954
v 1.483559 0.855145 0.048421
v 1.487007 0.817237 0.189142
v -1.175663 1.003543 -1.068857
v -1.180797 0.976669 -1.058027
v -1.191147 0.976659 -1.040903
v 1.483559 0.855145 0.048421
v 1.492552 0.951528 0.050053
v 1.487007 0.817237 0.189142
v -1.180797 0.976669 -1.058027
v -1.175663 1.003543 -1.068857
v -1.182165 0.991168 -1.072172
v 1.580039 0.971291 0.161280
v 1.487007 0.961865 0.161280
v 1.492552 0.951528 0.050053
v -1.219225 1.128333 -1.069571
v -1.191147 0.976659 -1.040903
v -1.213363 1.115896 -1.037760
v 1.492552 0.951528 0.050053
v 1.579030 0.972148 0.066756
v 1.580039 0.971291 0.161280
v -1.191147 0.976659 -1.040903
v -1.219225 1.128333 -1.069571
v -1.175663 1.003543 -1.068857
v 1.607833 0.975381 -0.411484
v 1.728736 0.975381 -0.411484
v 1.718933 0.966673 0.024883
v -1.172048 1.000176 -0.777068
v -1.213382 1.115776 -0.805041
v -1.191166 0.976543 -0.813665
v 1.718933 0.966673 0.024883
v 1.612802 0.979795 0.062241
v 1.607833 0.975381 -0.411484
v -1.213382 1.115776 -0.805041
v -1.172048 1.000176 -0.777068
v -1.219250 1.128189 -0.773224
v -1.537890 1.537225 -2.034101
v -1.539484 1.310890 -1.758229
v -1.537892 1.508227 -1.330871
v -1.536295 1.291931 -1.526619
v -1.536295 1.284541 -1.192657
v -1.537892 1.432634 -1.249542
v -1.536295 1.227908 -1.132059
v -1.537892 1.346075 -0.636453
v -1.536211 1.169697 -0.652738
v -1.537665 1.158570 -0.409986
v -1.536213 0.974933 -0.410880
v -1.537893 1.158570 0.346432
v -1.531245 0.979347 0.062845
v -1.537893 1.032367 0.446214
v -1.536213 0.966176 0.327504
v -1.537893 1.032367 0.632529
v -1.536215 0.966176 0.688113
v -1.644167 0.816788 0.189746
v -1.658070 0.816788 0.189746
v -1.645303 0.943491 0.165337
v -1.658070 0.961417 0.161883
v -1.567505 0.970843 0.161884
v -1.567505 0.952917 0.165337
v -1.487237 0.943491 0.165337
v -1.474472 0.961417 0.161884
v -1.481545 0.816788 0.189746
v -1.474472 0.816788 0.189746
v -1.664138 0.816851 -0.157277
v -1.461828 0.816851 -0.157277
v -1.664136 0.816853 -0.586174
v -1.461827 0.816851 -0.586172
v -1.444283 0.840122 -0.157276
v -1.444282 0.840122 -0.586172
v -1.444283 0.875197 -0.157276
v -1.444280 0.875197 -0.586172
v -1.465755 0.896672 -0.586174
v -1.465757 0.896672 -0.157276
v -1.465757 0.896672 -0.157276
v -1.665511 0.896672 -0.157277
v -1.465755 0.896672 -0.586174
v -1.665511 0.896670 -0.586174
v -1.686985 0.875197 -0.586174
v -1.686986 0.875197 -0.157277
v -1.686986 0.840094 -0.586174
v -1.686988 0.840094 -0.157276
v -1.664138 0.816851 -0.157277
v -1.664136 0.816853 -0.586174
v -1.237010 1.121294 -0.773230
v -1.180820 0.976528 -0.784782
v -1.232828 1.110529 -0.784783
v -0.527931 1.002310 -0.537061
v -0.527954 1.002171 -0.457680
v -0.913891 1.002312 -0.537063
v -0.930979 1.002171 -0.457680
v -0.977827 0.931656 -0.590702
v -0.958573 0.931796 -0.662635
v -1.242841 0.931796 -0.668849
v -1.242864 0.931656 -0.589468
v -1.323116 0.976528 -1.018900
v -1.191147 0.976659 -1.040903
v -1.323131 0.976429 -0.823912
v -1.191166 0.976543 -0.813665
v -1.180797 0.976669 -1.058027
v -1.180820 0.976528 -0.784782
v -0.569530 0.976667 -1.058027
v -0.569530 0.976528 -0.779918
v -1.180820 0.976528 -0.784782
v -1.237010 1.121294 -0.773230
v -1.181698 0.993284 -0.777074
v -1.658059 0.778766 0.282626
v -1.660661 0.788199 0.119654
v -1.658070 0.800976 0.283259
v -1.658070 0.816788 0.189746
v -1.659346 0.825191 0.110844
v -1.658070 0.961417 0.161883
v -1.660495 0.854695 0.049025
v -1.651500 0.951081 0.050657
v -1.626489 0.971868 -1.024324
v -1.626552 0.818512 -0.657832
v -1.610430 0.818529 -1.064900
v -1.415306 0.804108 -0.151163
v -1.716196 0.803826 -0.151180
v -1.566545 0.776560 0.120797
v -1.408220 0.788868 0.112211
v -1.472401 0.788341 0.120274
v -1.474462 0.778939 0.282636
v -1.566274 0.767368 0.300026
v -1.658059 0.778766 0.282626
v -1.660661 0.788199 0.119654
v -1.723286 0.788571 0.112194
v -1.410957 0.867025 -0.476265
v -1.175936 0.809345 -0.452110
v -1.410935 0.814199 -0.736541
v -1.180799 0.787116 -0.736541
v -0.945008 0.809345 -0.247901
v -0.569506 0.771664 -0.735334
v -0.523606 0.809343 -0.247899
v -1.322493 1.088315 -1.058027
v -1.395211 1.013382 -1.058029
v -1.232806 1.110670 -1.058027
v -1.180797 0.976669 -1.058027
v -1.364091 0.860239 -1.058029
v -0.569530 0.976667 -1.058027
v -0.569532 0.856033 -1.058025
v -1.457623 1.036846 -1.490489
v -1.448122 1.135948 -1.491421
v -1.673884 1.036846 -1.490491
v -1.683384 1.135948 -1.491420
v -1.668074 1.259207 -1.491430
v -1.463431 1.259207 -1.491430
v -1.406441 1.003567 -1.525369
v -1.406441 1.017571 -1.748220
v -1.415392 1.136767 -1.526619
v -1.406441 1.138579 -1.749535
v -1.406441 1.142147 -1.953368
v -1.406441 1.167254 -1.952472
v -1.626552 0.818512 -0.657832
v -1.626552 0.958802 -0.652100
v -1.690505 0.818512 -0.657830
v -1.716177 0.958804 -0.652100
v -1.716177 0.844115 -0.656783
v -1.531245 0.979347 0.062845
v -1.600265 0.979347 0.062845
v -1.536213 0.966176 0.327504
v -1.595297 0.966176 0.327504
v -1.536215 0.966176 0.688113
v -1.595297 0.966176 0.688113
v -1.725066 1.142147 -1.953368
v -1.725066 1.017571 -1.748220
v -1.725064 1.167254 -1.952472
v -1.725066 1.138579 -1.749535
v -1.716114 1.136767 -1.526619
v -1.725066 1.003567 -1.525369
v -1.415392 1.117288 -1.192709
v -1.415392 1.136767 -1.526619
v -1.368945 1.117288 -1.192709
v -1.368943 1.136767 -1.526619
v -1.406441 1.138579 -1.749535
v -1.368943 1.138579 -1.749535
v -1.644707 0.810484 0.145216
v -1.648465 0.803308 0.269468
v -1.644167 0.816788 0.189746
v -1.487228 0.940158 0.121270
v -1.487237 0.943491 0.165337
v -1.480648 0.810854 0.144901
v -1.481545 0.816788 0.189746
v -1.484077 0.796212 0.268268
v -1.484077 0.803308 0.269468
v -1.415310 0.953776 -0.587370
v -1.415310 0.839088 -0.587380
v -1.716200 0.953776 -0.587370
v -1.716200 0.839088 -0.587382
v -1.440980 0.818508 -0.587384
v -1.690528 0.818508 -0.587384
v -1.648465 0.803308 0.269468
v -1.644707 0.810484 0.145216
v -1.648465 0.796212 0.268268
v -1.645293 0.941379 0.121318
v -1.645303 0.943491 0.165337
v -1.644167 0.816788 0.189746
v -1.716114 1.117288 -1.192709
v -1.762562 1.117288 -1.192709
v -1.716114 1.136767 -1.526619
v -1.762562 1.136767 -1.526619
v -1.725066 1.138579 -1.749535
v -1.762562 1.138579 -1.749535
v -1.762562 1.003567 -1.525369
v -1.762562 0.818546 -1.474449
v -1.725066 1.003567 -1.525369
v -1.368945 0.818546 -1.474449
v -1.406441 1.003567 -1.525369
v -1.368945 1.003567 -1.525369
v -1.160477 0.881314 -1.253278
v -1.263592 0.893072 -1.232167
v -1.260754 0.918654 -1.213828
v -1.159616 0.906018 -1.233224
v -1.058169 0.873902 -1.246557
v -1.061419 0.897674 -1.225555
v -0.935245 0.895754 -1.243771
v -0.942895 0.918130 -1.222747
v -0.808368 0.936403 -1.257990
v -0.818202 0.957884 -1.236646
v -1.163738 0.879359 -1.285164
v -1.271750 0.890932 -1.262750
v -1.057521 0.872122 -1.278638
v -0.935430 0.894007 -1.275005
v -0.807189 0.935262 -1.287982
v -0.684453 0.947612 -1.281305
v -0.690420 0.947461 -1.251901
v -0.701526 0.968433 -1.230999
v -1.167270 0.898147 -1.310600
v -1.280059 0.909758 -1.287292
v -1.059418 0.890662 -1.303898
v -0.942190 0.911626 -1.299614
v -0.814039 0.952917 -1.311655
v -0.686118 0.966814 -1.304512
v -0.500693 0.965311 -1.279324
v -0.494049 0.943998 -1.256163
v -0.499888 0.942242 -1.227557
v -0.530318 0.964736 -1.209298
v -0.421554 1.021672 -1.266693
v -0.388862 1.016769 -1.243532
v -0.390961 1.010835 -1.214927
v -0.443040 0.995728 -1.196666
v -0.489037 1.004526 -1.197887
v -0.538020 0.995671 -1.210517
v -0.710990 0.999064 -1.232626
v -0.829904 0.987409 -1.238610
v -0.952982 0.948292 -1.225033
v -1.065067 0.929009 -1.227523
v -1.161222 0.937531 -1.235046
v -1.263909 0.950336 -1.215672
v -1.368268 0.948557 -1.188623
v -1.368268 0.917109 -1.186870
v -1.368274 0.891363 -1.205027
v -1.368278 0.888688 -1.235223
v -1.368280 0.906950 -1.259414
v -1.168000 0.954828 -1.293007
v -1.280313 0.967005 -1.270806
v -1.283223 0.941438 -1.289136
v -1.168876 0.929615 -1.312356
v -1.066286 0.946516 -1.285785
v -1.063089 0.921688 -1.305355
v -0.959941 0.965153 -1.282295
v -0.952356 0.941320 -1.301204
v -0.835590 1.004910 -1.294851
v -0.825924 0.981963 -1.313198
v -1.164742 0.956657 -1.260950
v -1.272157 0.969146 -1.240223
v -1.066918 0.948225 -1.253692
v -0.959696 0.966847 -1.250983
v -0.836663 1.006008 -1.264377
v -0.712548 1.019463 -1.257974
v -0.706645 1.019672 -1.288016
v -0.695699 0.996829 -1.306407
v -1.161222 0.937531 -1.235046
v -1.263909 0.950336 -1.215672
v -1.065067 0.929009 -1.227523
v -0.952982 0.948292 -1.225033
v -0.829904 0.987409 -1.238610
v -0.710990 0.999064 -1.232626
v -0.538020 0.995671 -1.210517
v -0.533920 1.016984 -1.234432
v -0.527607 1.018741 -1.263680
v -0.514005 0.996246 -1.281522
v -0.489037 1.004526 -1.197887
v -0.513666 1.018733 -1.221802
v -0.511209 1.025079 -1.251050
v -0.471760 1.025610 -1.268894
v -0.421554 1.021672 -1.266693
v -0.500693 0.965311 -1.279324
v -0.686118 0.966814 -1.304512
v -0.814039 0.952917 -1.311655
v -0.942190 0.911626 -1.299614
v -1.059418 0.890662 -1.303898
v -1.167270 0.898147 -1.310600
v -1.280059 0.909758 -1.287292
v -1.368280 0.906950 -1.259414
v -1.368278 0.938401 -1.261165
v -1.368274 0.964143 -1.243008
v -1.368270 0.966816 -1.212814
v -1.368268 0.948557 -1.188623
v -1.232828 1.110529 -0.784783
v -1.322518 1.088176 -0.784783
v -1.232806 1.110670 -1.058027
v -1.322493 1.088315 -1.058027
v -1.395234 1.013243 -0.784783
v -1.395211 1.013382 -1.058029
v -1.645293 0.941379 0.121318
v -1.626005 0.825574 0.140012
v -1.644707 0.810484 0.145216
v -1.648465 0.796212 0.268268
v -1.644707 0.810484 0.145216
v -1.566270 0.781783 0.284887
v -1.562677 0.796241 0.145058
v -1.484077 0.796212 0.268268
v -1.480648 0.810854 0.144901
v -1.386170 0.846961 -0.784783
v -1.180820 0.835026 -0.784782
v -1.342553 0.778539 -1.324097
v -0.569523 0.787472 -1.324095
v -0.569509 0.800771 -0.764911
v -1.504956 0.818510 -0.657830
v -1.441003 0.818510 -0.657830
v -1.504958 0.958802 -0.652100
v -1.415333 0.958802 -0.652100
v -1.415333 0.844115 -0.656783
v -1.368945 1.052882 -1.088530
v -1.368945 0.969782 -1.024945
v -1.415392 1.052882 -1.088530
v -1.505017 1.052882 -1.088530
v -1.505017 0.971868 -1.024324
v -1.480648 0.810854 0.144901
v -1.506400 0.925382 0.123688
v -1.487228 0.940158 0.121270
v -1.567497 0.949955 0.119810
v -1.567312 0.934585 0.122295
v -1.626344 0.925417 0.123870
v -1.645293 0.941379 0.121318
v -1.626005 0.825574 0.140012
v -1.480648 0.810854 0.144901
v -1.562677 0.796241 0.145058
v -1.504297 0.825503 0.139834
v -1.644707 0.810484 0.145216
v -1.626541 1.025256 -0.689713
v -1.626552 0.958802 -0.652100
v -1.626489 1.052884 -1.088532
v -1.626489 0.971868 -1.024324
v -1.626552 0.818512 -0.657832
v -1.175934 0.867186 -0.452110
v -1.181213 0.867186 -0.735231
v -0.945008 0.867186 -0.247901
v -0.523606 0.867186 -0.247899
v -0.569507 0.844311 -0.735227
v -1.506522 0.838112 0.035270
v -1.626487 0.838128 0.035277
v -1.506411 0.926186 0.035271
v -1.567322 0.935612 0.035274
v -1.626356 0.926186 0.035277
v -1.504956 0.818510 -0.657830
v -1.504958 0.958802 -0.652100
v -1.505017 0.971868 -1.024324
v -1.505017 1.052882 -1.088530
v -1.504967 1.025256 -0.689713
v -1.180820 0.835026 -0.784782
v -1.180820 0.855894 -0.784782
v -1.181192 0.850664 -0.766145
v -1.181192 0.966447 -0.766054
v -1.181213 0.966306 -0.740111
v -1.181213 0.867186 -0.735231
v -1.180799 0.787116 -0.736541
v -1.506400 0.925382 0.123688
v -1.480648 0.810854 0.144901
v -1.504297 0.825503 0.139834
v -0.523606 0.867186 -0.247899
v -0.569507 0.844311 -0.735227
v -0.523606 0.809343 -0.247899
v -0.569506 0.771664 -0.735334
v -0.569509 0.800771 -0.764911
v -0.569509 0.851990 -0.766052
v -0.569523 0.856033 -1.324095
v -0.569523 0.787472 -1.324095
v -0.569532 0.856033 -1.058025
v -0.569517 0.850996 -0.779920
v -0.569509 0.851990 -0.766052
v -0.569530 0.976528 -0.779918
v -0.569530 0.976667 -1.058027
v -1.395234 1.013243 -0.784783
v -1.322518 1.088176 -0.784783
v -1.180820 0.976528 -0.784782
v -1.232828 1.110529 -0.784783
v -0.569530 0.976528 -0.779918
v -0.569517 0.850996 -0.779920
v -1.180820 0.855894 -0.784782
v -1.386170 0.846961 -0.784783
v -1.180820 0.835026 -0.784782
v -0.913891 0.950589 -0.537155
v -0.930979 0.950448 -0.457771
v -0.549960 0.950587 -0.537153
v -0.549983 0.950448 -0.457771
v -0.527931 1.002310 -0.537061
v -0.549960 0.950587 -0.537153
v -0.527954 1.002171 -0.457680
v -0.549983 0.950448 -0.457771
v -0.569509 0.800771 -0.764911
v -1.180820 0.835026 -0.784782
v -0.569506 0.771664 -0.735334
v -1.180799 0.787116 -0.736541
v -0.745318 0.966445 -0.766052
v -0.569509 0.851990 -0.766052
v -0.745341 0.966306 -0.740110
v -0.569507 0.844311 -0.735227
v -1.364091 0.860239 -1.058029
v -1.386170 0.846961 -0.784783
v -1.342553 0.860239 -1.324097
v -1.342553 0.778539 -1.324097
v -1.448122 1.135668 -1.526610
v -1.448122 1.135948 -1.491421
v -1.457623 1.036295 -1.525676
v -1.457623 1.036846 -1.490489
v -1.457623 1.036295 -1.525676
v -1.457623 1.036846 -1.490489
v -1.673884 1.036297 -1.525676
v -1.673884 1.036846 -1.490491
v -1.673884 1.036297 -1.525676
v -1.673884 1.036846 -1.490491
v -1.683384 1.135668 -1.526609
v -1.683384 1.135948 -1.491420
v -1.683384 1.135668 -1.526609
v -1.683384 1.135948 -1.491420
v -1.668074 1.259201 -1.526619
v -1.668074 1.259207 -1.491430
v -1.668074 1.259201 -1.526619
v -1.668074 1.259207 -1.491430
v -1.463431 1.259201 -1.526619
v -1.463431 1.259207 -1.491430
v -1.463431 1.259201 -1.526619
v -1.463431 1.259207 -1.491430
v -1.448122 1.135668 -1.526610
v -1.448122 1.135948 -1.491421
v -1.368945 0.818529 -1.064898
v -1.368945 0.818546 -1.474449
v -1.762563 0.818529 -1.064900
v -1.762562 0.818546 -1.474449
v -1.648465 0.796212 0.268268
v -1.566270 0.781783 0.284887
v -1.648465 0.803308 0.269468
v -1.566270 0.788880 0.286087
v -1.658070 0.800976 0.283259
v -1.648465 0.803308 0.269468
v -1.566270 0.786548 0.299878
v -1.566270 0.788880 0.286087
v -1.474462 0.778939 0.282636
v -1.566274 0.767368 0.300026
v -1.474472 0.800976 0.283258
v -1.566270 0.786548 0.299878
v -1.323131 0.976429 -0.823912
v -1.360245 1.042704 -0.823912
v -1.323116 0.976528 -1.018900
v -1.360229 1.042803 -1.018900
v -1.191147 0.976659 -1.040903
v -1.323116 0.976528 -1.018900
v -1.213363 1.115896 -1.037760
v -1.360229 1.042803 -1.018900
v -1.213363 1.115896 -1.037760
v -1.360229 1.042803 -1.018900
v -1.213382 1.115776 -0.805041
v -1.360245 1.042704 -0.823912
v -1.213382 1.115776 -0.805041
v -1.360245 1.042704 -0.823912
v -1.191166 0.976543 -0.813665
v -1.323131 0.976429 -0.823912
v -1.342553 0.860239 -1.324097
v -1.342553 0.778539 -1.324097
v -0.569523 0.856033 -1.324095
v -0.569523 0.787472 -1.324095
v -1.364091 0.860239 -1.058029
v -1.342553 0.860239 -1.324097
v -0.569532 0.856033 -1.058025
v -0.569523 0.856033 -1.324095
v -1.408220 0.788868 0.112211
v -1.472401 0.788341 0.120274
v -1.410033 0.825875 0.106178
v -1.473942 0.825532 0.112558
v -1.595209 1.310890 -1.758229
v -1.595211 1.291931 -1.526619
v -1.539484 1.310890 -1.758229
v -1.536295 1.291931 -1.526619
v -1.716200 0.953776 -0.587370
v -1.716199 0.903471 -0.515624
v -1.415310 0.953776 -0.587370
v -1.415310 0.903471 -0.515624
v -1.406441 1.167254 -1.952472
v -1.406441 1.142147 -1.953368
v -1.368943 1.167254 -1.952472
v -1.368943 1.142147 -1.953368
v -1.406441 1.142147 -1.953368
v -1.406441 1.017571 -1.748220
v -1.368943 1.142147 -1.953368
v -1.368943 1.017571 -1.748220
v -1.406441 1.138579 -1.749535
v -1.406441 1.167254 -1.952472
v -1.368943 1.138579 -1.749535
v -1.368943 1.167254 -1.952472
v -1.406441 1.017571 -1.748220
v -1.406441 1.003567 -1.525369
v -1.368943 1.017571 -1.748220
v -1.368945 1.003567 -1.525369
v -1.368945 1.117288 -1.192709
v -1.368945 1.052882 -1.088530
v -1.415392 1.117288 -1.192709
v -1.415392 1.052882 -1.088530
v -1.716199 0.903471 -0.515624
v -1.716199 0.903869 -0.228647
v -1.415310 0.903471 -0.515624
v -1.415310 0.903869 -0.228647
v -1.716199 0.903869 -0.228647
v -1.716196 0.803826 -0.151180
v -1.415310 0.903869 -0.228647
v -1.415306 0.804108 -0.151163
v -1.415392 1.291931 -1.526619
v -1.415392 1.284541 -1.192657
v -1.536295 1.291931 -1.526619
v -1.536295 1.284541 -1.192657
v -1.415392 1.284541 -1.192657
v -1.415392 1.227908 -1.132059
v -1.536295 1.284541 -1.192657
v -1.536295 1.227908 -1.132059
v -1.415309 1.169697 -0.652738
v -1.415310 0.974933 -0.410880
v -1.536211 1.169697 -0.652738
v -1.536213 0.974933 -0.410880
v -1.415392 1.227908 -1.132059
v -1.415309 1.169697 -0.652738
v -1.536295 1.227908 -1.132059
v -1.536211 1.169697 -0.652738
v -1.660661 0.788199 0.119654
v -1.723286 0.788571 0.112194
v -1.659346 0.825191 0.110844
v -1.721476 0.825875 0.106177
v -1.626344 0.925417 0.123870
v -1.567312 0.934585 0.122295
v -1.626356 0.926186 0.035277
v -1.567322 0.935612 0.035274
v -1.487228 0.940158 0.121270
v -1.567497 0.949955 0.119810
v -1.487237 0.943491 0.165337
v -1.567505 0.952917 0.165337
v -1.506522 0.838112 0.035270
v -1.504297 0.825503 0.139834
v -1.626487 0.838128 0.035277
v -1.626005 0.825574 0.140012
v -1.506411 0.926186 0.035271
v -1.506400 0.925382 0.123688
v -1.506522 0.838112 0.035270
v -1.504297 0.825503 0.139834
v -1.567322 0.935612 0.035274
v -1.567312 0.934585 0.122295
v -1.506411 0.926186 0.035271
v -1.506400 0.925382 0.123688
v -1.626356 0.926186 0.035277
v -1.626487 0.838128 0.035277
v -1.626344 0.925417 0.123870
v -1.626005 0.825574 0.140012
v -1.566270 0.781783 0.284887
v -1.484077 0.796212 0.268268
v -1.566270 0.788880 0.286087
v -1.484077 0.803308 0.269468
v -1.658070 0.816788 0.189746
v -1.644167 0.816788 0.189746
v -1.658070 0.800976 0.283259
v -1.648465 0.803308 0.269468
v -1.474472 0.800976 0.283258
v -1.484077 0.803308 0.269468
v -1.474472 0.816788 0.189746
v -1.481545 0.816788 0.189746
v -1.762563 0.969782 -1.024947
v -1.626489 0.971868 -1.024324
v -1.762563 0.818529 -1.064900
v -1.610430 0.818529 -1.064900
v -1.716114 1.052884 -1.088532
v -1.626489 1.052884 -1.088532
v -1.762563 0.969782 -1.024947
v -1.626489 0.971868 -1.024324
v -1.716165 1.025256 -0.689712
v -1.626541 1.025256 -0.689713
v -1.716114 1.052884 -1.088532
v -1.626489 1.052884 -1.088532
v -1.716177 0.958804 -0.652100
v -1.626552 0.958802 -0.652100
v -1.716165 1.025256 -0.689712
v -1.626541 1.025256 -0.689713
v -0.523606 0.809343 -0.247899
v -0.945008 0.809345 -0.247901
v -0.523606 0.867186 -0.247899
v -0.945008 0.867186 -0.247901
v -0.945008 0.809345 -0.247901
v -1.175936 0.809345 -0.452110
v -0.945008 0.867186 -0.247901
v -1.175934 0.867186 -0.452110
v -1.213382 1.115776 -0.805041
v -1.219250 1.128189 -0.773224
v -1.213363 1.115896 -1.037760
v -1.219225 1.128333 -1.069571
v -1.232806 1.110670 -1.058027
v -1.236984 1.121441 -1.069577
v -1.232828 1.110529 -0.784783
v -1.237010 1.121294 -0.773230
v -1.236984 1.121441 -1.069577
v -1.219225 1.128333 -1.069571
v -1.237010 1.121294 -0.773230
v -1.219250 1.128189 -0.773224
v -1.237010 1.121294 -0.773230
v -1.219250 1.128189 -0.773224
v -1.181698 0.993284 -0.777074
v -1.172048 1.000176 -0.777068
v -1.186867 0.900366 -0.712190
v -1.238835 0.894868 -0.712194
v -1.209208 1.041035 -0.712190
v -1.261177 1.035537 -0.712196
v -1.209208 1.041035 -0.712190
v -1.261177 1.035537 -0.712196
v -1.209227 1.040919 -0.500617
v -1.261194 1.035423 -0.500620
v -1.209227 1.040919 -0.500617
v -1.261194 1.035423 -0.500620
v -1.186885 0.900250 -0.500617
v -1.238854 0.894752 -0.500620
v -1.186885 0.900250 -0.500617
v -1.238854 0.894752 -0.500620
v -1.186867 0.900366 -0.712190
v -1.238835 0.894868 -0.712194
v -1.175934 0.867186 -0.452110
v -1.215297 1.064489 -0.476265
v -1.209227 1.040919 -0.500617
v -1.209208 1.041035 -0.712190
v -1.215274 1.064630 -0.736541
v -1.186885 0.900250 -0.500617
v -1.186867 0.900366 -0.712190
v -1.181213 0.867186 -0.735231
v -1.215297 1.064489 -0.476265
v -1.414461 0.973737 -0.476267
v -1.215274 1.064630 -0.736541
v -1.414438 0.973876 -0.736541
v -1.238854 0.894752 -0.500620
v -1.261194 1.035423 -0.500620
v -1.238835 0.894868 -0.712194
v -1.261177 1.035537 -0.712196
v -0.958573 0.931796 -0.662635
v -1.242841 0.931796 -0.668849
v -0.958484 0.880072 -0.662635
v -1.242841 0.880074 -0.668939
v -0.977736 0.879933 -0.590702
v -1.242864 0.879933 -0.589557
v -0.977827 0.931656 -0.590702
v -1.242864 0.931656 -0.589468
v -0.977827 0.931656 -0.590702
v -0.930979 1.002171 -0.457680
v -0.977736 0.879933 -0.590702
v -0.930979 0.950448 -0.457771
v -0.527931 1.002310 -0.537061
v -0.913891 1.002312 -0.537063
v -0.549960 0.950587 -0.537153
v -0.913891 0.950589 -0.537155
v -0.913891 1.002312 -0.537063
v -0.958573 0.931796 -0.662635
v -0.913891 0.950589 -0.537155
v -0.958484 0.880072 -0.662635
v -0.930979 1.002171 -0.457680
v -0.527954 1.002171 -0.457680
v -0.930979 0.950448 -0.457771
v -0.549983 0.950448 -0.457771
v -0.341755 0.976667 -1.182066
v -0.341755 1.028389 -1.181976
v -1.366560 0.976669 -1.182068
v -1.366560 1.028391 -1.181978
v -0.341778 1.028250 -1.102593
v -1.366583 1.028250 -1.102595
v -0.341755 1.028389 -1.181976
v -1.366560 1.028391 -1.181978
v -0.569509 0.851990 -0.766052
v -0.745318 0.966445 -0.766052
v -1.181192 0.850664 -0.766145
v -1.181192 0.966447 -0.766054
v -1.181213 0.867186 -0.735231
v -1.181213 0.966306 -0.740111
v -0.569507 0.844311 -0.735227
v -0.745341 0.966306 -0.740110
v -0.745341 0.966306 -0.740110
v -1.181213 0.966306 -0.740111
v -0.745318 0.966445 -0.766052
v -1.181192 0.966447 -0.766054
v -1.762562 1.142147 -1.953368
v -1.725066 1.142147 -1.953368
v -1.762562 1.167254 -1.952472
v -1.725064 1.167254 -1.952472
v -1.762562 1.017571 -1.748222
v -1.725066 1.017571 -1.748220
v -1.762562 1.142147 -1.953368
v -1.725066 1.142147 -1.953368
v -1.762562 1.167254 -1.952472
v -1.725064 1.167254 -1.952472
v -1.762562 1.138579 -1.749535
v -1.725066 1.138579 -1.749535
v -1.566274 0.767368 0.300026
v -1.658059 0.778766 0.282626
v -1.566270 0.786548 0.299878
v -1.658070 0.800976 0.283259
v -1.567497 0.949955 0.119810
v -1.645293 0.941379 0.121318
v -1.567505 0.952917 0.165337
v -1.645303 0.943491 0.165337
v -1.595211 1.284541 -1.192657
v -1.716114 1.284541 -1.192657
v -1.595211 1.291931 -1.526619
v -1.716114 1.291931 -1.526619
v -1.595211 1.227908 -1.132059
v -1.716114 1.227908 -1.132059
v -1.595211 1.284541 -1.192657
v -1.716114 1.284541 -1.192657
v -1.595297 0.974933 -0.410880
v -1.716199 0.974933 -0.410880
v -1.595297 1.169697 -0.652738
v -1.716200 1.169697 -0.652738
v -1.595297 1.169697 -0.652738
v -1.716200 1.169697 -0.652738
v -1.595211 1.227908 -1.132059
v -1.716114 1.227908 -1.132059
v -1.593845 1.032367 0.632529
v -1.537893 1.032367 0.632529
v -1.595297 0.966176 0.688113
v -1.536215 0.966176 0.688113
v -1.593845 1.032367 0.446214
v -1.537893 1.032367 0.446214
v -1.593845 1.032367 0.632529
v -1.537893 1.032367 0.632529
v -1.593845 1.158570 0.346432
v -1.537893 1.158570 0.346432
v -1.593845 1.032367 0.446214
v -1.537893 1.032367 0.446214
v -1.595209 1.310890 -1.758229
v -1.539484 1.310890 -1.758229
v -1.593758 1.537225 -2.034101
v -1.537890 1.537225 -2.034101
v -1.593758 1.537225 -2.034101
v -1.537890 1.537225 -2.034101
v -1.593759 1.508227 -1.330871
v -1.537892 1.508227 -1.330871
v -1.593759 1.508227 -1.330871
v -1.537892 1.508227 -1.330871
v -1.593759 1.432634 -1.249542
v -1.537892 1.432634 -1.249542
v -1.593845 1.158570 -0.409986
v -1.538120 1.158570 -0.409986
v -1.593845 1.158570 0.346432
v -1.537893 1.158570 0.346432
v -1.593845 1.346075 -0.636453
v -1.537892 1.346075 -0.636453
v -1.593845 1.158570 -0.409986
v -1.538120 1.158570 -0.409986
v -1.593759 1.432634 -1.249542
v -1.537892 1.432634 -1.249542
v -1.593845 1.346075 -0.636453
v -1.537892 1.346075 -0.636453
v -1.566270 0.788880 0.286087
v -1.484077 0.803308 0.269468
v -1.566270 0.786548 0.299878
v -1.474472 0.800976 0.283258
v -1.242864 0.931656 -0.589468
v -1.242864 0.879933 -0.589557
v -1.242841 0.931796 -0.668849
v -1.242841 0.880074 -0.668939
v -1.366560 0.976669 -1.182068
v -1.366583 0.976528 -1.102686
v -0.341755 0.976667 -1.182066
v -0.341778 0.976528 -1.102684
v -0.958484 0.880072 -0.662635
v -0.977736 0.879933 -0.590702
v -0.913891 0.950589 -0.537155
v -0.930979 0.950448 -0.457771
v -0.958484 0.880072 -0.662635
v -1.242841 0.880074 -0.668939
v -0.977736 0.879933 -0.590702
v -1.242864 0.879933 -0.589557
v -1.762562 1.003567 -1.525369
v -1.725066 1.003567 -1.525369
v -1.762562 1.017571 -1.748222
v -1.725066 1.017571 -1.748220
v -1.505017 1.052882 -1.088530
v -1.504967 1.025256 -0.689713
v -1.415392 1.052882 -1.088530
v -1.415343 1.025256 -0.689713
v -1.716114 1.052884 -1.088532
v -1.762563 1.052884 -1.088532
v -1.716114 1.117288 -1.192709
v -1.762562 1.117288 -1.192709
v -0.341778 0.976528 -1.102684
v -0.341778 1.028250 -1.102593
v -0.341755 0.976667 -1.182066
v -0.341755 1.028389 -1.181976
v -1.504967 1.025256 -0.689713
v -1.504958 0.958802 -0.652100
v -1.415343 1.025256 -0.689713
v -1.415333 0.958802 -0.652100
v -1.395234 1.013243 -0.784783
v -1.386170 0.846961 -0.784783
v -1.395211 1.013382 -1.058029
v -1.364091 0.860239 -1.058029
v -1.521078 0.818529 -1.064900
v -1.505017 0.971868 -1.024324
v -1.368945 0.818529 -1.064898
v -1.368945 0.969782 -1.024945
v -1.366583 0.976528 -1.102686
v -1.366583 1.028250 -1.102595
v -0.341778 0.976528 -1.102684
v -0.341778 1.028250 -1.102593
v -0.561165 0.909377 -0.380762
v -0.561205 0.921719 -0.350769
v -0.561126 0.921858 -0.410697
v -0.561223 0.951654 -0.338290
v -0.561205 0.981648 -0.350630
v -0.561126 0.981787 -0.410556
v -0.561108 0.951852 -0.423037
v -0.561165 0.994130 -0.380564
v -1.600265 0.979347 0.062845
v -1.531245 0.979347 0.062845
v -1.566493 0.971700 0.067360
v -1.566493 0.971700 0.067360
v -1.658070 0.961417 0.161883
v -1.651500 0.951081 0.050657
v -0.569517 0.850996 -0.779920
v -1.181192 0.850664 -0.766145
v -1.180820 0.855894 -0.784782
v -1.658070 0.961417 0.161883
v -1.566493 0.971700 0.067360
v -1.567505 0.970843 0.161884
v -1.181192 0.850664 -0.766145
v -0.569517 0.850996 -0.779920
v -0.569509 0.851990 -0.766052
v -1.566493 0.971700 0.067360
v -1.706396 0.966226 0.025487
v -1.600265 0.979347 0.062845
v -1.368945 0.818529 -1.064898
v -1.762563 0.818529 -1.064900
v -1.610430 0.818529 -1.064900
v -1.706396 0.966226 0.025487
v -1.566493 0.971700 0.067360
v -1.651500 0.951081 0.050657
v -1.368945 0.818529 -1.064898
v -1.610430 0.818529 -1.064900
v -1.521078 0.818529 -1.064900
v -1.721476 0.825875 0.106177
v -1.660495 0.854695 0.049025
v -1.659346 0.825191 0.110844
v -1.172048 1.000176 -0.777068
v -1.180820 0.976528 -0.784782
v -1.181698 0.993284 -0.777074
v -1.660495 0.854695 0.049025
v -1.721476 0.825875 0.106177
v -1.721162 0.855966 0.032470
v -1.180820 0.976528 -0.784782
v -1.172048 1.000176 -0.777068
v -1.191166 0.976543 -0.813665
v -1.690505 0.818512 -0.657830
v -1.716200 0.839088 -0.587382
v -1.690528 0.818508 -0.587384
v -1.415310 0.839088 -0.587380
v -1.441003 0.818510 -0.657830
v -1.440980 0.818508 -0.587384
v -1.716200 0.839088 -0.587382
v -1.690505 0.818512 -0.657830
v -1.716177 0.844115 -0.656783
v -1.441003 0.818510 -0.657830
v -1.415310 0.839088 -0.587380
v -1.415333 0.844115 -0.656783
v -1.425113 0.966224 0.025487
v -1.536213 0.974933 -0.410880
v -1.415310 0.974933 -0.410880
v -1.471022 0.854695 0.049025
v -1.410033 0.825875 0.106178
v -1.473942 0.825532 0.112558
v -1.536213 0.974933 -0.410880
v -1.425113 0.966224 0.025487
v -1.531245 0.979347 0.062845
v -1.410033 0.825875 0.106178
v -1.471022 0.854695 0.049025
v -1.410348 0.855964 0.032470
v -1.480018 0.951079 0.050657
v -1.410348 0.855964 0.032470
v -1.471022 0.854695 0.049025
v -1.425113 0.966224 0.025487
v -1.566493 0.971700 0.067360
v -1.531245 0.979347 0.062845
v -1.410348 0.855964 0.032470
v -1.480018 0.951079 0.050657
v -1.425113 0.966224 0.025487
v -1.566493 0.971700 0.067360
v -1.425113 0.966224 0.025487
v -1.480018 0.951079 0.050657
v -1.504956 0.818510 -0.657830
v -1.505017 0.971868 -1.024324
v -1.521078 0.818529 -1.064900
v -0.279511 1.289335 1.066354
v -0.310633 1.528422 1.085648
v -0.231865 1.717036 0.957851
v 0.000000 1.101684 2.317014
v -0.237258 1.046096 2.318233
v -0.223500 0.888759 2.345074
v -0.223382 0.793989 2.220049
v -0.225136 1.081221 2.107444
v -0.308631 0.943407 1.590740
v -0.308526 1.025833 1.263278
v -0.142917 0.920907 1.702487
v -0.271590 0.961511 1.933042
v -0.163327 0.857014 1.950263
v 0.000000 0.806790 2.226145
v 0.000000 0.906319 2.352084
v 0.223501 0.888759 2.345074
v 0.237257 1.046096 2.318233
v 0.223383 0.793987 2.220049
v 0.225137 1.081221 2.107444
v 0.142917 0.920907 1.702487
v 0.163327 0.857014 1.950263
v 0.000000 0.848622 1.954206
v 0.000000 0.966208 1.694800
v 0.000000 1.087304 1.353129
v -0.178469 1.037873 1.331700
v 0.178469 1.037871 1.331700
v 0.271590 0.961511 1.933042
v 0.308631 0.943407 1.590740
v 0.308526 1.025831 1.263278
v 0.279511 1.289335 1.066354
v 0.135969 1.311356 1.060245
v 0.000000 1.347906 1.060245
v -0.135969 1.311356 1.060245
v -0.279511 1.289335 1.066354
v 0.000000 1.110537 2.135200
v 0.196450 1.092740 2.124361
v 0.000000 1.199354 2.116493
v -0.196451 1.092740 2.124361
v 0.337267 1.204937 2.098776
v 0.203014 1.276489 2.112473
v 0.225137 1.081221 2.107444
v 0.000000 1.334933 2.088147
v -0.203014 1.276489 2.112473
v -0.225136 1.081221 2.107444
v -0.337268 1.204937 2.098777
v 0.310633 1.528422 1.085648
v 0.279511 1.289335 1.066354
v 0.231865 1.717036 0.957851
v -0.338177 1.893865 0.956365
v -0.237830 1.979371 0.922574
v -0.231865 1.717036 0.957851
v -0.111856 1.742724 0.951460
v -0.118483 2.062219 0.906955
v 0.000000 2.064925 0.905490
v 0.000000 1.742724 0.942731
v 0.000000 1.347906 1.060245
v 0.111856 1.742724 0.951460
v 0.135969 1.311356 1.060245
v 0.231865 1.717036 0.957851
v 0.237830 1.979371 0.922576
v 0.338178 1.893865 0.956365
v 0.118483 2.062220 0.906955
v 0.279511 1.289335 1.066354
v -0.279511 1.289335 1.066354
v -0.135969 1.311356 1.060245
v -0.520642 1.418596 1.976323
v -0.519345 1.396283 1.912315
v -0.492922 1.292005 2.161737
v -0.426354 1.798455 0.990156
v -0.338177 1.893865 0.956365
v -0.231865 1.717036 0.957851
v -0.426354 1.626897 1.004291
v -0.546771 1.681669 1.091879
v -0.524932 1.538167 1.086827
v -0.578821 1.652711 1.219168
v -0.549106 1.486969 1.207723
v -0.571218 1.580459 1.498734
v -0.536810 1.414718 1.505278
v -0.544426 1.510034 1.682826
v -0.497022 1.341741 1.809544
v -0.489796 1.220659 2.011528
v -0.476025 1.173573 2.321985
v -0.487464 1.199704 2.018386
v -0.459112 1.079584 2.255273
v -0.434743 0.991977 2.538698
v -0.435854 0.930903 2.509076
v 0.338178 1.893865 0.956365
v 0.426354 1.798455 0.990156
v 0.231865 1.717036 0.957851
v 0.426354 1.626897 1.004291
v 0.546771 1.681669 1.091879
v 0.524932 1.538167 1.086827
v 0.578821 1.652711 1.219167
v 0.549107 1.486969 1.207722
v 0.571218 1.580459 1.498734
v 0.536810 1.414718 1.505278
v 0.544425 1.510034 1.682828
v 0.497022 1.341741 1.809546
v 0.519345 1.396283 1.912315
v 0.489797 1.220659 2.011528
v 0.492923 1.292005 2.161737
v 0.476024 1.173573 2.321985
v 0.487465 1.199704 2.018386
v 0.459113 1.079584 2.255272
v 0.434742 0.991977 2.538698
v 0.435853 0.930903 2.509076
v 0.520641 1.418596 1.976323
v -0.226737 1.331925 2.161089
v -0.368522 1.145878 2.190807
v -0.337268 1.204937 2.098777
v -0.203014 1.276489 2.112473
v 0.000000 1.334933 2.088147
v 0.000000 1.428712 2.133390
v 0.226737 1.331925 2.161089
v 0.203014 1.276489 2.112473
v 0.337267 1.204937 2.098776
v 0.368523 1.145878 2.190807
v 0.489797 1.220659 2.011528
v 0.388765 1.198590 2.120913
v 0.337267 1.204937 2.098776
v 0.303482 1.216015 2.035683
v 0.339168 1.346498 1.812596
v 0.497022 1.341741 1.809546
v 0.374759 1.427998 1.524404
v 0.536810 1.414718 1.505278
v 0.351499 1.473994 1.251118
v 0.549107 1.486969 1.207722
v 0.310633 1.528422 1.085648
v 0.524932 1.538167 1.086827
v 0.231865 1.717036 0.957851
v 0.426354 1.626897 1.004291
v 0.225137 1.081221 2.107444
v 0.223383 0.793987 2.220049
v 0.271590 0.961511 1.933042
v 0.337267 1.204937 2.098776
v 0.303482 1.216015 2.035683
v 0.339168 1.346498 1.812596
v 0.374759 1.427998 1.524404
v 0.308631 0.943407 1.590740
v 0.308526 1.025831 1.263278
v 0.351499 1.473994 1.251118
v 0.279511 1.289335 1.066354
v 0.310633 1.528422 1.085648
v -0.225136 1.081221 2.107444
v -0.337268 1.204937 2.098777
v -0.303481 1.216015 2.035683
v -0.223382 0.793989 2.220049
v -0.271590 0.961511 1.933042
v -0.339168 1.346498 1.812596
v -0.374759 1.427998 1.524404
v -0.308631 0.943407 1.590740
v -0.308526 1.025833 1.263278
v -0.351499 1.473994 1.251118
v -0.279511 1.289335 1.066354
v -0.310633 1.528422 1.085648
v -0.388764 1.198590 2.120913
v -0.489796 1.220659 2.011528
v -0.337268 1.204937 2.098777
v -0.303481 1.216015 2.035683
v -0.339168 1.346498 1.812596
v -0.497022 1.341741 1.809544
v -0.374759 1.427998 1.524404
v -0.536810 1.414718 1.505278
v -0.351499 1.473994 1.251118
v -0.549106 1.486969 1.207723
v -0.310633 1.528422 1.085648
v -0.524932 1.538167 1.086827
v -0.231865 1.717036 0.957851
v -0.426354 1.626897 1.004291
v -0.487464 1.199704 2.018386
v -0.489796 1.220659 2.011528
v -0.392639 1.164235 2.098624
v -0.388764 1.198590 2.120913
v 0.388765 1.198590 2.120913
v 0.489797 1.220659 2.011528
v 0.392638 1.164235 2.098624
v 0.487465 1.199704 2.018386
vn -0.3758 -0.9251 -0.0542
vn -0.3757 -0.9252 -0.0540
vn -0.3757 -0.9251 -0.0544
vn -0.4237 -0.7143 0.5570
vn -0.4236 -0.7143 0.5570
vn 0.1278 -0.9907 0.0467
vn 0.1280 -0.9907 0.0469
vn 0.1278 -0.9907 0.0462
vn -0.7782 0.3833 0.4974
vn -0.7203 0.4400 0.5363
vn -0.8971 0.2693 0.3504
vn -0.9761 0.1293 0.1747
vn -0.9993 0.0259 0.0261
vn -0.9977 0.0489 0.0460
vn -0.1673 -0.5696 0.8047
vn -0.1673 -0.5697 0.8046
vn -0.1672 -0.5693 0.8050
vn 0.7783 0.3897 0.4924
vn 0.8964 0.2769 0.3460
vn 0.7202 0.4455 0.5318
vn 0.9756 0.1385 0.1702
vn 0.9991 0.0355 0.0219
vn 0.9974 0.0584 0.0418
vn 0.0016 0.5589 0.8292
vn 0.0015 0.5590 0.8292
vn 0.0016 0.5588 0.8293
vn -0.0013 -0.6046 -0.7965
vn -0.0014 -0.6046 -0.7965
vn 0.0032 -0.9696 0.2445
vn 0.0030 -0.9696 0.2445
vn 0.0029 -0.9696 0.2445
vn 0.0037 -0.8375 0.5464
vn 0.0038 -0.8375 0.5464
vn 0.0038 -0.8375 0.5465
vn 0.0013 0.6123 0.7906
vn 0.0012 0.6118 0.7910
vn 0.0012 0.6119 0.7910
vn 0.0012 0.6123 0.7906
vn -0.0014 -0.5709 -0.8210
vn -0.0014 -0.5706 -0.8212
vn -0.0016 -0.5706 -0.8212
vn -0.0016 -0.5707 -0.8212
vn 0.1704 -0.6290 0.7585
vn 0.9844 -0.1160 -0.1324
vn 0.9844 -0.1160 -0.1320
vn 0.5042 -0.6560 0.5616
vn 0.5039 -0.6563 0.5615
vn 0.5041 -0.6556 0.5621
vn 0.9993 -0.0141 -0.0336
vn 0.9993 -0.0141 -0.0339
vn 0.3339 -0.9425 0.0164
vn 0.3339 -0.9424 0.0166
vn 0.3339 -0.9425 0.0162
vn 0.8622 -0.2979 -0.4097
vn 0.8624 -0.2980 -0.4094
vn -0.1365 -0.9902 -0.0295
vn -0.1365 -0.9902 -0.0294
vn -0.1366 -0.9902 -0.0294
vn -0.0037 -0.5671 -0.8237
vn -0.0041 -0.5666 -0.8240
vn -0.0039 -0.5669 -0.8238
vn -0.0041 -0.5669 -0.8238
vn 0.0031 0.6229 0.7823
vn 0.0030 0.6226 0.7825
vn 0.0030 0.6229 0.7823
vn 0.0029 0.6229 0.7823
vn 0.0113 -0.9202 0.3914
vn 0.0114 -0.9205 0.3907
vn 0.0114 -0.9204 0.3908
vn 0.0114 -0.9202 0.3913
vn 0.0116 -0.9202 0.3913
vn 0.0112 -0.9202 0.3913
vn 0.0115 -0.9204 0.3907
vn 0.0114 -0.9203 0.3910
vn -0.9974 -0.0542 -0.0481
vn -0.9974 -0.0538 -0.0485
vn -0.9973 -0.0542 -0.0488
vn -0.8240 -0.3457 -0.4489
vn -0.8242 -0.3460 -0.4482
vn -0.8437 -0.3348 -0.4195
vn -0.8240 -0.3458 -0.4488
vn -0.0035 -0.5947 -0.8039
vn -0.0035 -0.5952 -0.8036
vn -0.0034 -0.5954 -0.8034
vn -0.0034 -0.5949 -0.8038
vn 0.8241 -0.3351 -0.4566
vn 0.8242 -0.3350 -0.4567
vn 0.8424 -0.3113 -0.4398
vn 0.9973 -0.0320 -0.0656
vn 0.9973 -0.0321 -0.0664
vn 0.9973 -0.0320 -0.0660
vn 0.9973 -0.0317 -0.0664
vn 0.0034 0.5953 0.8035
vn 0.0035 0.5956 0.8033
vn 0.0033 0.5954 0.8034
vn 0.0035 0.5951 0.8037
vn -0.7739 0.3949 0.4951
vn -0.7180 0.4476 0.5331
vn -0.8835 0.2926 0.3658
vn -0.9417 0.2035 0.2678
vn -0.9964 0.0542 0.0656
vn -0.9963 0.0548 0.0660
vn 0.8102 -0.3632 -0.4601
vn 0.8101 -0.3634 -0.4601
vn 0.8100 -0.3632 -0.4604
vn 0.7755 0.4101 0.4801
vn 0.8838 0.3113 0.3492
vn 0.7197 0.4612 0.5190
vn 0.9419 0.2235 0.2506
vn 0.9959 0.0759 0.0485
vn 0.9959 0.0763 0.0488
vn 0.9990 -0.0429 0.0103
vn 0.9984 -0.0528 0.0217
vn 0.9959 -0.0254 0.0866
vn 0.9969 -0.0773 0.0141
vn 0.9990 0.0231 0.0370
vn 0.9741 0.1286 0.1862
vn 0.9944 0.0533 -0.0915
vn 0.9951 -0.0807 0.0565
vn 0.9621 0.1164 0.2465
vn 0.8305 0.3507 0.4327
vn -0.8593 -0.3250 -0.3950
vn -0.8593 -0.3254 -0.3946
vn -0.8594 -0.3250 -0.3947
vn 0.8804 0.4522 0.1431
vn 0.8804 0.4523 0.1423
vn 0.8803 0.4523 0.1431
vn -0.8042 -0.3581 -0.4743
vn -0.8042 -0.3581 -0.4744
vn -0.8041 -0.3580 -0.4746
vn 0.9988 0.0064 -0.0477
vn 0.9988 0.0065 -0.0477
vn 0.9988 0.0064 -0.0484
vn -0.9857 -0.0965 -0.1379
vn -0.9858 -0.0961 -0.1379
vn 0.9902 -0.1187 -0.0732
vn 0.9903 -0.1189 -0.0725
vn 0.9903 -0.1188 -0.0725
vn -0.9981 -0.0519 -0.0319
vn -0.9982 -0.0518 -0.0318
vn -0.9981 -0.0522 -0.0322
vn -0.9911 0.1325 -0.0099
vn -0.9912 0.1323 -0.0099
vn -0.9912 0.1323 -0.0092
vn -0.2292 -0.9710 -0.0683
vn -0.2293 -0.9710 -0.0679
vn -0.2291 -0.9710 -0.0679
vn -0.9689 0.0475 0.2430
vn -0.9689 0.0476 0.2430
vn -0.9688 0.0477 0.2431
vn 0.1295 -0.9898 0.0595
vn 0.1295 -0.9898 0.0593
vn -0.9925 -0.0539 -0.1099
vn -0.9925 -0.0538 -0.1099
vn 0.0181 0.2883 0.9574
vn 0.0182 0.2889 0.9572
vn 0.0182 0.2887 0.9572
vn 0.0181 0.2885 0.9573
vn -0.0014 -0.8528 -0.5222
vn -0.0014 -0.8524 -0.5228
vn -0.0016 -0.8528 -0.5223
vn -0.0015 -0.8528 -0.5223
vn 0.0110 0.5968 0.8023
vn 0.0110 0.5965 0.8025
vn 0.0076 0.7053 0.7089
vn 0.0075 0.7055 0.7087
vn 0.0039 0.7995 0.6006
vn 0.0040 0.7995 0.6006
vn -0.0193 -0.2239 -0.9744
vn -0.0193 -0.2240 -0.9744
vn -0.0155 -0.4209 -0.9070
vn -0.0154 -0.4203 -0.9073
vn -0.0108 -0.5982 -0.8013
vn -0.0110 -0.5983 -0.8012
vn 0.4118 -0.6048 0.6817
vn 0.4121 -0.6049 0.6813
vn 0.4123 -0.6050 0.6811
vn -0.9999 -0.0052 0.0153
vn -0.9999 -0.0052 0.0138
vn 0.1044 -0.6201 0.7775
vn 0.1042 -0.6198 0.7778
vn 0.1042 -0.6199 0.7777
vn 0.9999 0.0052 -0.0153
vn 0.9999 0.0052 -0.0138
vn -0.1450 -0.5014 0.8530
vn -0.1448 -0.5011 0.8532
vn -0.9969 0.0771 0.0130
vn -0.9969 0.0770 0.0138
vn -0.9969 0.0769 0.0138
vn -0.2939 -0.6917 0.6597
vn -0.2942 -0.6920 0.6592
vn -0.2941 -0.6917 0.6596
vn -0.9922 0.0603 0.1087
vn -0.9924 0.0603 0.1072
vn -0.2167 -0.9728 -0.0818
vn -0.2166 -0.9728 -0.0822
vn -0.2168 -0.9728 -0.0822
vn 0.9949 0.0526 -0.0866
vn 0.9948 0.0526 -0.0874
vn 0.1930 -0.9785 0.0729
vn 0.1928 -0.9785 0.0729
vn 0.1927 -0.9785 0.0732
vn 0.9910 -0.0514 -0.1240
vn 0.9909 -0.0514 -0.1240
vn -0.0138 0.6927 -0.7211
vn -0.0134 0.6927 -0.7211
vn -0.0134 0.6928 -0.7210
vn -0.0136 0.6924 -0.7214
vn -0.1383 0.0051 0.9904
vn -0.1385 0.0051 0.9903
vn -0.1387 0.0052 0.9903
vn -0.1386 0.0051 0.9903
vn -0.9979 -0.0269 -0.0587
vn -0.9979 -0.0269 -0.0591
vn -0.9983 -0.0029 -0.0576
vn -0.9969 -0.0507 -0.0610
vn -0.0162 0.0084 -0.9998
vn -0.0161 0.0085 -0.9998
vn -0.0161 0.0084 -0.9998
vn -0.0160 0.0085 -0.9998
vn 0.9960 -0.0164 -0.0878
vn 0.9960 -0.0164 -0.0881
vn 0.9951 -0.0403 -0.0900
vn 0.9961 0.0076 -0.0874
vn -0.0163 0.0084 -0.9998
vn -0.0158 0.0085 -0.9998
vn -0.0160 0.0084 -0.9998
vn -0.0158 -0.0066 -0.9999
vn -0.0160 -0.0065 -0.9999
vn -0.0160 -0.0066 -0.9998
vn -0.0162 -0.0066 -0.9998
vn -0.0164 -0.0060 -0.9998
vn -0.0166 -0.0060 -0.9998
vn -0.0162 -0.0060 -0.9999
vn -0.0161 -0.0059 -0.9999
vn 0.0121 0.5256 0.8506
vn 0.0123 0.5256 0.8507
vn 0.0123 0.5256 0.8506
vn 0.0113 0.5719 0.8203
vn 0.0117 0.5720 0.8202
vn 0.0116 0.5719 0.8202
vn 0.0117 0.5719 0.8202
vn -0.0180 0.9632 -0.2683
vn -0.0237 0.9601 -0.2785
vn -0.0235 0.9640 -0.2648
vn -0.0072 0.9602 -0.2793
vn -0.0160 -0.0066 -0.9999
vn -0.0159 -0.0065 -0.9999
vn -0.0155 -0.1310 -0.9913
vn -0.0155 -0.1309 -0.9913
vn -0.0156 -0.1309 -0.9913
vn 0.0110 0.6134 0.7897
vn 0.0109 0.6130 0.7900
vn 0.0110 0.6126 0.7903
vn 0.0109 0.6134 0.7897
vn 0.1909 0.9816 -0.0042
vn 0.2236 0.9747 -0.0034
vn 0.2331 0.6952 0.6800
vn 0.2320 0.6990 -0.6765
vn 0.2820 0.6944 -0.6620
vn 0.2690 0.2480 -0.9307
vn 0.2627 0.1812 -0.9477
vn 0.6202 -0.5115 -0.5948
vn 0.5740 -0.4092 -0.7093
vn 0.7156 -0.6985 -0.0023
vn 0.7081 -0.7061 -0.0024
vn 0.6232 -0.5110 0.5920
vn 0.5777 -0.4067 0.7077
vn 0.2724 0.2395 0.9319
vn 0.2670 0.1751 0.9477
vn 0.2823 0.6912 0.6652
vn -0.0607 0.9683 -0.2423
vn -0.1144 0.8708 -0.4781
vn -0.0031 0.9682 -0.2503
vn -0.1668 0.8675 -0.4686
vn -0.0934 0.7489 -0.6561
vn -0.0661 0.7633 -0.6426
vn -0.0116 -0.5717 -0.8204
vn -0.0115 -0.5719 -0.8202
vn -0.0116 -0.5719 -0.8202
vn 0.9991 0.0334 0.0252
vn 0.9991 0.0333 0.0252
vn 0.9927 0.1189 0.0217
vn 0.9991 0.0332 0.0252
vn 0.0854 0.9103 -0.4050
vn 0.0445 0.9684 -0.2453
vn 0.1164 0.8236 -0.5551
vn -0.0068 0.9700 -0.2431
vn -0.0067 0.9700 -0.2431
vn -0.0032 0.9682 -0.2503
vn -0.9978 -0.0399 -0.0527
vn -0.9979 -0.0398 -0.0519
vn -0.9931 -0.0036 -0.1171
vn -0.9978 -0.0399 -0.0534
vn 0.0129 0.4598 0.8879
vn 0.0129 0.4592 0.8882
vn 0.0129 0.4595 0.8881
vn -0.0065 0.9733 -0.2293
vn -0.0064 0.9732 -0.2300
vn -0.0063 0.9733 -0.2293
vn -0.0141 0.6444 -0.7646
vn -0.0143 0.6447 -0.7643
vn -0.0142 0.6445 -0.7645
vn -0.0140 0.6444 -0.7645
vn 0.7089 -0.7053 -0.0022
vn 0.7156 -0.6985 -0.0024
vn 0.6195 -0.5115 -0.5955
vn 0.6226 -0.5108 0.5929
vn 0.5767 -0.4070 0.7083
vn 0.2716 0.2391 0.9322
vn 0.2652 0.1752 0.9481
vn 0.2334 0.6946 0.6805
vn 0.2812 0.6905 0.6664
vn 0.2246 0.9744 -0.0034
vn 0.1906 0.9817 -0.0042
vn 0.2308 0.6982 -0.6776
vn 0.2826 0.6934 -0.6629
vn 0.2682 0.2476 -0.9310
vn 0.2607 0.1805 -0.9484
vn 0.5730 -0.4095 -0.7099
vn -0.9994 -0.0187 -0.0298
vn -0.9999 -0.0034 0.0145
vn -0.9986 -0.0335 -0.0420
vn -0.9964 -0.0475 -0.0706
vn -0.9957 -0.0628 -0.0675
vn -0.0001 -1.0000 0.0053
vn -0.0007 -1.0000 0.0053
vn 0.0001 -1.0000 0.0053
vn 0.0009 -1.0000 0.0038
vn 0.0007 -1.0000 0.0053
vn 0.0028 -1.0000 0.0050
vn 0.0025 -1.0000 0.0042
vn 0.0042 -1.0000 0.0042
vn 0.0040 -1.0000 0.0042
vn 0.0052 -1.0000 0.0046
vn -0.2649 0.1848 -0.9464
vn -0.2716 0.2502 -0.9293
vn -0.6222 -0.5086 -0.5952
vn -0.2321 0.6993 -0.6761
vn -0.2821 0.6948 -0.6616
vn -0.2236 0.9747 -0.0027
vn -0.1897 0.9818 -0.0034
vn -0.2331 0.6952 0.6800
vn -0.2823 0.6912 0.6652
vn -0.2708 0.2369 0.9330
vn -0.2649 0.1716 0.9489
vn -0.6208 -0.5136 0.5923
vn -0.5745 -0.4108 0.7079
vn -0.7160 -0.6981 -0.0018
vn -0.7081 -0.7061 -0.0023
vn -0.5765 -0.4053 -0.7095
vn -0.9943 -0.1062 -0.0023
vn -0.9993 -0.0327 -0.0202
vn -0.9932 -0.0943 0.0687
vn -0.9873 -0.1499 0.0522
vn -0.9888 -0.0775 0.1275
vn -0.9897 -0.0475 0.1354
vn -0.9890 -0.0043 0.1480
vn -0.9939 -0.0310 0.1057
vn 0.9950 -0.0930 -0.0374
vn 0.9963 -0.0780 0.0351
vn 0.9981 -0.0261 -0.0553
vn 0.9915 -0.1292 0.0153
vn 0.9934 -0.0593 0.0977
vn 0.9935 -0.0328 0.1091
vn 0.9963 -0.0194 0.0836
vn 0.9929 0.0061 0.1190
vn 0.0094 0.9606 -0.2779
vn -0.0073 0.9606 -0.2778
vn 0.0038 0.9631 -0.2690
vn 0.0095 0.9646 -0.2634
vn -0.0108 0.8539 -0.5204
vn -0.0108 0.8542 -0.5198
vn -0.0117 0.8053 -0.5927
vn -0.0364 0.7832 -0.6207
vn -0.0365 0.7625 -0.6459
vn -0.0486 0.7683 -0.6383
vn -0.7088 -0.7054 -0.0023
vn -0.7156 -0.6985 -0.0023
vn -0.6203 -0.5135 0.5929
vn -0.6217 -0.5085 -0.5958
vn -0.5760 -0.4059 -0.7095
vn -0.2710 0.2500 -0.9295
vn -0.2640 0.1842 -0.9468
vn -0.2308 0.6982 -0.6776
vn -0.2812 0.6937 -0.6631
vn -0.2232 0.9748 -0.0042
vn -0.1908 0.9816 -0.0049
vn -0.2334 0.6946 0.6805
vn -0.2813 0.6909 0.6660
vn -0.2688 0.2367 0.9337
vn -0.2633 0.1715 0.9493
vn -0.5729 -0.4111 0.7091
vn 0.1164 0.9533 0.2786
vn 0.0973 0.9507 0.2945
vn 0.1364 0.9581 0.2517
vn 0.2052 0.9381 0.2791
vn 0.2263 0.8380 0.4966
vn 0.2739 0.6468 0.7118
vn 0.1498 0.4374 0.8867
vn 0.0643 0.4169 0.9067
vn -0.0645 0.4288 0.9011
vn -0.1006 0.4903 0.8657
vn -0.1553 0.5005 0.8517
vn -0.2039 0.5187 0.8303
vn -0.1632 0.5616 0.8111
vn -0.1259 0.5927 0.7956
vn -0.0017 0.6500 0.7599
vn 0.1619 0.5586 0.8135
vn 0.1241 0.5878 0.7994
vn 0.2040 0.5190 0.8301
vn 0.1553 0.5008 0.8515
vn 0.1008 0.4909 0.8654
vn 0.0645 0.4288 0.9011
vn -0.0642 0.4163 0.9070
vn -0.1496 0.4368 0.8870
vn -0.2740 0.6467 0.7118
vn -0.2263 0.8380 0.4966
vn -0.2052 0.9381 0.2791
vn -0.1364 0.9583 0.2510
vn -0.1178 0.9526 0.2806
vn -0.1013 0.9500 0.2953
vn -0.3553 0.1170 -0.9274
vn -0.3798 0.1786 -0.9077
vn -0.3432 0.0953 -0.9344
vn -0.3959 0.1565 -0.9049
vn -0.2402 0.2083 -0.9481
vn -0.3952 0.2304 -0.8892
vn -0.0702 0.2602 -0.9630
vn 0.0755 0.4166 -0.9060
vn -0.0027 0.4317 -0.9020
vn 0.0851 0.4779 -0.8743
vn 0.0191 0.2571 -0.9662
vn 0.1110 0.1823 -0.9770
vn 0.1630 0.0336 -0.9860
vn 0.3884 0.2892 -0.8749
vn -0.7042 0.6947 0.1466
vn -0.7433 -0.6611 0.1023
vn -0.8114 -0.5648 0.1503
vn -0.8479 0.5249 0.0747
vn -0.8316 -0.5552 0.0153
vn -0.8504 0.5260 0.0107
vn 0.3554 0.1166 -0.9274
vn 0.3433 0.0954 -0.9344
vn 0.3796 0.1784 -0.9078
vn 0.3969 0.1563 -0.9045
vn 0.2404 0.2084 -0.9481
vn 0.3952 0.2305 -0.8892
vn 0.0702 0.2602 -0.9630
vn -0.0755 0.4165 -0.9060
vn 0.0012 0.4317 -0.9020
vn -0.0866 0.4778 -0.8742
vn -0.0191 0.2571 -0.9662
vn -0.1110 0.1824 -0.9769
vn -0.1645 0.0336 -0.9858
vn -0.3882 0.2893 -0.8750
vn -0.8549 0.0175 0.5185
vn -0.8531 0.1385 0.5030
vn -0.7425 0.0282 0.6692
vn -0.9137 0.0332 0.4051
vn -0.8528 0.1545 0.4989
vn -0.8156 0.2939 0.4984
vn -0.8217 0.4257 0.3789
vn -0.8218 0.4254 0.3791
vn -0.8391 0.5285 0.1285
vn -0.8290 0.5501 0.1007
vn -0.8750 0.4689 0.1206
vn -0.8097 0.5196 0.2729
vn -0.8096 0.5197 0.2730
vn -0.7975 0.5576 0.2302
vn -0.8054 0.5390 0.2466
vn -0.7820 0.5844 0.2169
vn -0.8003 0.5696 0.1872
vn -0.8172 0.5550 0.1557
vn -0.8082 0.5840 0.0751
vn -0.8044 0.5940 0.0103
vn -0.8049 0.5933 0.0104
vn -0.8035 0.5952 -0.0073
vn -0.8035 0.5952 -0.0072
vn -0.7958 0.5905 -0.1343
vn -0.7763 0.5759 -0.2563
vn -0.5588 0.3383 0.7572
vn -0.5197 0.2626 0.8130
vn -0.6218 0.3281 0.7111
vn -0.6749 0.2516 0.6936
vn -0.7343 0.2924 0.6126
vn -0.6126 0.1388 0.7781
vn -0.5068 0.0191 0.8618
vn -0.6497 -0.0992 0.7537
vn -0.7830 -0.2845 0.5531
vn -0.8746 -0.3739 0.3087
vn -0.8696 -0.3915 0.3010
vn -0.8739 -0.3968 0.2807
vn -0.8740 -0.3967 0.2807
vn -0.0933 0.7489 -0.6561
vn 0.0361 0.7642 -0.6440
vn 0.0605 0.7496 -0.6592
vn 0.1159 0.8236 -0.5552
vn 0.0854 0.9103 -0.4051
vn 0.5585 0.3381 0.7575
vn 0.6218 0.3281 0.7111
vn 0.5196 0.2623 0.8131
vn 0.6749 0.2516 0.6936
vn 0.7343 0.2924 0.6126
vn 0.6126 0.1388 0.7781
vn 0.5068 0.0191 0.8618
vn 0.6496 -0.0992 0.7537
vn 0.7830 -0.2845 0.5531
vn 0.8752 -0.3708 0.3106
vn 0.8709 -0.3879 0.3018
vn 0.8763 -0.3892 0.2838
vn -0.6712 -0.7406 0.0298
vn -0.6720 -0.7389 0.0504
vn -0.6712 -0.7406 0.0297
vn -0.6669 -0.7444 -0.0332
vn -0.6669 -0.7444 -0.0348
vn -0.6584 -0.7442 -0.1126
vn -0.6478 -0.7390 -0.1849
vn -0.6474 -0.7393 -0.1850
vn -0.6598 -0.7025 0.2668
vn -0.6241 -0.6550 0.4260
vn -0.6626 -0.6401 0.3888
vn -0.7056 -0.6831 0.1887
vn -0.5051 -0.4471 -0.7382
vn -0.3467 -0.3562 -0.8677
vn -0.3193 -0.3883 -0.8644
vn -0.3683 -0.5084 -0.7784
vn -0.5978 -0.7080 -0.3759
vn -0.5989 -0.7076 -0.3749
vn -0.5539 -0.6729 -0.4904
vn -0.5537 -0.6727 -0.4907
vn -0.4826 -0.6100 -0.6286
vn -0.5027 -0.5828 -0.6384
vn -0.4578 -0.3387 -0.8220
vn -0.4525 -0.2014 -0.8687
vn -0.3853 -0.0690 -0.9202
vn -0.3869 -0.0172 -0.9220
vn -0.4234 -0.1800 -0.8879
vn -0.3793 -0.1701 -0.9095
vn -0.0365 0.7626 -0.6459
vn 0.0238 0.7688 -0.6391
vn 0.0115 0.7627 -0.6466
vn 0.0120 0.7833 -0.6215
vn -0.0119 0.8050 -0.5932
vn -0.0106 0.8542 -0.5198
vn 0.6660 0.7405 0.0896
vn 0.8271 -0.5578 -0.0684
vn 0.6950 -0.7186 0.0240
vn 0.6647 0.7469 -0.0152
vn 0.7258 -0.6699 0.1560
vn 0.6585 0.7215 -0.2139
vn 0.9075 -0.4020 0.1221
vn 0.6513 0.5555 -0.5170
vn 0.9909 -0.0656 -0.1175
vn 0.5359 0.6720 -0.5111
vn 0.9985 -0.0206 0.0511
vn 0.4103 0.8650 -0.2890
vn 0.4824 -0.8551 0.1901
vn 0.4004 -0.8025 0.4424
vn -0.2534 -0.7693 0.5865
vn -0.3983 -0.8911 0.2174
vn -0.5210 -0.8534 0.0175
vn -0.4010 -0.9094 -0.1108
vn 0.4458 0.2931 -0.8458
vn 0.3032 0.1739 -0.9369
vn 0.0771 0.0113 -0.9970
vn 0.5027 0.3566 -0.7875
vn 0.6015 0.4683 -0.6472
vn 0.6060 0.4415 -0.6617
vn 0.5952 0.5866 -0.5492
vn 0.5965 0.6354 -0.4903
vn 0.4962 0.6844 -0.5341
vn -0.0003 0.7847 -0.6199
vn -0.4954 0.6800 -0.5406
vn -0.5960 0.6326 -0.4945
vn -0.5953 0.5850 -0.5507
vn -0.6027 0.4692 -0.6454
vn -0.6060 0.4414 -0.6617
vn -0.4458 0.2931 -0.8458
vn -0.5015 0.3558 -0.7886
vn -0.3032 0.1739 -0.9369
vn -0.0771 0.0113 -0.9970
vn -0.3906 -0.0045 -0.9205
vn -0.5241 -0.0058 -0.8516
vn -0.3775 -0.0014 -0.9260
vn -0.5929 -0.0079 -0.8052
vn -0.8310 -0.0078 -0.5562
vn -0.8310 -0.0077 -0.5562
vn -0.8947 -0.0074 -0.4467
vn -0.8950 -0.0074 -0.4460
vn -0.9999 -0.0008 0.0140
vn -0.9999 -0.0011 0.0126
vn -1.0000 -0.0008 0.0076
vn -0.9999 -0.0046 0.0137
vn -0.9981 -0.0606 0.0084
vn -0.9982 -0.0603 0.0046
vn -0.9963 -0.0862 -0.0000
vn -0.1901 -0.9788 -0.0761
vn -0.1899 -0.9788 -0.0767
vn -0.1900 -0.9789 -0.0752
vn 0.9999 -0.0011 0.0164
vn 0.9999 -0.0050 0.0160
vn 0.9981 -0.0610 0.0099
vn 0.9981 -0.0614 0.0053
vn 0.9961 -0.0877 0.0015
vn 1.0000 -0.0015 0.0095
vn 1.0000 -0.0015 0.0097
vn 0.9480 0.3161 0.0385
vn 0.9544 0.2964 -0.0343
vn 0.9620 0.2731 -0.0000
vn 0.9655 0.2493 0.0752
vn 0.9761 0.2171 0.0006
vn 0.9659 0.2483 -0.0736
vn 0.9484 0.3148 -0.0374
vn 0.9545 0.2964 0.0336
vn 0.9700 0.2432 -0.0014
vn 0.9760 0.2176 0.0006
vn 0.9655 0.2493 0.0747
vn 0.9617 0.2741 -0.0000
vn 0.9657 0.2491 -0.0732
vn 0.9482 0.3156 -0.0374
vn 0.9544 0.2968 0.0332
vn 0.9700 0.2433 -0.0014
vn 0.9541 0.2974 -0.0344
vn 0.9481 0.3158 0.0385
vn 0.2187 -0.9724 0.0813
vn 0.2187 -0.9725 0.0807
vn -0.9099 0.3238 0.2594
vn -0.9147 0.3696 0.1633
vn -0.9973 -0.0583 -0.0442
vn -0.8543 0.5174 -0.0488
vn -0.8401 0.5408 -0.0412
vn -0.7200 0.6195 -0.3128
vn -0.6711 0.5982 -0.4380
vn -0.5866 0.6484 -0.4852
vn -0.0002 0.7988 -0.6016
vn -0.0003 0.7988 -0.6016
vn 0.5866 0.6530 -0.4791
vn 0.6721 0.6012 -0.4323
vn 0.7197 0.6206 -0.3113
vn 0.8545 0.5172 -0.0488
vn 0.8400 0.5408 -0.0442
vn 0.9152 0.3698 0.1603
vn 0.9099 0.3238 0.2594
vn 0.9974 -0.0584 -0.0412
vn -0.9700 0.2432 -0.0018
vn -0.9544 0.2964 -0.0343
vn -0.9620 0.2731 -0.0000
vn -0.9545 0.2964 0.0336
vn -0.9484 0.3148 -0.0374
vn -0.9659 0.2483 -0.0729
vn -0.9761 0.2172 0.0006
vn -0.9657 0.2489 0.0743
vn -0.9480 0.3158 0.0392
vn -0.1527 -0.9592 0.2380
vn -0.2177 -0.9495 0.2258
vn -0.2490 -0.9533 0.1710
vn -0.0185 -0.9538 0.2998
vn -0.0315 -0.9242 0.3807
vn 0.0605 -0.8003 0.5965
vn -0.0720 -0.5858 0.8073
vn -0.0134 -0.3301 0.9439
vn -0.1470 -0.2976 0.9433
vn -0.0000 -0.2387 0.9711
vn -0.0000 -0.1878 0.9822
vn 0.0134 -0.3301 0.9439
vn 0.1470 -0.2976 0.9433
vn 0.0720 -0.5858 0.8073
vn -0.0605 -0.7996 0.5974
vn 0.0307 -0.9242 0.3807
vn 0.0177 -0.9543 0.2984
vn 0.1520 -0.9593 0.2380
vn 0.2177 -0.9495 0.2258
vn 0.2492 -0.9533 0.1708
vn 0.9212 0.3381 0.1924
vn 0.9228 0.2686 0.2762
vn 0.9490 0.2201 0.2259
vn 0.8384 0.5451 -0.0046
vn 0.8240 0.5657 0.0320
vn 0.7226 0.6456 -0.2473
vn 0.6913 0.6097 -0.3877
vn 0.6910 0.6089 -0.3896
vn 0.6756 0.6154 -0.4060
vn -0.0000 0.8336 -0.5524
vn -0.0000 0.8301 -0.5577
vn -0.6756 0.6154 -0.4060
vn -0.6910 0.6089 -0.3896
vn -0.6913 0.6097 -0.3877
vn -0.7226 0.6455 -0.2473
vn -0.8384 0.5451 -0.0046
vn -0.8240 0.5657 0.0320
vn -0.9213 0.3380 0.1923
vn -0.9229 0.2685 0.2761
vn -0.9490 0.2201 0.2259
vn -0.9481 0.3156 0.0393
vn -0.9655 0.2496 0.0748
vn -0.9617 0.2741 -0.0000
vn -0.9541 0.2974 -0.0344
vn -0.9699 0.2435 -0.0016
vn -0.9543 0.2968 0.0339
vn -0.9482 0.3155 -0.0374
vn -0.9657 0.2491 -0.0732
vn -0.9760 0.2177 0.0006
vn 0.8979 0.4219 0.1259
vn 0.9449 0.3267 -0.0198
vn 0.8776 0.4474 0.1725
vn 0.7719 0.5533 0.3129
vn 0.7471 0.5611 0.3563
vn 0.7253 0.5639 0.3949
vn 0.6293 0.6914 0.3549
vn 0.6396 0.6751 0.3677
vn 0.4667 0.8319 0.3003
vn 0.4513 0.8526 0.2634
vn 0.2981 -0.6895 -0.6601
vn 0.2981 -0.6893 -0.6603
vn 0.2982 -0.6898 -0.6598
vn 0.2012 -0.9794 0.0160
vn 0.7871 -0.6129 0.0689
vn 0.2019 -0.9792 0.0175
vn 0.9959 0.0255 0.0871
vn 0.9959 0.0256 0.0871
vn 0.7268 0.6837 0.0648
vn 0.7265 0.6842 0.0634
vn 0.0797 0.9968 0.0070
vn 0.0791 0.9969 0.0053
vn 0.1498 -0.5002 -0.8528
vn 0.1499 -0.5000 -0.8530
vn 0.1497 -0.4996 -0.8532
vn 0.6575 -0.7262 -0.2007
vn 0.6590 -0.7280 -0.1889
vn 0.6575 -0.7262 -0.2008
vn 0.6596 -0.7279 -0.1875
vn 0.6560 -0.7231 -0.2163
vn 0.6558 -0.7229 -0.2177
vn 0.6359 -0.7012 -0.3224
vn 0.6364 -0.7008 -0.3222
vn 0.6196 -0.6841 -0.3848
vn 0.0906 -0.7133 0.6950
vn 0.5287 -0.4552 0.7164
vn 0.5288 -0.4551 0.7164
vn 0.6851 0.0183 0.7282
vn 0.6843 0.0183 0.7290
vn 0.4705 0.4961 0.7297
vn 0.4711 0.4960 0.7294
vn -0.0010 0.7143 0.6998
vn 0.2173 -0.8458 -0.4872
vn 0.2173 -0.8459 -0.4871
vn 0.7233 -0.5291 -0.4436
vn 0.7224 -0.5284 -0.4460
vn 0.9002 0.0213 -0.4349
vn 0.9002 0.0214 -0.4349
vn 0.6656 0.5839 -0.4649
vn 0.6656 0.5838 -0.4649
vn 0.1124 0.8568 -0.5032
vn 0.1121 0.8555 -0.5055
vn -0.6577 -0.7261 -0.2004
vn -0.6597 -0.7276 -0.1880
vn -0.6594 -0.7279 -0.1879
vn -0.6549 -0.7239 -0.2170
vn -0.6547 -0.7237 -0.2185
vn -0.6305 -0.7041 -0.3265
vn -0.6301 -0.7045 -0.3267
vn -0.6107 -0.6881 -0.3918
vn -0.6112 -0.6878 -0.3916
vn -0.4665 0.8315 0.3017
vn -0.4512 0.8528 0.2630
vn -0.6284 0.6921 0.3552
vn -0.6394 0.6749 0.3684
vn -0.7253 0.5639 0.3949
vn -0.7477 0.5605 0.3559
vn -0.7719 0.5533 0.3129
vn -0.8779 0.4467 0.1723
vn -0.8979 0.4219 0.1259
vn -0.9449 0.3267 -0.0198
vn -0.0993 -0.6191 -0.7790
vn -0.0992 -0.6186 -0.7794
vn -0.8540 0.4365 0.2832
vn -0.8321 0.4891 0.2614
vn -0.8524 0.4356 0.2893
vn -0.8419 0.4585 0.2846
vn -0.7534 0.6256 0.2025
vn -0.7037 0.6888 0.1743
vn -0.5895 0.7860 0.1862
vn -0.6378 0.7499 0.1755
vn -0.5138 0.8338 0.2018
vn -0.4529 0.8513 0.2649
vn -0.1537 0.8835 0.4425
vn -0.0418 0.9437 0.3281
vn -0.1566 0.8541 0.4959
vn -0.1782 0.8708 0.4583
vn -0.0019 0.9029 0.4299
vn -0.2404 0.8581 0.4537
vn -0.3773 0.7630 0.5249
vn -0.3026 0.7493 0.5891
vn -0.1736 0.7319 0.6589
vn -0.4074 -0.6053 -0.6838
vn -0.4074 -0.6057 -0.6835
vn -0.4075 -0.6053 -0.6838
vn 0.1537 0.8835 0.4425
vn 0.1566 0.8541 0.4959
vn 0.0410 0.9437 0.3281
vn 0.1782 0.8708 0.4582
vn 0.0019 0.9029 0.4299
vn 0.2401 0.8569 0.4561
vn 0.3773 0.7630 0.5249
vn 0.3026 0.7493 0.5891
vn 0.1732 0.7304 0.6607
vn -0.8248 0.5508 0.1279
vn -0.7651 0.6008 0.2318
vn -0.7517 0.6537 0.0870
vn -0.8125 0.5551 0.1781
vn -0.7934 0.5695 0.2151
vn -0.7984 0.5480 0.2496
vn -0.6646 0.6730 0.3245
vn -0.7590 0.6500 0.0378
vn -0.7728 0.6270 0.0979
vn -0.6604 0.7508 -0.0103
vn -0.6867 0.7107 0.1530
vn -0.6610 0.6965 0.2792
vn -0.6213 0.7055 0.3409
vn -0.5763 0.7041 0.4149
vn -0.5461 0.6819 0.4866
vn -0.6047 0.6427 0.4704
vn -0.6555 0.5685 0.4971
vn -0.7362 0.5027 0.4531
vn -0.7396 0.4641 0.4874
vn -0.7428 0.4675 0.4793
vn -0.7359 0.4723 0.4853
vn -0.7138 0.4867 0.5036
vn -0.1269 -0.9899 -0.0626
vn -0.1273 -0.9899 -0.0618
vn -0.1275 -0.9899 -0.0618
vn -0.6907 0.6278 0.3589
vn -0.8530 0.4174 0.3134
vn -0.8014 0.5304 0.2766
vn -0.8163 0.5600 0.1419
vn -0.9307 0.3013 0.2075
vn -0.7787 0.5501 0.3018
vn -0.8956 0.4256 0.1297
vn -0.8981 0.4393 -0.0218
vn -0.8049 0.5898 -0.0648
vn -0.8640 0.4754 -0.1656
vn -0.8227 0.5395 -0.1793
vn -0.7239 0.6819 -0.1045
vn -0.6415 0.7643 0.0656
vn -0.6409 0.7302 0.2369
vn -0.9553 0.1956 0.2215
vn 0.2311 -0.9706 0.0667
vn 0.2311 -0.9707 0.0665
vn 0.2314 -0.9706 0.0664
vn 0.0279 0.9743 0.2234
vn 0.0259 0.9959 0.0866
vn 0.0406 0.9750 0.2186
vn 0.0042 0.9988 -0.0498
vn 0.0007 0.9823 -0.1873
vn -0.0215 0.9830 -0.1825
vn -0.0000 -0.0000 1.0000
vn 0.0612 0.8950 0.4418
vn 0.0405 0.8970 0.4402
vn 0.0712 0.9097 0.4091
vn 0.0866 0.9155 0.3929
vn 0.9982 -0.0484 0.0349
vn 0.9982 -0.0481 0.0347
vn 0.9982 -0.0480 0.0349
vn -0.0621 0.8956 0.4405
vn -0.0740 0.9095 0.4090
vn -0.0405 0.8976 0.4389
vn -0.0908 0.9148 0.3937
vn -0.1178 0.9525 0.2807
vn 0.9857 -0.0926 0.1405
vn 0.9857 -0.0930 0.1404
vn 0.0881 -0.0000 -0.9961
vn 0.0871 -0.0000 -0.9962
vn 0.0867 -0.0000 -0.9962
vn 0.0872 -0.0001 -0.9962
vn 0.0872 -0.0000 -0.9962
vn 0.0871 0.0001 -0.9962
vn 0.0871 -0.0001 -0.9962
vn 0.8039 -0.3559 0.4765
vn 0.8039 -0.3559 0.4764
vn 0.8039 -0.3558 0.4767
vn -1.0000 -0.0001 -0.0000
vn -1.0000 -0.0000 -0.0000
vn -1.0000 -0.0000 0.0001
vn -1.0000 -0.0001 0.0001
vn -0.0871 -0.0000 -0.9962
vn -0.0872 0.0001 -0.9962
vn -0.0866 -0.0000 -0.9962
vn -0.0872 -0.0001 -0.9962
vn -0.0871 -0.0001 -0.9962
vn -0.0870 -0.0002 -0.9962
vn -0.0882 -0.0000 -0.9961
vn -0.0869 -0.0000 -0.9962
vn -0.0872 -0.0000 -0.9962
vn 1.0000 -0.0000 -0.0000
vn 1.0000 -0.0001 -0.0000
vn 1.0000 -0.0001 0.0001
vn 1.0000 -0.0000 0.0001
vn -0.5622 0.8044 0.1919
vn -0.4909 0.8506 0.1885
vn -0.6789 0.7167 0.1594
vn -0.7607 0.6334 0.1422
vn -0.8657 0.4936 0.0826
vn -0.8272 -0.5577 -0.0689
vn -0.6706 0.7005 0.2441
vn -0.6652 0.7413 0.0897
vn -0.8216 -0.5072 -0.2603
vn 0.4010 -0.9094 -0.1101
vn 0.4046 -0.8542 -0.3267
vn -0.6734 0.6617 0.3295
vn -0.8001 -0.4533 -0.3930
vn 0.4023 -0.7968 -0.4509
vn -0.0661 -0.2766 -0.9587
vn -0.0522 -0.2925 -0.9549
vn -0.1286 -0.2365 -0.9631
vn -0.1665 -0.2075 -0.9640
vn -0.2517 -0.1530 -0.9556
vn -0.6608 -0.1179 -0.7413
vn -0.6874 -0.1056 -0.7185
vn -0.6280 -0.1018 -0.7715
vn -0.5967 -0.0999 -0.7962
vn -0.5569 -0.0697 -0.8276
vn -0.2870 -0.1486 -0.9463
vn -0.2392 -0.1595 -0.9578
vn -0.3652 -0.2131 -0.9062
vn -0.4257 -0.2388 -0.8728
vn -0.5095 -0.3350 -0.7925
vn 0.8592 -0.3227 0.3970
vn 0.8592 -0.3227 0.3971
vn 0.2701 -0.9476 -0.1709
vn 0.2562 -0.9579 -0.1297
vn 0.9944 -0.0256 -0.1022
vn -0.0000 -0.9911 -0.1328
vn -0.0000 -0.9988 -0.0486
vn -0.2562 -0.9579 -0.1297
vn -0.2701 -0.9475 -0.1709
vn -0.9944 -0.0257 -0.1022
vn 0.5968 -0.0999 -0.7962
vn 0.5570 -0.0697 -0.8276
vn 0.6281 -0.1018 -0.7715
vn 0.6608 -0.1179 -0.7413
vn 0.6875 -0.1056 -0.7184
vn 0.1665 -0.2076 -0.9639
vn 0.2512 -0.1530 -0.9558
vn 0.1286 -0.2365 -0.9631
vn 0.0661 -0.2765 -0.9587
vn 0.0522 -0.2922 -0.9549
vn 0.4257 -0.2388 -0.8728
vn 0.5097 -0.3346 -0.7927
vn 0.3657 -0.2134 -0.9059
vn 0.2870 -0.1486 -0.9463
vn 0.2392 -0.1595 -0.9578
vn 0.7606 0.6337 0.1412
vn 0.8658 0.4936 0.0826
vn 0.6789 0.7167 0.1594
vn 0.5623 0.8044 0.1919
vn 0.4908 0.8506 0.1885
vn 0.5138 -0.4883 -0.7054
vn 0.6285 -0.5263 -0.5726
vn 0.8171 -0.3526 -0.4561
vn 0.5371 -0.4453 -0.7164
vn 0.4755 -0.3485 -0.8077
vn 0.4876 -0.3286 -0.8089
vn 0.7662 -0.3335 -0.5494
vn -0.8107 -0.3663 0.4567
vn -0.9789 -0.2044 -0.0027
vn -0.9998 0.0073 -0.0180
vn -1.0000 -0.0076 0.0002
vn -0.9928 -0.1194 -0.0048
vn -1.0000 0.0004 -0.0003
vn -0.9208 -0.3899 -0.0059
vn -0.8906 -0.4543 0.0209
vn -0.8628 -0.3015 0.4058
vn -0.8626 -0.3014 0.4063
vn -0.5140 -0.4886 -0.7050
vn -0.8171 -0.3526 -0.4561
vn -0.6285 -0.5263 -0.5726
vn -0.4875 -0.3286 -0.8089
vn -0.7664 -0.3333 -0.5491
vn -0.5361 -0.4457 -0.7169
vn -0.4755 -0.3486 -0.8077
vn 0.4123 0.5187 0.7490
vn 0.3801 0.4873 0.7862
vn 0.3858 0.4858 0.7843
vn 0.4349 0.5516 0.7118
vn 0.4830 0.6028 0.6351
vn 0.4880 0.6158 0.6186
vn 0.5540 0.6725 0.4907
vn 0.5529 0.6731 0.4911
vn 0.6074 0.7150 0.3463
vn 0.6090 0.7246 0.3226
vn 0.6190 0.7393 0.2651
vn 0.6212 0.7406 0.2563
vn 0.6361 0.7411 0.2148
vn 0.6443 0.7385 0.1987
vn 0.6600 0.7440 0.1042
vn 0.6600 0.7440 0.1040
vn 0.6675 0.7439 0.0311
vn 0.6676 0.7439 0.0309
vn 0.6711 0.7410 -0.0230
vn 0.6711 0.7410 -0.0228
vn 0.6720 0.7389 -0.0504
vn 0.6722 0.7386 -0.0504
vn -0.9994 -0.0175 0.0313
vn -0.9994 -0.0172 0.0313
vn -0.9994 -0.0175 0.0312
vn -0.0509 0.5571 0.8289
vn -0.0018 0.5547 0.8320
vn 0.0472 0.5509 0.8332
vn 0.0472 0.5511 0.8331
vn 0.0296 0.0507 0.9983
vn 0.0364 0.0520 0.9980
vn 0.0227 0.0497 0.9985
vn -0.0000 0.3732 -0.9277
vn -0.0339 0.3731 -0.9272
vn -0.0337 0.3730 -0.9272
vn -0.0000 0.3733 -0.9277
vn 0.0339 0.3731 -0.9272
vn 0.0337 0.3730 -0.9272
vn 0.0114 0.0053 -0.9999
vn 0.0115 0.0055 -0.9999
vn 0.0115 0.0054 -0.9999
vn -0.0055 -0.9989 -0.0462
vn -0.0000 -1.0000 0.0016
vn -0.0299 -0.9985 -0.0459
vn -0.0000 -0.0330 0.9995
vn -0.0000 -0.0329 0.9995
vn -0.0000 -0.0334 0.9994
vn 0.0002 0.9998 -0.0209
vn 0.0002 0.9998 -0.0206
vn 0.0003 0.9998 -0.0214
vn 0.0011 0.0278 -0.9996
vn 0.0011 0.0279 -0.9996
vn -0.0077 0.0719 -0.9974
vn 0.0101 -0.0160 -0.9998
vn 0.9791 -0.1690 -0.1128
vn 0.8451 -0.2759 -0.4580
vn 0.5299 -0.3990 -0.7483
vn 0.9860 -0.1004 -0.1332
vn -0.9892 0.1358 0.0544
vn -0.9680 0.2465 0.0478
vn -0.9723 0.2143 0.0938
vn -0.9760 0.1725 0.1331
vn -0.0010 -0.0004 1.0000
vn -0.0003 -0.0001 1.0000
vn -0.0000 -0.0333 0.9994
vn -0.4345 -0.7710 -0.4655
vn -0.3188 -0.8308 -0.4562
vn -0.3365 -0.7966 -0.5022
vn -0.5095 -0.8045 -0.3052
vn 0.6522 0.4751 0.5907
vn 0.6524 0.4751 0.5905
vn 0.4619 0.6914 0.5554
vn 0.7890 0.2197 0.5737
vn -0.6845 -0.4304 0.5884
vn -0.7418 -0.3632 0.5638
vn -0.6213 -0.4944 0.6080
vn 0.0637 -0.0481 -0.9968
vn 0.0645 -0.0479 -0.9968
vn 0.0638 -0.0481 -0.9968
vn 0.4616 0.0145 0.8870
vn 0.4614 0.0145 0.8871
vn 0.4618 0.0149 0.8869
vn -0.4748 -0.3913 0.7883
vn -0.4705 -0.4004 0.7863
vn -0.4791 -0.3820 0.7903
vn 0.1754 -0.1289 0.9760
vn 0.1756 -0.1290 0.9760
vn 0.1910 -0.1451 0.9708
vn 0.1599 -0.1128 0.9807
vn -0.5555 -0.5593 -0.6154
vn -0.5557 -0.5595 -0.6149
vn -0.5483 -0.5672 -0.6145
vn -0.5622 -0.5519 -0.6159
vn -0.5134 0.0519 0.8566
vn -0.5140 0.0519 0.8562
vn -0.4863 -0.0774 0.8704
vn -0.5318 0.1801 0.8275
vn -0.5799 -0.6058 0.5448
vn -0.5406 -0.6796 0.4959
vn -0.6136 -0.5269 0.5881
vn 0.2993 -0.2303 0.9260
vn 0.2997 -0.2306 0.9258
vn 0.2878 -0.1989 0.9368
vn 0.3108 -0.2619 0.9137
vn -0.4326 -0.3922 0.8118
vn -0.3789 -0.4902 0.7849
vn -0.4806 -0.2891 0.8279
vn -0.0490 0.2709 0.9614
vn -0.0484 0.2708 0.9614
vn 0.0443 0.0939 0.9946
vn -0.1402 0.4361 0.8889
vn -0.0000 -0.0000 -1.0000
vn -0.0000 -0.3938 0.9192
vn -0.0294 -0.3937 0.9188
vn -0.0242 -0.3920 0.9196
vn -0.0000 -0.3952 0.9186
vn 0.0294 -0.3937 0.9188
vn 0.0242 -0.3920 0.9196
vn 0.0001 -0.0001 1.0000
vn 0.0003 -0.0001 1.0000
vn 0.0001 -0.0000 1.0000
vn -0.0000 0.9905 0.1372
vn -0.1543 0.9787 0.1356
vn -0.2060 0.9601 0.1891
vn -0.0000 0.9967 0.0816
vn 0.1543 0.9786 0.1360
vn 0.2058 0.9601 0.1896
vn 0.0088 0.4660 -0.8847
vn 0.0549 0.4954 -0.8669
vn -0.0373 0.4347 -0.8998
vn -0.0636 -0.0481 -0.9968
vn -0.0645 -0.0479 -0.9968
vn -0.0654 -0.0481 -0.9967
vn -0.0645 -0.0482 -0.9968
vn -0.0296 0.0507 0.9983
vn -0.0227 0.0498 0.9985
vn -0.0369 0.0518 0.9980
vn -0.0122 0.0103 -0.9999
vn -0.0123 0.0102 -0.9999
vn 0.0055 -0.9989 -0.0462
vn -0.0000 -1.0000 0.0021
vn 0.0299 -0.9985 -0.0463
vn -0.0000 0.9998 -0.0220
vn -0.0000 0.9998 -0.0219
vn -0.0000 0.9998 -0.0216
vn -0.0011 0.0279 -0.9996
vn -0.0101 -0.0160 -0.9998
vn 0.0077 0.0719 -0.9974
vn -0.9844 -0.1194 0.1294
vn -0.9844 -0.1194 0.1293
vn -0.0009 -0.6055 0.7959
vn -0.0008 -0.6057 0.7957
vn -0.0013 -0.6050 0.7962
vn -0.0008 -0.6054 0.7959
vn -0.0010 -0.5715 0.8206
vn -0.0010 -0.5713 0.8208
vn -0.0008 -0.5714 0.8206
vn -0.0007 -0.5715 0.8206
vn 0.0009 0.6129 -0.7902
vn 0.0010 0.6129 -0.7902
vn 0.0009 0.6133 -0.7899
vn 0.0008 0.6129 -0.7901
vn 0.0005 -0.8364 -0.5481
vn 0.0008 -0.8367 -0.5476
vn 0.0007 -0.8368 -0.5475
vn 0.0002 -0.9691 -0.2468
vn 0.0003 -0.9691 -0.2468
vn 0.0005 -0.9691 -0.2468
vn 0.0009 0.5598 -0.8286
vn 0.0008 0.5599 -0.8285
vn 0.0008 0.5600 -0.8285
vn 0.0010 0.5600 -0.8285
vn 0.7791 0.3860 -0.4940
vn 0.7214 0.4424 -0.5328
vn 0.8974 0.2724 -0.3472
vn 0.9762 0.1331 -0.1713
vn 0.9993 0.0294 -0.0231
vn 0.9977 0.0527 -0.0427
vn -0.0000 0.9998 -0.0211
vn -0.0000 0.9998 -0.0210
vn -0.9791 -0.1690 -0.1130
vn -0.8451 -0.2759 -0.4580
vn -0.9860 -0.1002 -0.1335
vn -0.5298 -0.3991 -0.7484
vn 0.9892 0.1358 0.0544
vn 0.9680 0.2464 0.0479
vn 0.9760 0.1725 0.1331
vn 0.9722 0.2144 0.0939
vn 0.4345 -0.7710 -0.4655
vn 0.3183 -0.8309 -0.4564
vn 0.5095 -0.8046 -0.3051
vn 0.3365 -0.7966 -0.5022
vn -0.6528 0.4755 0.5897
vn -0.6526 0.4757 0.5898
vn -0.7890 0.2197 0.5737
vn -0.4618 0.6910 0.5561
vn 0.6845 -0.4304 0.5884
vn 0.6213 -0.4944 0.6080
vn 0.7417 -0.3633 0.5638
vn 0.4751 -0.3916 0.7880
vn 0.4745 -0.3911 0.7886
vn 0.4791 -0.3820 0.7903
vn 0.4709 -0.4007 0.7859
vn 0.5557 -0.5595 -0.6149
vn 0.5625 -0.5522 -0.6154
vn 0.5484 -0.5669 -0.6147
vn 0.5799 -0.6058 0.5448
vn 0.6134 -0.5271 0.5882
vn 0.5406 -0.6796 0.4959
vn -0.2995 -0.2304 0.9259
vn -0.3110 -0.2616 0.9137
vn -0.2878 -0.1989 0.9368
vn 0.4326 -0.3922 0.8118
vn 0.4806 -0.2891 0.8279
vn 0.3789 -0.4902 0.7849
vn 0.0490 0.2709 0.9614
vn 0.0484 0.2708 0.9614
vn 0.1402 0.4364 0.8888
vn -0.0445 0.0938 0.9946
vn -0.4527 0.0237 0.8913
vn -0.4529 0.0237 0.8913
vn -0.4526 0.0236 0.8914
vn -0.4525 0.0234 0.8914
vn 0.5145 0.0519 0.8559
vn 0.5140 0.0519 0.8562
vn 0.5327 0.1800 0.8269
vn 0.4863 -0.0774 0.8704
vn -0.1756 -0.1290 0.9760
vn -0.1597 -0.1131 0.9807
vn -0.1915 -0.1450 0.9707
vn -0.0000 0.4232 -0.9060
vn -0.0000 0.4233 -0.9060
vn -0.0000 0.6702 -0.7422
vn -0.0000 0.9997 -0.0249
vn -0.0000 0.9997 -0.0253
vn -0.0000 0.6907 0.7231
vn -0.0000 0.6909 0.7230
vn -0.0000 0.4271 0.9042
vn -0.0000 0.4272 0.9042
vn -0.9879 0.0717 -0.1377
vn -0.9909 0.0570 -0.1221
vn -0.9841 0.1320 -0.1190
vn -0.9860 0.1246 -0.1105
vn -0.9804 0.1972 -0.0034
vn -0.9738 0.2272 -0.0043
vn -0.9794 0.1613 0.1213
vn -0.9869 0.1084 0.1195
vn -0.9865 0.0763 0.1446
vn -0.9904 0.0720 0.1178
vn -0.0000 0.4999 -0.8661
vn 0.0001 0.5000 -0.8660
vn -0.0000 0.7477 -0.6640
vn -0.0000 0.7479 -0.6638
vn -0.0000 0.9999 -0.0114
vn 0.0009 0.7639 0.6454
vn 0.0019 0.7636 0.6457
vn 0.0023 0.5211 0.8535
vn 0.0022 0.5217 0.8531
vn -0.7775 0.3879 -0.4951
vn -0.8964 0.2743 -0.3482
vn -0.7199 0.4437 -0.5337
vn -0.9756 0.1351 -0.1729
vn -0.9992 0.0321 -0.0247
vn -0.9975 0.0549 -0.0443
vn -0.0000 0.6705 -0.7419
vn -0.0000 0.4236 -0.9058
vn -0.0000 0.6707 -0.7418
vn -0.0000 0.9997 -0.0251
vn -0.0000 0.9997 -0.0246
vn -0.0000 0.6904 0.7235
vn -0.0000 0.6913 0.7226
vn -0.1195 -0.9917 -0.0484
vn -0.1194 -0.9916 -0.0492
vn -0.1196 -0.9916 -0.0484
vn -0.0001 0.5000 -0.8660
vn -0.0000 0.7476 -0.6642
vn -0.0011 0.7636 0.6457
vn -0.0019 0.7636 0.6457
vn -0.0023 0.5218 0.8531
vn -0.0023 0.5217 0.8531
vn 0.3827 -0.9220 0.0588
vn 0.3827 -0.9220 0.0593
vn 0.9879 0.0717 -0.1377
vn 0.9841 0.1320 -0.1190
vn 0.9908 0.0569 -0.1227
vn 0.9860 0.1246 -0.1106
vn 0.9804 0.1972 -0.0027
vn 0.9738 0.2275 -0.0049
vn 0.9794 0.1613 0.1213
vn 0.9869 0.1084 0.1195
vn 0.9865 0.0763 0.1446
vn 0.9906 0.0721 0.1164
vn -0.9347 0.1728 -0.3106
vn -0.9274 0.1866 -0.3243
vn -0.9510 0.2264 -0.2104
vn -0.9581 0.2105 -0.1941
vn -0.9594 0.2821 -0.0015
vn -0.9538 0.3004 -0.0029
vn -0.9540 0.2489 0.1670
vn -0.9505 0.2094 0.2296
vn -0.9379 0.1790 0.2972
vn -0.9344 0.1813 0.3066
vn -0.0000 0.4739 -0.8806
vn -0.0000 0.4738 -0.8806
vn -0.0000 0.7626 -0.6469
vn -0.0000 1.0000 -0.0043
vn -0.0000 1.0000 -0.0047
vn -0.0034 0.7806 0.6250
vn -0.0034 0.7813 0.6241
vn -0.0053 0.5165 0.8563
vn 0.4365 -0.7108 -0.5515
vn 0.4366 -0.7108 -0.5515
vn 0.4367 -0.7111 -0.5510
vn 0.0001 0.4738 -0.8807
vn -0.0000 0.7625 -0.6469
vn 0.0034 0.7810 0.6246
vn 0.0034 0.7813 0.6241
vn 0.0053 0.5165 0.8563
vn 0.0052 0.5161 0.8565
vn 0.1826 -0.5685 -0.8022
vn 0.1826 -0.5682 -0.8024
vn 0.9347 0.1728 -0.3106
vn 0.9509 0.2268 -0.2107
vn 0.9274 0.1867 -0.3243
vn 0.9581 0.2105 -0.1940
vn 0.9594 0.2821 -0.0015
vn 0.9538 0.3004 -0.0028
vn 0.9539 0.2492 0.1672
vn 0.9505 0.2094 0.2296
vn 0.9374 0.1789 0.2986
vn 0.9344 0.1813 0.3066
vn -0.1546 -0.6312 -0.7601
vn -0.1547 -0.6313 -0.7600
vn -0.1544 -0.6316 -0.7597
vn -0.9286 -0.2110 -0.3052
vn -0.9122 -0.2495 -0.3251
vn -0.9115 -0.2355 -0.3372
vn -0.9027 -0.2749 -0.3310
vn -0.8236 -0.3957 -0.4063
vn -0.7966 -0.4305 -0.4244
vn -0.5136 -0.6486 -0.5616
vn -0.4797 -0.6729 -0.5631
vn -0.2778 -0.7563 -0.5923
vn -0.3166 -0.7471 -0.5845
vn -0.0007 -0.7967 -0.6044
vn -0.0007 -0.8026 -0.5965
vn 0.2765 -0.7569 -0.5921
vn 0.3153 -0.7477 -0.5844
vn 0.4798 -0.6729 -0.5630
vn 0.5150 -0.6491 -0.5598
vn 0.7965 -0.4298 -0.4252
vn 0.8252 -0.3963 -0.4024
vn 0.9040 -0.2773 -0.3255
vn 0.9118 -0.2510 -0.3250
vn 0.9283 -0.2125 -0.3052
vn 0.9111 -0.2372 -0.3370
vn -0.4909 -0.6609 -0.5676
vn -0.9072 0.1993 0.3704
vn -0.8797 0.2655 0.3945
vn -0.8918 0.2201 0.3952
vn -0.8949 0.2385 0.3771
vn -0.7930 0.3976 0.4615
vn -0.7248 0.4803 0.4940
vn -0.5755 0.5900 0.5663
vn -0.4594 0.6546 0.6004
vn -0.2989 0.7140 0.6331
vn -0.2244 0.7369 0.6377
vn 0.0006 0.7585 0.6517
vn 0.0006 0.7621 0.6475
vn 0.2256 0.7367 0.6375
vn 0.3001 0.7134 0.6333
vn 0.4605 0.6538 0.6004
vn 0.5755 0.5881 0.5683
vn 0.7251 0.4785 0.4952
vn 0.7960 0.3971 0.4567
vn 0.8802 0.2640 0.3945
vn 0.8953 0.2368 0.3774
vn 0.9081 0.1975 0.3692
vn 0.8922 0.2186 0.3951
vn -0.2240 0.3163 -0.9218
vn -0.2448 0.3166 -0.9164
vn -0.2949 0.2923 -0.9097
vn -0.2366 0.2585 -0.9366
vn -0.3958 0.2888 -0.8718
vn -0.5037 0.3909 -0.7704
vn -0.4632 0.4876 -0.7401
vn -0.4617 0.5615 -0.6867
vn -0.3253 0.6073 -0.7248
vn -0.3254 0.6073 -0.7248
vn 0.0016 0.6422 -0.7665
vn 0.3273 0.5989 -0.7309
vn 0.3272 0.5989 -0.7309
vn 0.4627 0.5561 -0.6904
vn 0.4641 0.4831 -0.7425
vn 0.5051 0.3905 -0.7696
vn 0.3955 0.2873 -0.8724
vn 0.2957 0.2915 -0.9097
vn 0.2369 0.2578 -0.9367
vn 0.2247 0.3159 -0.9218
vn 0.2468 0.3172 -0.9157
vn -0.6947 -0.6462 -0.3159
vn -0.6941 -0.6456 -0.3186
vn -0.8583 -0.4931 -0.1420
vn -0.4761 -0.7477 -0.4629
vn 0.6935 -0.6475 -0.3160
vn 0.6929 -0.6468 -0.3186
vn 0.4750 -0.7493 -0.4615
vn 0.8574 -0.4946 -0.1421
vn -0.3261 -0.9451 -0.0210
vn -0.3260 -0.9452 -0.0200
vn -0.3260 -0.9452 -0.0202
vn -0.8654 -0.3580 0.3507
vn -0.8508 -0.3876 0.3548
vn -0.9158 -0.3591 0.1800
vn -0.7805 -0.3824 0.4945
vn -0.8130 -0.5126 0.2761
vn -0.8322 -0.4975 0.2449
vn -0.6656 -0.6958 0.2700
vn -0.5348 -0.7767 0.3327
vn -0.3643 -0.8239 0.4341
vn -0.3428 -0.8203 0.4578
vn -0.0008 -0.8692 0.4945
vn -0.0008 -0.8627 0.5057
vn 0.3412 -0.8210 0.4578
vn 0.3624 -0.8241 0.4353
vn 0.5330 -0.7780 0.3326
vn 0.6639 -0.6974 0.2701
vn 0.8121 -0.5141 0.2761
vn 0.8309 -0.4996 0.2448
vn 0.8497 -0.3888 0.3561
vn 0.7795 -0.3837 0.4951
vn 0.8645 -0.3600 0.3509
vn 0.9151 -0.3609 0.1799
vn 0.1441 -0.9891 0.0316
vn 0.1441 -0.9891 0.0309
vn 0.1439 -0.9891 0.0317
vn 0.0033 0.5942 -0.8043
vn 0.0035 0.5938 -0.8046
vn 0.0030 0.5942 -0.8043
vn 0.0032 0.5941 -0.8044
vn 0.8217 -0.3380 0.4589
vn 0.8217 -0.3383 0.4587
vn 0.8414 -0.3270 0.4302
vn 0.8213 -0.3378 0.4597
vn 0.0030 0.6217 -0.7832
vn 0.0030 0.6218 -0.7832
vn 0.0031 0.6220 -0.7830
vn 0.0033 0.6220 -0.7830
vn -0.0031 -0.5940 0.8045
vn -0.0030 -0.5942 0.8043
vn -0.0031 -0.5943 0.8043
vn -0.0031 -0.5942 0.8043
vn -0.0031 -0.5657 0.8246
vn -0.0030 -0.5658 0.8245
vn -0.0032 -0.5656 0.8247
vn -0.0035 -0.5654 0.8248
vn 0.0014 -0.9204 -0.3910
vn 0.0013 -0.9207 -0.3903
vn 0.0012 -0.9205 -0.3908
vn 0.0013 -0.9204 -0.3910
vn 0.9971 -0.0449 0.0610
vn 0.9972 -0.0450 0.0603
vn 0.9971 -0.0450 0.0608
vn -0.8271 -0.3412 0.4467
vn -0.8274 -0.3411 0.4461
vn -0.8454 -0.3181 0.4291
vn -0.8271 -0.3418 0.4462
vn -0.9977 -0.0408 0.0534
vn -0.9977 -0.0408 0.0536
vn -0.9977 -0.0408 0.0542
vn 0.7772 0.4007 -0.4852
vn 0.7215 0.4525 -0.5241
vn 0.8855 0.2998 -0.3549
vn 0.9431 0.2115 -0.2567
vn 0.9966 0.0634 -0.0532
vn 0.9078 0.2151 0.3600
vn 0.8887 0.2473 0.3862
vn 0.9042 0.2301 0.3598
vn 0.8577 0.3027 0.4155
vn 0.7736 0.4197 0.4747
vn 0.6963 0.5087 0.5064
vn 0.5372 0.6218 0.5699
vn 0.4168 0.6861 0.5963
vn 0.2531 0.7410 0.6220
vn 0.1802 0.7601 0.6243
vn 0.0007 0.7754 0.6314
vn 0.0009 0.7804 0.6253
vn -0.1789 0.7610 0.6236
vn -0.2518 0.7423 0.6209
vn -0.4157 0.6876 0.5953
vn -0.5358 0.6231 0.5697
vn -0.6954 0.5096 0.5066
vn -0.7724 0.4220 0.4746
vn -0.8578 0.3044 0.4142
vn -0.8881 0.2495 0.3861
vn -0.9069 0.2166 0.3615
vn -0.9037 0.2319 0.3598
vn -0.7731 0.4027 -0.4901
vn -0.8822 0.3028 -0.3606
vn -0.7171 0.4545 -0.5284
vn -0.9408 0.2144 -0.2625
vn -0.9959 0.0670 -0.0609
vn -0.9959 0.0670 -0.0605
vn -0.9976 -0.0575 -0.0393
vn -0.9965 -0.0676 -0.0492
vn -0.9965 -0.0675 -0.0500
vn -0.9925 -0.0406 -0.1156
vn -0.9948 -0.0920 -0.0439
vn -0.9978 0.0081 -0.0652
vn -0.9699 0.1129 -0.2159
vn -0.9973 0.0393 0.0626
vn -0.9917 -0.0956 -0.0856
vn -0.9561 0.1003 -0.2754
vn -0.8221 0.3357 -0.4598
vn 0.2465 0.2129 -0.9455
vn 0.2453 0.2690 -0.9314
vn 0.1920 0.2134 -0.9579
vn 0.2674 0.2643 -0.9266
vn 0.2141 0.3595 -0.9083
vn 0.2041 0.3823 -0.9012
vn 0.2332 0.3832 -0.8938
vn 0.2106 0.3921 -0.8955
vn 0.4016 0.3362 -0.8519
vn 0.4022 0.3030 -0.8640
vn 0.0004 0.3610 -0.9326
vn 0.0004 0.4427 -0.8967
vn -0.4005 0.3371 -0.8520
vn -0.4016 0.3038 -0.8640
vn -0.2326 0.3851 -0.8931
vn -0.2107 0.3945 -0.8944
vn -0.2046 0.3845 -0.9002
vn -0.2137 0.3618 -0.9074
vn -0.2445 0.2693 -0.9315
vn -0.2666 0.2640 -0.9269
vn -0.2461 0.2137 -0.9454
vn -0.1920 0.2146 -0.9577
vn -0.8823 0.4386 -0.1710
vn -0.8823 0.4385 -0.1710
vn -0.8822 0.4385 -0.1717
vn 0.4544 0.2339 -0.8595
vn 0.4314 0.2736 -0.8597
vn 0.4932 0.2332 -0.8381
vn 0.3847 0.3113 -0.8690
vn 0.3701 0.3331 -0.8672
vn 0.3563 0.3092 -0.8817
vn 0.3577 0.2781 -0.8915
vn 0.3959 0.3029 -0.8669
vn 0.4296 0.3437 -0.8351
vn 0.4840 0.4458 -0.7530
vn 0.0003 0.5515 -0.8342
vn 0.0004 0.6506 -0.7595
vn -0.4841 0.4471 -0.7522
vn -0.4299 0.3448 -0.8345
vn -0.3954 0.3044 -0.8666
vn -0.3583 0.2792 -0.8909
vn -0.3554 0.3102 -0.8818
vn -0.3689 0.3334 -0.8676
vn -0.3847 0.3113 -0.8690
vn -0.4323 0.2746 -0.8589
vn -0.4556 0.2349 -0.8586
vn -0.4936 0.2342 -0.8376
vn -0.9998 -0.0079 0.0201
vn -0.9998 -0.0078 0.0195
vn -0.9998 -0.0080 0.0187
vn -0.9346 -0.2212 -0.2785
vn -0.8968 -0.3036 -0.3219
vn -0.9013 -0.2616 -0.3454
vn -0.8797 -0.3556 -0.3159
vn -0.7455 -0.5260 -0.4092
vn -0.6920 -0.5884 -0.4182
vn -0.5276 -0.7048 -0.4742
vn -0.5014 -0.7307 -0.4634
vn -0.3125 -0.8125 -0.4921
vn -0.3547 -0.8009 -0.4825
vn -0.0011 -0.8630 -0.5052
vn -0.0011 -0.8700 -0.4930
vn 0.3104 -0.8131 -0.4924
vn 0.3520 -0.8015 -0.4835
vn 0.4994 -0.7312 -0.4648
vn 0.5250 -0.7052 -0.4765
vn 0.6902 -0.5906 -0.4181
vn 0.7440 -0.5272 -0.4105
vn 0.8787 -0.3579 -0.3159
vn 0.8953 -0.3061 -0.3236
vn 0.9332 -0.2234 -0.2814
vn 0.9001 -0.2638 -0.3468
vn 0.9164 0.1506 0.3708
vn 0.9266 0.1373 0.3500
vn 0.8563 0.2742 0.4376
vn 0.8564 0.2532 0.4500
vn 0.7171 0.4598 0.5238
vn 0.6237 0.5677 0.5373
vn 0.5126 0.6533 0.5571
vn 0.4292 0.7151 0.5518
vn 0.3217 0.7653 0.5575
vn 0.2214 0.8061 0.5488
vn 0.0011 0.8302 0.5575
vn 0.0012 0.8385 0.5448
vn -0.2194 0.8065 0.5491
vn -0.3197 0.7661 0.5576
vn -0.4280 0.7166 0.5508
vn -0.5104 0.6538 0.5585
vn -0.6224 0.5700 0.5364
vn -0.7162 0.4624 0.5227
vn -0.8544 0.2761 0.4401
vn -0.8552 0.2547 0.4514
vn -0.9150 0.1525 0.3735
vn -0.9263 0.1390 0.3502
vn 0.5381 -0.1310 0.8327
vn 0.5397 -0.1313 0.8315
vn 0.4126 -0.2643 0.8717
vn 0.4112 -0.2630 0.8728
vn 0.2876 -0.3731 0.8821
vn 0.2877 -0.3731 0.8821
vn 0.3284 -0.3387 0.8817
vn 0.3282 -0.3387 0.8818
vn 0.3737 -0.3009 0.8774
vn 0.3738 -0.3002 0.8776
vn -0.0000 -0.3043 0.9526
vn -0.3729 -0.2987 0.8785
vn -0.3735 -0.2991 0.8781
vn -0.3285 -0.3383 0.8818
vn -0.3285 -0.3380 0.8819
vn -0.2875 -0.3719 0.8826
vn -0.2883 -0.3717 0.8824
vn -0.4125 -0.2625 0.8723
vn -0.4113 -0.2630 0.8727
vn -0.5391 -0.1297 0.8322
vn -0.5382 -0.1295 0.8328
vn -0.9901 -0.1329 0.0450
vn -0.9901 -0.1327 0.0450
vn 0.8508 0.3440 0.3972
vn 0.7998 0.4183 0.4305
vn 0.8492 0.3670 0.3798
vn 0.7132 0.5435 0.4427
vn 0.5720 0.6939 0.4374
vn 0.4666 0.7946 0.3885
vn 0.3794 0.8493 0.3670
vn 0.3066 0.8910 0.3348
vn 0.2558 0.9101 0.3260
vn 0.2298 0.9204 0.3164
vn -0.0005 0.9450 0.3272
vn -0.0004 0.9450 0.3272
vn -0.2283 0.9204 0.3175
vn -0.2532 0.9103 0.3274
vn -0.3025 0.8923 0.3351
vn -0.3749 0.8503 0.3694
vn -0.4622 0.7957 0.3914
vn -0.5678 0.6960 0.4396
vn -0.7096 0.5457 0.4457
vn -0.7966 0.4213 0.4335
vn -0.8490 0.3460 0.3994
vn -0.8465 0.3700 0.3829
vn 0.9884 0.1471 0.0389
vn 0.9884 0.1470 0.0381
vn 0.9884 0.1470 0.0389
vn -0.5784 -0.2798 0.7662
vn -0.4945 -0.2523 0.8318
vn -0.7631 -0.4043 0.5042
vn -0.3165 -0.1503 0.9366
vn -0.4937 -0.3633 0.7901
vn -0.4976 -0.2797 0.8211
vn -0.5091 -0.5892 0.6274
vn -0.4948 -0.7106 0.5002
vn -0.3595 -0.7597 0.5418
vn -0.3597 -0.7594 0.5421
vn -0.0003 -0.8153 0.5791
vn -0.0003 -0.8135 0.5816
vn 0.3592 -0.7615 0.5395
vn 0.3591 -0.7609 0.5405
vn 0.4948 -0.7114 0.4992
vn 0.5093 -0.5916 0.6250
vn 0.4952 -0.3654 0.7882
vn 0.5006 -0.2827 0.8182
vn 0.4972 -0.2532 0.8299
vn 0.3195 -0.1518 0.9354
vn 0.5801 -0.2813 0.7644
vn 0.7638 -0.4066 0.5012
vn -0.8352 -0.4573 -0.3054
vn -0.8628 -0.4225 -0.2776
vn -0.8532 -0.4638 -0.2386
vn -0.7813 -0.5286 -0.3318
vn -0.6721 -0.6606 -0.3345
vn -0.5623 -0.7700 -0.3015
vn -0.4434 -0.8475 -0.2919
vn -0.3263 -0.9105 -0.2541
vn -0.2537 -0.9383 -0.2348
vn -0.2081 -0.9565 -0.2044
vn -0.0020 -0.9787 -0.2052
vn -0.0021 -0.9819 -0.1894
vn 0.2041 -0.9570 -0.2060
vn 0.2499 -0.9395 -0.2343
vn 0.3225 -0.9114 -0.2557
vn 0.4388 -0.8490 -0.2944
vn 0.5585 -0.7716 -0.3045
vn 0.6680 -0.6625 -0.3389
vn 0.7785 -0.5317 -0.3334
vn 0.8322 -0.4600 -0.3097
vn 0.8601 -0.4262 -0.2805
vn 0.8510 -0.4663 -0.2416
vn 0.9750 0.0600 -0.2140
vn 0.9747 0.0599 -0.2155
vn 0.9750 0.0599 -0.2140
vn -0.7879 -0.1661 0.5929
vn -0.7460 -0.3442 0.5701
vn -0.7884 -0.1678 0.5918
vn -0.7447 -0.3442 0.5718
vn -0.6152 -0.5571 0.5578
vn -0.6322 -0.5573 0.5382
vn -0.5244 -0.5963 0.6078
vn -0.4932 -0.5910 0.6383
vn -0.3557 -0.6317 0.6888
vn -0.3556 -0.6317 0.6889
vn 0.0004 -0.6760 0.7369
vn 0.0004 -0.6768 0.7361
vn 0.3560 -0.6340 0.6865
vn 0.3564 -0.6346 0.6857
vn 0.4942 -0.5934 0.6353
vn 0.5247 -0.5981 0.6057
vn 0.6157 -0.5606 0.5538
vn 0.6334 -0.5611 0.5329
vn 0.7484 -0.3485 0.5643
vn 0.7476 -0.3483 0.5655
vn 0.7902 -0.1699 0.5888
vn 0.7891 -0.1706 0.5901
vn -0.8070 0.5787 0.1174
vn -0.8531 0.5002 0.1485
vn -0.8907 0.3886 0.2359
vn -0.7195 0.6928 0.0493
vn -0.6339 0.7725 0.0382
vn -0.5751 0.8177 0.0267
vn -0.4802 0.8770 0.0176
vn -0.4169 0.9089 0.0088
vn -0.3036 0.9528 -0.0031
vn -0.2687 0.9632 -0.0072
vn 0.0068 0.9999 -0.0107
vn 0.2775 0.9607 -0.0073
vn 0.3106 0.9505 -0.0038
vn 0.4203 0.9074 0.0057
vn 0.4843 0.8747 0.0160
vn 0.5791 0.8149 0.0230
vn 0.6375 0.7697 0.0336
vn 0.7231 0.6893 0.0446
vn 0.8110 0.5740 0.1130
vn 0.8562 0.4962 0.1439
vn 0.8937 0.3846 0.2312
vn -0.3957 -0.3412 -0.8526
vn -0.3004 -0.4038 -0.8641
vn -0.3510 -0.2182 -0.9106
vn -0.3922 -0.1938 -0.8992
vn -0.2790 -0.0702 -0.9577
vn -0.2618 -0.0389 -0.9643
vn -0.1954 0.0015 -0.9807
vn -0.1756 0.0160 -0.9843
vn -0.1187 0.0389 -0.9922
vn -0.1187 0.0396 -0.9921
vn -0.0025 0.0343 -0.9994
vn -0.0025 0.0350 -0.9994
vn 0.1139 0.0388 -0.9927
vn 0.1138 0.0389 -0.9927
vn 0.1905 -0.0000 -0.9817
vn 0.1701 0.0160 -0.9853
vn 0.2567 -0.0396 -0.9657
vn 0.2738 -0.0717 -0.9591
vn 0.3456 -0.2196 -0.9123
vn 0.3871 -0.1953 -0.9011
vn 0.3895 -0.3434 -0.8546
vn 0.2939 -0.4053 -0.8657
vn 0.9896 -0.0385 0.1389
vn 0.9895 -0.0385 0.1396
vn 0.9896 -0.0387 0.1389
vn 0.0077 0.2814 -0.9596
vn 0.0078 0.2811 -0.9597
vn -0.0034 -0.8496 0.5273
vn -0.0034 -0.8493 0.5280
vn -0.0032 -0.8493 0.5279
vn -0.0078 -0.2164 0.9763
vn -0.0072 -0.4135 0.9105
vn -0.0071 -0.4135 0.9105
vn -0.0065 -0.5925 0.8055
vn -0.0060 -0.5928 0.8053
vn 0.0060 0.5913 -0.8064
vn 0.0051 0.7002 -0.7139
vn 0.0051 0.7007 -0.7134
vn 0.0042 0.7950 -0.6066
vn 0.0041 0.7957 -0.6057
vn 0.3668 -0.9290 0.0496
vn 0.4210 -0.9059 0.0451
vn 0.3530 -0.9339 0.0566
vn 0.4836 -0.8747 0.0336
vn 0.5778 -0.8157 0.0264
vn 0.6377 -0.7702 0.0137
vn 0.7223 -0.6916 0.0015
vn 0.8126 -0.5780 -0.0748
vn 0.8571 -0.5032 -0.1103
vn 0.8993 -0.3848 -0.2077
vn -0.3706 -0.9274 0.0511
vn -0.3566 -0.9324 0.0588
vn -0.4247 -0.9041 0.0481
vn -0.4873 -0.8725 0.0367
vn -0.5805 -0.8137 0.0294
vn -0.6411 -0.7673 0.0168
vn -0.7248 -0.6889 0.0053
vn -0.8151 -0.5748 -0.0718
vn -0.8594 -0.5003 -0.1056
vn -0.9021 -0.3808 -0.2030
vn -0.3759 -0.8948 -0.2409
vn -0.3756 -0.8949 -0.2409
vn -0.3758 -0.8949 -0.2408
vn -0.3758 -0.8953 -0.2393
vn 0.3707 -0.8967 -0.2421
vn 0.3711 -0.8964 -0.2424
vn 0.3706 -0.8967 -0.2421
vn 0.3709 -0.8965 -0.2423
vn -0.9998 -0.0152 0.0118
vn -0.9509 0.2243 0.2134
vn -0.9995 -0.0303 0.0101
vn -0.9838 0.1747 -0.0408
vn -0.9636 0.2563 -0.0755
vn -0.9654 0.1775 -0.1912
vn -0.9623 0.2716 0.0119
vn -0.8299 0.4052 0.3836
vn -0.8861 0.3830 0.2609
vn -0.9657 0.2480 -0.0770
vn -0.0583 0.8673 0.4943
vn 0.0029 0.8644 0.5028
vn -0.0503 0.8695 0.4914
vn -0.1291 0.8567 0.4994
vn -0.0423 0.8712 0.4890
vn 0.0544 0.8879 0.4568
vn -0.0135 -0.6385 0.7695
vn -0.0203 -0.6166 0.7870
vn -0.0039 -0.8288 0.5596
vn 0.0053 -0.9108 0.4127
vn 0.0166 -0.9999 0.0001
vn 0.0166 -0.9999 -0.0001
vn -0.0000 0.0111 -0.9999
vn -0.0000 -1.0000 0.0017
vn -0.1324 -0.0404 -0.9904
vn -0.0526 -0.0399 -0.9978
vn -0.0885 -0.0267 -0.9957
vn -0.1064 -0.0206 -0.9941
vn 0.0001 -0.0000 -1.0000
vn 0.1016 -0.9742 0.2014
vn 0.1020 -0.9742 0.2014
vn 0.0372 -0.8017 0.5965
vn 0.0450 -0.7057 0.7071
vn 0.0111 -0.4858 0.8740
vn 0.0562 -0.4935 0.8679
vn -0.9991 0.0404 -0.0147
vn -0.9991 0.0412 -0.0031
vn -0.9890 -0.1461 0.0220
vn -0.9315 -0.3590 -0.0580
vn -0.8655 -0.4932 0.0879
vn -0.7404 -0.5896 -0.3227
vn 0.1694 -0.3076 -0.9363
vn 0.1486 -0.3318 -0.9316
vn 0.2121 -0.3244 -0.9218
vn 0.1999 -0.3174 -0.9270
vn 0.2545 -0.3404 -0.9052
vn 0.2983 -0.3296 -0.8958
vn 0.6064 -0.6694 0.4293
vn 0.6074 -0.6687 0.4288
vn 0.6197 -0.6906 0.3728
vn 0.6140 -0.6887 0.3855
vn 0.6248 -0.7008 0.3443
vn 0.6296 -0.6950 0.3472
vn -0.4457 0.8475 -0.2882
vn -0.3456 0.8950 -0.2819
vn -0.4459 0.8522 -0.2739
vn -0.3920 0.8908 -0.2298
vn -0.3122 0.9299 -0.1945
vn -0.1707 0.9753 -0.1403
vn 0.7050 -0.7084 0.0352
vn 0.7049 -0.7084 0.0352
vn 0.6750 -0.6906 0.2596
vn 0.6722 -0.7142 0.1949
vn 0.6467 -0.6689 0.3665
vn 0.6705 -0.6350 0.3837
vn -0.9964 0.0728 0.0442
vn -0.9998 0.0198 0.0046
vn -0.9939 0.1022 0.0404
vn -0.9902 0.1358 0.0328
vn -0.9900 0.1407 0.0076
vn -0.9926 0.1207 -0.0135
vn 0.0423 0.8713 0.4890
vn -0.0544 0.8885 0.4557
vn 0.0504 0.8695 0.4914
vn 0.1292 0.8573 0.4983
vn 0.0583 0.8673 0.4943
vn -0.0029 0.8627 0.5057
vn 1.0000 0.0016 0.0061
vn 1.0000 0.0017 0.0046
vn -0.5298 -0.3990 -0.7484
vn -0.1203 -0.3952 -0.9107
vn -0.0989 -0.4154 -0.9042
vn -0.0000 -0.4059 -0.9139
vn -0.0000 -0.4058 -0.9139
vn 0.1203 -0.3952 -0.9107
vn 0.0990 -0.4154 -0.9042
vn -0.0000 -0.0361 0.9993
vn -0.0000 -0.0362 0.9993
vn -0.0000 -0.0365 0.9993
vn -1.0000 -0.0016 -0.0061
vn -0.0000 -0.9998 -0.0213
vn 0.0202 -0.9996 -0.0221
vn 0.0195 -0.9996 -0.0221
vn 0.0336 -0.9994 -0.0055
vn -0.0195 -0.9998 0.0046
vn -0.0202 -0.9996 -0.0221
vn -0.0336 -0.9994 -0.0053
vn -0.0336 -0.9994 -0.0055
vn -0.6466 -0.6687 0.3672
vn -0.6709 -0.6349 0.3832
vn -0.6715 -0.6940 0.2596
vn -0.6667 -0.7194 0.1951
vn -0.6951 -0.7180 0.0357
vn -0.6953 -0.7179 0.0357
vn 0.9965 0.0839 0.0061
vn 0.9965 0.0839 0.0069
vn 0.0135 -0.6383 0.7697
vn 0.0038 -0.8284 0.5601
vn 0.0203 -0.6170 0.7867
vn -0.0053 -0.9108 0.4127
vn -0.0167 -0.9999 -0.0003
vn -0.0166 -0.9999 -0.0001
vn 0.0885 -0.0267 -0.9957
vn 0.1065 -0.0206 -0.9941
vn 0.1324 -0.0404 -0.9904
vn 0.0526 -0.0399 -0.9978
vn 0.0859 -0.7628 -0.6409
vn 0.0794 -0.7714 -0.6314
vn 0.0946 -0.7955 -0.5985
vn 0.0786 -0.7169 -0.6927
vn -0.0000 -0.7061 -0.7082
vn -0.0000 -0.6601 -0.7512
vn -0.0786 -0.7169 -0.6927
vn -0.0859 -0.7628 -0.6409
vn -0.0798 -0.7713 -0.6314
vn -0.0946 -0.7955 -0.5985
vn 0.9939 0.0663 -0.0877
vn 0.9939 0.0663 -0.0885
vn -0.1077 -0.9736 0.2014
vn -0.0404 -0.8016 0.5964
vn -0.1074 -0.9736 0.2012
vn -0.0469 -0.7060 0.7066
vn -0.0111 -0.4858 0.8740
vn -0.0562 -0.4935 0.8679
vn -0.9968 0.0462 0.0656
vn -0.9968 0.0465 0.0656
vn 0.9991 0.0404 -0.0147
vn 0.9890 -0.1461 0.0217
vn 0.9991 0.0412 -0.0031
vn 0.9316 -0.3589 -0.0580
vn 0.8655 -0.4932 0.0879
vn 0.7404 -0.5896 -0.3227
vn -0.6248 -0.7007 0.3446
vn -0.6296 -0.6950 0.3472
vn -0.6195 -0.6908 0.3728
vn -0.6138 -0.6889 0.3856
vn -0.6065 -0.6695 0.4288
vn -0.6064 -0.6696 0.4289
vn -0.2545 -0.3404 -0.9052
vn -0.2983 -0.3296 -0.8957
vn -0.2121 -0.3244 -0.9218
vn -0.2002 -0.3178 -0.9268
vn -0.1692 -0.3071 -0.9365
vn -0.1486 -0.3314 -0.9317
vn -0.0263 0.9744 0.2235
vn -0.0406 0.9750 0.2186
vn -0.0259 0.9959 0.0866
vn -0.0042 0.9987 -0.0502
vn -0.0007 0.9823 -0.1873
vn 0.0202 0.9830 -0.1822
vn -0.9929 -0.0574 0.1041
vn -0.9929 -0.0573 0.1042
vn 0.9966 -0.0192 0.0801
vn 0.9966 -0.0193 0.0800
vn 0.9969 0.0048 0.0790
vn 0.9958 -0.0430 0.0809
vn -0.0062 0.0174 0.9998
vn -0.0067 0.0177 0.9998
vn -0.0062 0.0025 1.0000
vn -0.0065 0.0025 1.0000
vn 0.4033 -0.9151 0.0038
vn 0.4034 -0.9150 0.0070
vn 0.4035 -0.9150 0.0053
vn -0.0065 -0.1219 0.9925
vn -0.0059 -0.1219 0.9925
vn 0.0034 0.6064 -0.7951
vn 0.0034 0.6060 -0.7955
vn 0.0034 0.6059 -0.7955
vn 0.0036 0.6060 -0.7955
vn 0.4457 0.8474 -0.2885
vn 0.4459 0.8522 -0.2739
vn 0.3457 0.8954 -0.2807
vn 0.3933 0.8903 -0.2296
vn 0.3122 0.9299 -0.1945
vn 0.1707 0.9753 -0.1403
vn -0.0088 0.4660 -0.8847
vn -0.0549 0.4954 -0.8669
vn 0.0372 0.4355 -0.8994
vn 0.0496 0.9704 0.2365
vn 0.0985 0.8756 0.4728
vn -0.0082 0.9700 0.2430
vn 0.1512 0.8724 0.4648
vn 0.0740 0.7546 0.6520
vn 0.0473 0.7690 0.6375
vn -0.0041 -0.5646 0.8253
vn -0.0036 -0.5650 0.8251
vn -0.9986 0.0261 -0.0465
vn -0.9986 0.0262 -0.0465
vn -0.9928 0.1119 -0.0431
vn -0.9986 0.0259 -0.0465
vn -0.0998 0.9135 0.3944
vn -0.0555 0.9701 0.2361
vn -0.1336 0.8272 0.5459
vn -0.0044 0.9718 0.2358
vn -0.0044 0.9718 0.2357
vn 0.9968 -0.0324 0.0733
vn 0.9968 -0.0324 0.0732
vn 0.9904 0.0044 0.1385
vn 0.9968 -0.0323 0.0733
vn 0.0045 0.4514 -0.8923
vn 0.0046 0.4515 -0.8922
vn 0.0047 0.4510 -0.8925
vn -0.0044 0.9750 0.2220
vn -0.0043 0.9750 0.2220
vn -0.0070 0.6508 0.7592
vn -0.0069 0.6508 0.7592
vn -0.0068 0.6509 0.7592
vn -0.0069 0.6513 0.7588
vn -0.0067 0.6978 0.7162
vn -0.0067 0.6982 0.7159
vn -0.0070 0.6982 0.7159
vn 0.0041 0.5192 -0.8546
vn 0.0042 0.5184 -0.8551
vn 0.0041 0.5184 -0.8551
vn 0.0044 0.5182 -0.8552
vn 0.0064 0.9651 0.2617
vn 0.0119 0.9625 0.2709
vn 0.0119 0.9665 0.2564
vn -0.0045 0.9625 0.2712
vn -0.4011 -0.9160 -0.0016
vn -0.4008 -0.9161 -0.0012
vn -0.4011 -0.9160 -0.0031
vn -0.4012 -0.9160 -0.0045
vn 0.0041 0.5644 -0.8255
vn 0.0039 0.5650 -0.8251
vn 0.0038 0.5646 -0.8254
vn -0.9974 -0.0226 0.0686
vn -0.9974 -0.0226 0.0683
vn -0.9966 -0.0464 0.0679
vn -0.9978 0.0014 0.0668
vn -0.0061 0.0174 0.9998
vn -0.0066 0.0176 0.9998
vn -0.0065 0.0176 0.9998
vn -0.0065 0.0175 0.9998
vn -0.0066 0.0026 1.0000
vn -0.0061 0.0031 1.0000
vn -0.0064 0.0031 1.0000
vn -0.0058 0.0030 1.0000
vn 0.9965 0.0729 0.0412
vn 0.9939 0.1023 0.0404
vn 0.9998 0.0198 0.0076
vn 0.9901 0.1358 0.0343
vn 0.9900 0.1407 0.0076
vn 0.9926 0.1207 -0.0135
vn 0.0030 -1.0000 -0.0027
vn 0.0030 -1.0000 -0.0034
vn 0.0030 -0.9999 0.0099
vn 0.0030 -0.9999 0.0107
vn 0.0030 -1.0000 0.0015
vn 0.0029 -1.0000 0.0031
vn 0.0029 -1.0000 0.0045
vn 0.9987 -0.0114 0.0503
vn 1.0000 0.0017 0.0061
vn 1.0000 0.0034 0.0069
vn 0.9977 -0.0260 0.0633
vn 0.9951 -0.0400 0.0908
vn 0.9945 -0.0554 0.0893
vn 0.0030 -1.0000 0.0031
vn 0.0018 -1.0000 0.0030
vn 0.0016 -1.0000 0.0031
vn 0.0004 -1.0000 0.0031
vn 0.0057 -1.0000 0.0031
vn 0.0064 -1.0000 0.0031
vn 0.0058 -1.0000 0.0031
vn 0.0051 -1.0000 0.0031
vn 0.0048 -1.0000 0.0031
vn -0.1824 0.9805 0.0728
vn -0.3349 0.9338 0.1259
vn -0.1568 0.9796 0.1254
vn -0.4454 0.8947 0.0324
vn -0.8733 0.4833 0.0612
vn -0.3891 0.9200 -0.0469
vn -0.2831 0.9591 -0.0059
vn -0.2927 0.9547 -0.0534
vn -0.5119 0.8552 -0.0809
vn -0.7565 0.6537 -0.0183
vn -0.5940 0.8004 -0.0801
vn -0.8317 0.5372 -0.1404
vn -0.5483 -0.8180 -0.1736
vn -0.4180 -0.8986 -0.1335
vn -0.2674 -0.9490 -0.1671
vn -0.2651 -0.9435 -0.1988
vn -0.6586 -0.7353 -0.1600
vn -0.7941 0.5897 -0.1472
vn -0.9815 0.0175 -0.1906
vn -0.9599 -0.2251 -0.1671
vn -0.7892 0.6057 -0.1015
vn -0.9575 -0.2327 -0.1705
vn -0.8730 0.4877 -0.0024
vn -0.9265 -0.3547 -0.1254
vn -0.7217 -0.6744 -0.1556
vn -0.5916 -0.7986 -0.1110
vn -0.9755 -0.2115 -0.0600
vn -0.4134 -0.9034 -0.1140
vn -0.3315 -0.9384 -0.0976
vn -0.7960 -0.5874 -0.1461
vn -0.9965 -0.0645 0.0523
vn 0.7512 -0.6562 -0.0717
vn 0.6306 -0.7758 -0.0213
vn 0.7863 -0.6110 -0.0916
vn 0.8668 -0.4757 -0.1495
vn 0.7693 -0.5388 -0.3434
vn 0.9315 -0.3590 -0.0580
vn 0.2057 -0.6780 -0.7057
vn 0.9965 -0.0645 0.0523
vn 0.9948 -0.0993 0.0229
vn 0.9988 -0.0255 0.0420
vn 0.9950 -0.0881 -0.0469
vn 0.9892 -0.1434 -0.0290
vn 0.9916 -0.0717 -0.1076
vn 0.9926 -0.0418 -0.1144
vn 0.9917 0.0012 -0.1282
vn 0.9961 -0.0247 -0.0850
vn -0.9949 -0.0997 0.0168
vn -0.9947 -0.0853 -0.0568
vn -0.9989 -0.0328 0.0343
vn -0.9901 -0.1364 -0.0347
vn -0.9908 -0.0672 -0.1171
vn -0.9908 -0.0408 -0.1293
vn -0.9942 -0.0274 -0.1041
vn -0.9900 -0.0020 -0.1408
vn -0.7512 -0.6562 -0.0717
vn -0.7863 -0.6110 -0.0916
vn -0.6306 -0.7758 -0.0213
vn -0.8668 -0.4757 -0.1495
vn -0.7695 -0.5386 -0.3433
vn -0.2059 -0.6783 -0.7053
vn 0.8539 0.4365 0.2834
vn 0.8524 0.4355 0.2893
vn 0.8321 0.4891 0.2614
vn 0.8419 0.4585 0.2846
vn 0.7533 0.6255 0.2033
vn 0.7038 0.6889 0.1736
vn 0.5905 0.7853 0.1860
vn 0.6378 0.7499 0.1755
vn 0.5137 0.8336 0.2032
vn 0.4531 0.8516 0.2637
vn 0.7027 0.6979 -0.1381
vn 0.7494 -0.6572 -0.0809
vn 0.8177 -0.5605 -0.1312
vn 0.8458 0.5300 -0.0610
vn 0.8353 -0.5498 0.0076
vn 0.8469 0.5318 0.0030
vn -0.0000 -0.9854 -0.1701
vn 0.0457 -0.9399 -0.3384
vn 0.0978 -0.9848 -0.1434
vn -0.0000 -0.8607 -0.5091
vn 0.0375 -0.7543 -0.6555
vn -0.0000 -0.7466 -0.6653
vn 0.0554 -0.9084 -0.4144
vn 0.0006 -0.9687 -0.2483
vn -0.0979 -0.9849 -0.1431
vn -0.0457 -0.9401 -0.3377
vn -0.0375 -0.7543 -0.6555
vn -0.0547 -0.9082 -0.4149
vn -0.0402 -0.9709 0.2360
vn 0.0010 -0.9715 0.2370
vn 0.0423 -0.9705 0.2374
vn -0.0551 0.7694 0.6363
vn 0.0472 0.7691 0.6374
vn -0.0796 0.7547 0.6512
vn -0.1327 0.8271 0.5461
vn -0.0998 0.9134 0.3946
vn -0.0212 0.9624 0.2709
vn -0.0046 0.9625 0.2712
vn -0.0156 0.9650 0.2617
vn -0.0211 0.9663 0.2564
vn -0.0058 0.8584 0.5129
vn -0.0059 0.8584 0.5129
vn -0.0061 0.8100 0.5864
vn 0.0178 0.7882 0.6151
vn 0.0177 0.7682 0.6400
vn 0.0298 0.7737 0.6328
vn -0.9273 -0.2541 -0.2747
vn -0.9447 -0.2197 -0.2434
vn -0.9340 -0.2625 -0.2425
vn -0.8999 -0.3091 -0.3075
vn -0.8149 -0.4423 -0.3745
vn -0.7306 -0.5482 -0.4071
vn -0.5686 -0.6704 -0.4767
vn -0.4628 -0.7258 -0.5090
vn -0.2991 -0.7749 -0.5568
vn -0.2465 -0.7798 -0.5755
vn -0.0008 -0.8036 -0.5952
vn -0.0008 -0.8003 -0.5995
vn 0.2453 -0.7800 -0.5757
vn 0.2981 -0.7765 -0.5551
vn 0.4615 -0.7266 -0.5090
vn 0.5672 -0.6715 -0.4769
vn 0.7293 -0.5498 -0.4072
vn 0.8140 -0.4440 -0.3746
vn 0.8989 -0.3106 -0.3090
vn 0.9267 -0.2564 -0.2747
vn 0.9444 -0.2212 -0.2433
vn 0.9336 -0.2637 -0.2427
vn -0.1106 -0.3062 0.9455
vn 0.2873 0.0861 -0.9540
vn 0.3019 0.0602 -0.9514
vn 0.2778 0.0457 -0.9595
vn 0.2855 0.1283 -0.9497
vn 0.2921 0.1442 -0.9455
vn 0.3248 0.1611 -0.9320
vn 0.3516 0.1695 -0.9207
vn 0.3535 0.2188 -0.9095
vn 0.3766 0.2440 -0.8937
vn 0.3927 0.2974 -0.8702
vn -0.0005 0.3383 -0.9410
vn -0.0004 0.3838 -0.9234
vn -0.3935 0.2980 -0.8697
vn -0.3780 0.2450 -0.8928
vn -0.3550 0.2205 -0.9085
vn -0.3530 0.1709 -0.9199
vn -0.3259 0.1617 -0.9315
vn -0.2939 0.1451 -0.9448
vn -0.2873 0.1283 -0.9492
vn -0.2897 0.0869 -0.9532
vn -0.3041 0.0603 -0.9507
vn -0.2789 0.0472 -0.9592
vn -0.1375 -0.3292 0.9342
vn -0.1371 -0.3282 0.9346
vn -0.1374 -0.3293 0.9342
vn 0.3482 -0.9304 -0.1145
vn 0.1339 -0.9226 -0.3617
vn -0.0395 -0.9588 0.2814
vn 0.1068 -0.8150 0.5695
vn -0.1882 -0.6013 0.7766
vn -0.0468 -0.3870 0.9209
vn -0.2579 0.0388 0.9654
vn -0.2618 0.2378 0.9354
vn -0.4118 0.3580 0.8380
vn -0.0053 -0.2186 0.9758
vn 0.3494 -0.5959 -0.7231
vn 0.2484 -0.4721 -0.8458
vn 0.5585 -0.6295 -0.5402
vn 0.6073 -0.7944 0.0092
vn 0.3667 -0.6157 0.6974
vn -0.0427 0.7736 0.6322
vn 0.0297 0.7737 0.6328
vn -0.0306 0.7682 0.6395
vn -0.0305 0.7882 0.6146
vn -0.0064 0.8100 0.5864
vn -0.0059 0.8581 0.5134
vn -0.0058 0.8581 0.5134
vn -0.0866 0.3501 0.9327
vn 0.0039 -0.9894 -0.1449
vn 0.8178 -0.5604 -0.1312
vn 0.7494 -0.6571 -0.0809
vn 0.0035 -0.9970 -0.0771
vn 0.8353 -0.5497 0.0076
vn -0.8331 -0.5532 -0.0046
vn -0.7454 -0.6606 -0.0900
vn -0.8137 -0.5639 -0.1411
vn -0.0643 0.4469 0.8923
vn -0.0639 0.4469 0.8923
vn 0.9837 0.1747 -0.0416
vn 0.8861 0.3830 0.2609
vn 0.9657 0.2480 -0.0770
vn 0.9509 0.2243 0.2134
vn 0.9998 -0.0153 0.0111
vn 0.9995 -0.0302 0.0102
vn 0.8300 0.4052 0.3833
vn 0.9623 0.2716 0.0119
vn 0.9636 0.2563 -0.0755
vn 0.9653 0.1778 -0.1912
vn -0.0950 0.4540 -0.8859
vn -0.0952 0.4551 -0.8853
vn -0.0947 0.4550 -0.8855
vn -0.0000 -0.3816 0.9243
vn 0.0069 -0.7079 0.7063
vn -0.0144 -0.3920 0.9199
vn -0.0000 -0.9516 0.3072
vn 0.0423 -0.9957 -0.0820
vn -0.0000 -0.9975 -0.0710
vn -0.0423 -0.9957 -0.0828
vn -0.0069 -0.7079 0.7063
vn 0.0144 -0.3920 0.9199
vn 0.1102 -0.3056 -0.9458
vn 0.1104 -0.3054 -0.9458
vn 0.1108 -0.3066 -0.9454
vn 0.6116 0.7853 0.0965
vn 0.5816 0.8057 0.1119
vn 0.5845 0.7950 0.1621
vn 0.7859 0.5723 -0.2343
vn 0.7807 0.5541 -0.2889
vn 0.8363 0.5227 0.1656
vn 0.7210 0.6187 -0.3120
vn 0.7309 0.6733 -0.1113
vn 0.6736 0.7369 0.0561
vn 0.6003 0.7907 0.1198
vn 0.5850 0.7830 0.2114
vn 0.5957 0.7789 0.1961
vn 0.6912 0.3834 -0.6126
vn 0.6941 0.4713 -0.5442
vn 0.5868 0.4123 -0.6969
vn -0.9946 -0.0876 0.0549
vn -0.9969 -0.0058 0.0790
vn -0.9946 -0.0876 0.0550
vn -0.9684 0.1005 0.2281
vn -0.9985 0.0240 -0.0496
vn -0.9901 -0.0542 0.1294
vn -0.9960 -0.0720 0.0523
vn -0.9927 -0.1064 0.0576
vn -0.9891 -0.1093 0.0988
vn -0.9536 0.0889 0.2877
vn -0.8202 0.3277 0.4689
vn -0.1966 -0.9782 0.0664
vn -0.2120 -0.9754 0.0611
vn -0.1967 -0.9783 0.0649
vn -0.1967 -0.9783 0.0657
vn 0.2082 -0.9763 0.0588
vn 0.1926 -0.9791 0.0649
vn 0.2081 -0.9764 0.0580
vn 0.2081 -0.9763 0.0595
vn 0.3613 -0.8922 -0.2709
vn 0.1766 -0.9389 -0.2954
vn 0.3610 -0.8920 -0.2722
vn 0.5334 -0.8125 -0.2354
vn -0.3658 -0.8908 -0.2695
vn -0.5362 -0.8108 -0.2349
vn -0.3654 -0.8911 -0.2691
vn -0.1810 -0.9383 -0.2948
vn 0.1374 -0.3292 -0.9342
vn 0.1373 -0.3284 -0.9345
vn -0.1249 -0.0222 -0.9919
vn -0.1289 -0.0328 -0.9911
vn -0.1287 -0.0328 -0.9911
vn -0.1478 -0.0084 -0.9890
vn -0.1793 -0.0046 -0.9838
vn -0.2593 0.0442 -0.9648
vn -0.2849 0.0954 -0.9538
vn -0.2902 0.1457 -0.9458
vn -0.2439 0.1335 -0.9606
vn -0.2361 0.1297 -0.9630
vn -0.0016 0.1190 -0.9929
vn -0.0016 0.1023 -0.9948
vn 0.2407 0.1327 -0.9615
vn 0.2333 0.1283 -0.9639
vn 0.2868 0.1439 -0.9471
vn 0.2817 0.0953 -0.9548
vn 0.2552 0.0427 -0.9659
vn 0.1757 -0.0053 -0.9844
vn 0.1427 -0.0092 -0.9897
vn 0.1195 -0.0229 -0.9926
vn 0.1230 -0.0339 -0.9918
vn 0.1224 -0.0339 -0.9919
vn 0.4607 -0.8359 -0.2984
vn 0.0328 -0.8810 -0.4721
vn 0.4611 -0.8352 -0.2998
vn 0.7901 -0.6096 -0.0639
vn -0.4632 -0.8340 -0.2999
vn -0.7915 -0.6080 -0.0627
vn -0.4631 -0.8340 -0.3001
vn -0.0355 -0.8816 -0.4707
vn 0.2137 -0.8348 -0.5074
vn 0.0997 -0.8364 -0.5390
vn 0.2137 -0.8356 -0.5062
vn 0.3242 -0.8224 -0.4675
vn -0.2152 -0.8352 -0.5061
vn -0.3257 -0.8216 -0.4678
vn -0.2147 -0.8353 -0.5062
vn -0.1018 -0.8365 -0.5385
vn 0.0866 0.3502 -0.9327
vn 0.5981 -0.1793 0.7811
vn 0.6009 -0.1802 0.7788
vn 0.5420 -0.2392 0.8056
vn 0.4571 -0.3183 0.8305
vn 0.4573 -0.3183 0.8304
vn 0.3989 -0.3668 0.8404
vn 0.3989 -0.3669 0.8404
vn 0.3818 -0.3806 0.8422
vn 0.3815 -0.3808 0.8423
vn -0.0005 -0.4003 0.9164
vn -0.0005 -0.4002 0.9164
vn -0.3826 -0.3799 0.8422
vn -0.3985 -0.3652 0.8413
vn -0.3995 -0.3661 0.8405
vn -0.4580 -0.3175 0.8303
vn -0.4579 -0.3175 0.8304
vn -0.5428 -0.2380 0.8054
vn -0.5423 -0.2380 0.8057
vn -0.5984 -0.1782 0.7811
vn -0.6011 -0.1790 0.7789
vn -0.8285 -0.5558 -0.0679
vn -0.8526 -0.5195 -0.0571
vn -0.8283 -0.5561 -0.0679
vn -0.8026 -0.5913 -0.0787
vn 0.0642 0.4471 -0.8922
vn 0.0012 -0.8908 -0.4544
vn 0.0154 -0.8911 -0.4536
vn 0.0155 -0.8911 -0.4536
vn 0.0011 -0.8909 -0.4542
vn -0.0134 -0.8905 -0.4547
vn -0.0130 -0.8905 -0.4548
vn 0.0737 0.3494 0.9341
vn 0.9374 0.0367 -0.3464
vn 0.6156 -0.1557 -0.7725
vn 0.5956 -0.0888 -0.7983
vn 0.9023 -0.0553 -0.4275
vn 0.9970 -0.0778 0.0057
vn 0.9338 0.3437 0.0992
vn 0.7866 0.6043 0.1266
vn 0.7598 0.6214 0.1911
vn 0.9501 0.1931 0.2450
vn 0.8005 0.5362 0.2677
vn 0.8835 0.1148 0.4541
vn 0.8284 0.3671 0.4231
vn 0.0946 0.4552 0.8853
vn 0.0948 0.4553 0.8853
vn -0.0000 1.0000 -0.0000
vn -0.9824 -0.1870 -0.0000
vn -0.9824 -0.1867 -0.0000
vn -0.0000 -0.2996 0.9541
vn -0.0000 -0.2997 0.9540
vn -0.0000 -0.2993 0.9542
vn 0.9824 -0.1870 -0.0000
vn -0.0000 -0.2987 -0.9543
vn -0.0000 -0.2988 -0.9543
vn -0.9392 0.3434 -0.0000
vn -0.0000 0.3437 0.9391
vn -0.0000 0.3440 0.9390
vn 0.9390 0.3438 -0.0000
vn 0.9392 0.3434 -0.0000
vn 0.9390 0.3439 -0.0000
vn -0.2344 -0.9722 -0.0000
vn -0.1013 0.9949 -0.0000
vn -0.1016 0.9948 -0.0000
vn 0.2343 -0.9722 -0.0000
vn 0.1013 0.9949 -0.0000
vn -0.0000 0.3428 -0.9394
vn -0.0737 0.3494 -0.9341
vn -0.0000 0.3438 -0.9390
vn -0.0000 0.3429 -0.9394
vn -0.0000 0.3437 -0.9391
vn 0.3125 0.5559 -0.7703
vn 0.0468 0.4082 -0.9117
vn 0.4668 0.0454 -0.8832
vn 0.0003 0.6042 -0.7968
vn 0.0002 0.6546 -0.7560
vn -0.3123 0.5550 -0.7710
vn -0.0448 0.4088 -0.9115
vn -0.4634 0.0423 -0.8851
vn -0.4263 -0.4880 -0.7617
vn 0.0031 -0.6728 -0.7399
vn 0.0031 -0.7703 -0.6376
vn 0.4319 -0.4851 -0.7604
vn 0.9218 0.2808 0.2671
vn 0.9237 0.2724 0.2693
vn 0.9084 0.3058 0.2852
vn 0.9575 0.1930 0.2143
vn 0.9746 0.1266 0.1846
vn 0.9734 0.1221 0.1938
vn 0.9394 0.1931 0.2831
vn 0.9208 0.2473 0.3015
vn 0.9144 0.2495 0.3188
vn 0.9393 0.1655 0.3006
vn 0.9357 0.1617 0.3135
vn 0.9152 0.0819 0.3947
vn 0.9767 -0.0603 0.2061
vn 0.9071 -0.2945 -0.3007
vn 0.9551 -0.1808 -0.2349
vn 0.9072 -0.2945 -0.3004
vn 0.9683 -0.1499 -0.1998
vn 0.9885 -0.1484 0.0305
vn 0.9209 0.0504 0.3865
vn 0.8938 -0.0000 0.4485
vn 0.8765 0.0682 0.4766
vn 0.8543 0.1248 0.5046
vn 0.8648 0.1598 0.4760
vn 0.8126 0.1939 0.5496
vn 0.8189 0.1487 0.5543
vn 0.8085 0.1395 0.5717
vn 0.8156 0.0951 0.5707
vn 0.8184 0.0546 0.5721
vn 0.8092 0.0065 0.5875
vn 0.8734 -0.0160 0.4868
vn 0.9269 0.0423 0.3728
vn 0.9732 0.1141 0.1999
vn 0.9652 0.2144 0.1495
vn 0.9679 0.2293 0.1030
vn 0.9636 0.2468 0.1029
vn 0.8295 0.1682 0.5326
vn 0.8272 0.2275 0.5138
vn 0.8260 -0.0320 0.5627
vn 0.7752 0.2323 0.5875
vn 0.8563 -0.1003 0.5067
vn 0.8793 -0.1948 0.4345
vn 0.8944 -0.1356 0.4262
vn 0.9289 -0.0869 0.3600
vn 0.8998 0.0870 0.4275
vn 0.9435 -0.0198 0.3309
vn 0.9389 -0.2625 0.2228
vn 0.8456 -0.5218 0.1129
vn 0.6868 -0.7100 -0.1557
vn 0.5114 -0.8270 -0.2335
vn 0.5097 -0.8045 -0.3048
vn 0.7412 -0.3605 0.5663
vn 0.7212 -0.6822 0.1205
vn 0.6359 -0.7651 0.1015
vn 0.6851 -0.6672 0.2922
vn 0.4670 -0.8325 0.2981
vn 0.4234 -0.7818 0.4577
vn 0.8037 -0.4344 0.4066
vn 0.9633 -0.1850 0.1946
vn 0.1291 -0.9637 0.2335
vn 0.1940 -0.9807 -0.0237
vn 0.2476 -0.9640 -0.0969
vn 0.2831 -0.9469 -0.1526
vn 0.3925 -0.9051 -0.1633
vn -0.3994 0.8935 0.2053
vn -0.3209 0.8993 0.2971
vn -0.5668 0.8176 0.1010
vn -0.5598 0.8277 0.0397
vn -0.5998 0.7980 0.0587
vn -0.6253 0.7772 0.0702
vn -0.6795 0.7310 0.0626
vn -0.7106 0.7026 0.0362
vn -0.6841 0.7285 0.0351
vn -0.6538 0.7562 0.0263
vn -0.5561 0.8295 0.0519
vn 0.6538 0.7562 0.0263
vn 0.5560 0.8295 0.0519
vn 0.6837 0.7289 0.0351
vn 0.7106 0.7026 0.0378
vn 0.6795 0.7310 0.0626
vn 0.6253 0.7773 0.0702
vn 0.5998 0.7980 0.0587
vn 0.5598 0.8277 0.0397
vn 0.5668 0.8176 0.1018
vn 0.3980 0.8932 0.2094
vn 0.3186 0.8985 0.3020
vn -0.0012 0.9588 0.2841
vn 0.3979 0.8932 0.2094
vn 0.1621 0.9452 0.2834
vn -0.0023 0.9490 0.3154
vn -0.1632 0.9459 0.2803
vn 0.2721 -0.7801 -0.5634
vn 0.2718 -0.7795 -0.5644
vn 0.2717 -0.7795 -0.5644
vn -0.0000 -0.4192 -0.9079
vn 0.0867 -0.4175 -0.9045
vn 0.0777 -0.3991 -0.9136
vn -0.0000 -0.4369 -0.8995
vn -0.0867 -0.4175 -0.9045
vn -0.0778 -0.3995 -0.9134
vn 0.4556 -0.7683 -0.4497
vn 0.4556 -0.7685 -0.4493
vn -0.0000 0.0671 -0.9977
vn -0.0116 0.0671 -0.9977
vn -0.0164 0.0906 -0.9958
vn -0.0000 0.0435 -0.9991
vn 0.0116 0.0672 -0.9977
vn 0.0164 0.0906 -0.9958
vn -0.2656 -0.7814 -0.5648
vn -0.2657 -0.7807 -0.5656
vn -0.8790 -0.1966 0.4344
vn -0.8550 0.1220 0.5040
vn -0.8161 0.1897 0.5459
vn -0.8570 -0.1016 0.5051
vn -0.7752 0.2323 0.5875
vn -0.8246 -0.0320 0.5648
vn -0.8259 0.2272 0.5160
vn -0.8295 0.1682 0.5326
vn -0.8294 0.3676 0.4206
vn -0.8823 0.1146 0.4566
vn -0.8005 0.5362 0.2677
vn -0.9505 0.1923 0.2442
vn -0.7598 0.6214 0.1911
vn -0.9344 0.3426 0.0973
vn -0.7866 0.6043 0.1266
vn -0.9374 0.0367 -0.3464
vn -0.9968 -0.0793 0.0034
vn -0.9027 -0.0553 -0.4268
vn -0.6156 -0.1557 -0.7725
vn -0.5956 -0.0888 -0.7983
vn -0.8932 -0.1354 0.4287
vn -0.8456 -0.5218 0.1129
vn -0.9288 -0.0870 0.3603
vn -0.7214 -0.6825 0.1175
vn -0.5114 -0.8270 -0.2335
vn -0.3925 -0.9051 -0.1633
vn -0.6372 -0.7637 0.1037
vn -0.2858 -0.9465 -0.1496
vn -0.6859 -0.6661 0.2930
vn -0.2493 -0.9638 -0.0946
vn -0.4674 -0.8333 0.2953
vn -0.1940 -0.9807 -0.0252
vn -0.1284 -0.9638 0.2335
vn -0.4234 -0.7818 0.4577
vn -0.7425 -0.3611 0.5642
vn -0.8037 -0.4344 0.4066
vn -0.9632 -0.1877 0.1923
vn -0.5094 -0.8046 -0.3052
vn -0.6872 -0.7096 -0.1556
vn -0.9389 -0.2625 0.2228
vn -0.9434 -0.0198 0.3312
vn -0.9000 0.0870 0.4272
vn -0.8936 -0.0000 0.4488
vn -0.9076 -0.2897 -0.3037
vn -0.9076 -0.2898 -0.3037
vn -0.9551 -0.1785 -0.2365
vn -0.9683 -0.1479 -0.2013
vn -0.9973 -0.0584 -0.0443
vn -0.9885 -0.1484 0.0305
vn -0.9761 -0.0603 0.2090
vn -0.9198 0.0504 0.3891
vn -0.9162 0.0820 0.3921
vn -0.8771 0.0683 0.4754
vn -0.8648 0.1598 0.4760
vn -0.8203 0.1489 0.5522
vn -0.8085 0.1395 0.5717
vn -0.8142 0.0950 0.5728
vn -0.8170 0.0545 0.5741
vn -0.8092 0.0065 0.5875
vn -0.8734 -0.0160 0.4868
vn -0.9280 0.0423 0.3702
vn -0.9732 0.1141 0.1999
vn -0.9652 0.2144 0.1495
vn -0.9679 0.2293 0.1030
vn -0.9636 0.2468 0.1029
vn -0.9242 0.2723 0.2677
vn -0.9218 0.2808 0.2671
vn -0.9081 0.3062 0.2856
vn -0.9578 0.1930 0.2129
vn -0.9746 0.1266 0.1846
vn -0.9734 0.1220 0.1938
vn -0.9394 0.1931 0.2831
vn -0.9204 0.2472 0.3029
vn -0.9144 0.2495 0.3188
vn -0.9393 0.1655 0.3006
vn -0.9363 0.1617 0.3118
vn -0.6722 0.7386 -0.0504
vn -0.6711 0.7410 -0.0228
vn -0.6711 0.7410 -0.0229
vn -0.6676 0.7439 0.0300
vn -0.6676 0.7439 0.0302
vn -0.6601 0.7440 0.1034
vn -0.6600 0.7439 0.1049
vn -0.6442 0.7384 0.1995
vn -0.6360 0.7409 0.2156
vn -0.6212 0.7406 0.2563
vn -0.6191 0.7392 0.2651
vn -0.6090 0.7246 0.3226
vn -0.6074 0.7150 0.3463
vn -0.5529 0.6731 0.4912
vn -0.4880 0.6158 0.6186
vn -0.4830 0.6028 0.6351
vn -0.4349 0.5516 0.7118
vn -0.4110 0.5189 0.7495
vn -0.3798 0.4870 0.7865
vn -0.3859 0.4858 0.7843
vn -0.6912 0.3834 -0.6126
vn -0.5868 0.4123 -0.6969
vn -0.6941 0.4713 -0.5442
vn -0.7804 0.5538 -0.2903
vn -0.7210 0.6187 -0.3120
vn -0.5844 0.7950 0.1629
vn -0.5816 0.8057 0.1119
vn -0.6116 0.7852 0.0973
vn -0.5850 0.7830 0.2114
vn -0.5960 0.7790 0.1947
vn -0.6003 0.7907 0.1198
vn -0.6736 0.7369 0.0561
vn -0.7309 0.6733 -0.1114
vn -0.7859 0.5722 -0.2343
vn -0.8363 0.5227 0.1656
vn -0.4495 -0.7712 -0.4507
vn -0.4494 -0.7709 -0.4513
vn -0.4492 -0.7707 -0.4518
vn 0.9789 -0.2044 -0.0027
vn 1.0000 -0.0076 0.0002
vn 0.9998 0.0073 -0.0180
vn 0.9928 -0.1194 -0.0051
vn 1.0000 0.0004 -0.0003
vn 0.9209 -0.3899 -0.0059
vn 0.8906 -0.4543 0.0209
vn -0.1268 -0.5785 -0.8057
vn -1.0000 -0.0038 -0.0000
vn -0.2607 -0.2746 -0.9255
vn 0.0170 -0.9737 -0.2271
vn 0.0621 -0.8786 -0.4735
vn 0.0081 -0.9057 -0.4239
vn 0.0723 -0.9689 -0.2367
vn -0.0190 -0.9996 -0.0195
vn -0.0632 -0.9975 -0.0311
vn -0.0621 -0.8786 -0.4735
vn -0.0170 -0.9737 -0.2271
vn -0.0079 -0.9057 -0.4238
vn -0.0090 -0.9051 -0.4251
vn -0.0000 -0.8406 -0.5416
vn -0.0000 -0.8234 -0.5675
vn 0.0090 -0.9051 -0.4251
vn 0.1619 -0.8637 -0.4774
vn 0.2749 -0.6073 -0.7454
vn -0.0723 -0.9690 -0.2363
vn 0.0632 -0.9975 -0.0303
vn 0.0190 -0.9996 -0.0195
vn -0.1619 -0.8637 -0.4773
vn -0.2756 -0.6072 -0.7452
vn 0.0857 -0.9962 -0.0130
vn 0.0933 -0.9956 -0.0099
vn 0.0720 -0.9970 -0.0265
vn 0.1217 -0.9888 0.0860
vn -0.0958 -0.9954 -0.0092
vn -0.0857 -0.9962 -0.0130
vn -0.0720 -0.9970 -0.0265
vn -0.1242 -0.9884 0.0870
vn -0.0757 -0.9963 0.0413
vn -0.0854 -0.9963 -0.0004
vn -0.0003 -1.0000 0.0009
vn -0.0004 -1.0000 0.0010
vn 0.0811 -0.9967 -0.0019
vn 0.0728 -0.9965 0.0405
vn 0.0468 -0.9877 -0.1495
vn 0.1492 -0.8933 -0.4239
vn -0.0467 -0.9877 -0.1494
vn -0.1491 -0.8931 -0.4245
vn -0.3731 -0.9276 0.0206
vn -0.1514 -0.9873 -0.0489
vn -0.1808 -0.9632 -0.1987
vn -0.3834 -0.9152 -0.1244
vn -0.1773 -0.9019 -0.3939
vn -0.2360 -0.9680 0.0847
vn -0.0263 -0.9963 -0.0816
vn -0.7082 -0.6893 0.1526
vn -0.5174 -0.8554 0.0229
vn -0.5420 -0.8380 -0.0633
vn -0.4036 -0.8693 -0.2853
vn -0.2277 -0.8789 -0.4192
vn -0.2716 -0.7976 -0.5386
vn -0.2891 -0.8842 -0.3669
vn -0.3497 -0.9231 -0.1598
vn -0.1568 -0.9796 -0.1259
vn 0.0910 -0.9677 -0.2351
vn -0.2128 -0.9372 -0.2762
vn -0.5526 -0.5683 -0.6097
vn -0.1724 -0.9594 -0.2232
vn -0.5683 -0.1962 -0.7991
vn -0.6256 -0.0071 -0.7801
vn -0.2666 -0.8639 -0.4272
vn -0.0468 -0.9877 -0.1495
vn -0.1462 -0.8075 -0.5715
vn -0.4212 -0.8511 -0.3132
vn -0.2674 -0.9398 -0.2128
vn -0.2605 -0.9631 -0.0675
vn -0.2129 -0.9372 -0.2762
vn -0.2598 -0.7790 -0.5707
vn -0.2438 -0.9698 0.0035
vn 0.2129 -0.9372 -0.2762
vn 0.1725 -0.9596 -0.2223
vn 0.5526 -0.5683 -0.6096
vn 0.5683 -0.1962 -0.7991
vn 0.6260 -0.0072 -0.7798
vn 0.3834 -0.9152 -0.1244
vn 0.4036 -0.8693 -0.2853
vn 0.1773 -0.9016 -0.3946
vn 0.1808 -0.9632 -0.1987
vn 0.3731 -0.9275 0.0221
vn 0.1514 -0.9873 -0.0489
vn 0.3497 -0.9233 -0.1590
vn 0.1568 -0.9796 -0.1259
vn 0.2891 -0.8842 -0.3670
vn 0.2716 -0.7976 -0.5386
vn 0.2277 -0.8789 -0.4192
vn 0.2128 -0.9372 -0.2762
vn 0.2598 -0.7790 -0.5707
vn 0.4210 -0.8507 -0.3146
vn 0.5420 -0.8380 -0.0633
vn 0.5174 -0.8554 0.0229
vn 0.7082 -0.6893 0.1526
vn 0.2367 -0.9678 0.0862
vn 0.0248 -0.9966 -0.0786
vn -0.0913 -0.9677 -0.2348
vn 0.2438 -0.9698 0.0023
vn 0.2606 -0.9631 -0.0676
vn 0.2674 -0.9398 -0.2128
vn 0.1464 -0.8082 -0.5704
vn 0.2666 -0.8639 -0.4273
vn 0.0468 -0.9877 -0.1494
vn -0.1035 -0.9470 -0.3040
vn 0.0828 -0.7043 -0.7051
vn -0.1930 -0.8862 -0.4212
vn 0.1035 -0.9470 -0.3040
vn -0.0006 -0.9488 -0.3160
vn 0.2138 -0.9260 -0.3112
vn 0.1930 -0.8862 -0.4212
vn -0.0831 -0.7045 -0.7048
vn 0.3365 -0.7967 -0.5021
vn 0.3182 -0.8309 -0.4564
vn -0.0011 -0.8883 -0.4593
vn -0.3187 -0.8309 -0.4562
vn -0.2143 -0.9263 -0.3098
vn -0.3365 -0.7967 -0.5021
vn -0.0000 -0.9856 -0.1692
vn 0.8000 -0.4534 -0.3930
vn -0.4023 -0.7970 -0.4506
vn -0.4046 -0.8542 -0.3267
vn 0.6734 0.6616 0.3299
vn 0.8216 -0.5072 -0.2603
vn 0.6706 0.7005 0.2442
vn 0.8272 -0.5578 -0.0685
vn 0.6661 0.7405 0.0896
vn -0.4009 -0.9094 -0.1108
vn 0.6007 -0.7117 -0.3641
vn 0.3220 -0.9074 -0.2702
vn 0.3204 -0.9272 -0.1940
vn 0.9149 0.0367 -0.4019
vn 0.8140 0.5771 -0.0664
vn 0.9137 -0.0999 -0.3940
vn 0.6050 -0.6931 -0.3919
vn 0.6209 -0.7061 -0.3404
vn 0.3743 -0.8494 -0.3720
vn 0.8974 0.1023 -0.4292
vn 0.7726 0.6239 -0.1175
vn 0.6272 0.7706 -0.1131
vn 0.2377 0.9631 0.1261
vn 0.3486 0.9354 0.0597
vn 0.1285 0.9527 0.2753
vn -0.0599 0.9853 0.1597
vn 0.0175 0.9945 0.1034
vn 0.4531 0.8710 0.1897
vn 0.0030 -0.5821 -0.8131
vn 0.2442 -0.3563 -0.9019
vn 0.0027 -0.2838 -0.9589
vn -0.0181 -0.6337 -0.7734
vn 0.0879 -0.1304 -0.9876
vn -0.4095 -0.3991 -0.8204
vn 0.0021 0.0296 -0.9996
vn -0.2386 -0.3583 -0.9026
vn 0.0242 -0.6332 -0.7736
vn -0.0829 -0.1311 -0.9879
vn 0.4149 -0.3957 -0.8193
vn -0.3448 0.2313 -0.9097
vn 0.3475 0.2337 -0.9081
vn -0.3220 -0.9074 -0.2702
vn -0.6007 -0.7117 -0.3641
vn -0.3204 -0.9272 -0.1940
vn -0.8145 0.5763 -0.0663
vn -0.9152 0.0366 -0.4014
vn -0.9139 -0.0998 -0.3935
vn -0.6050 -0.6931 -0.3919
vn -0.6219 -0.7054 -0.3401
vn -0.3743 -0.8494 -0.3720
vn -0.8978 0.1022 -0.4283
vn -0.7726 0.6239 -0.1175
vn -0.6272 0.7706 -0.1127
vn -0.2377 0.9631 0.1265
vn -0.3486 0.9353 0.0605
vn -0.1285 0.9527 0.2754
vn 0.0599 0.9853 0.1601
vn -0.0175 0.9945 0.1034
vn -0.4531 0.8711 0.1894
vn 0.0049 0.5189 -0.8548
vn -0.1552 0.5165 -0.8421
vn -0.1440 0.8660 -0.4788
vn 0.0003 1.0000 0.0060
vn -0.0961 0.9954 0.0061
vn 0.0030 0.8742 -0.4856
vn 0.1503 0.8635 -0.4815
vn 0.1650 0.5088 -0.8450
vn 0.0968 0.9953 0.0066
vn 0.0034 0.5134 0.8581
vn 0.0582 0.5112 0.8575
vn 0.0395 0.0881 0.9953
vn -0.0000 -0.3534 0.9355
vn 0.0130 -0.3533 0.9354
vn 0.0019 0.0885 0.9961
vn -0.0354 0.0888 0.9954
vn -0.0514 0.5133 0.8567
vn -0.0128 -0.3535 0.9353
vn -0.2396 -0.8378 -0.4906
vn -0.2396 -0.8371 -0.4917
vn -0.2395 -0.8371 -0.4918
vn -0.0000 0.3424 -0.9395
vn 0.1665 0.3214 -0.9322
vn 0.1757 0.2502 -0.9521
vn -0.0000 0.0242 -0.9997
vn -0.0331 0.0401 -0.9986
vn -0.3173 0.2412 -0.9171
vn -0.0000 0.0790 -0.9969
vn -0.1749 0.2503 -0.9522
vn -0.1670 0.3221 -0.9319
vn 0.3183 0.2418 -0.9167
vn 0.0335 0.0401 -0.9986
vn -0.4751 -0.7127 -0.5160
vn -0.4759 -0.7138 -0.5138
vn -0.4757 -0.7132 -0.5149
vn 0.6907 0.6278 0.3589
vn 0.8014 0.5304 0.2766
vn 0.8530 0.4174 0.3134
vn 0.8163 0.5600 0.1419
vn 0.7787 0.5501 0.3018
vn 0.9307 0.3013 0.2075
vn 0.8956 0.4256 0.1297
vn 0.8981 0.4393 -0.0210
vn 0.8049 0.5898 -0.0648
vn 0.8640 0.4754 -0.1656
vn 0.8227 0.5395 -0.1793
vn 0.7240 0.6820 -0.1030
vn 0.6416 0.7642 0.0656
vn 0.6408 0.7300 0.2376
vn 0.9553 0.1956 0.2215
vn 0.7590 0.6500 0.0378
vn 0.8253 0.5501 0.1277
vn 0.7728 0.6271 0.0972
vn 0.6866 0.7106 0.1538
vn 0.7644 0.6015 0.2321
vn 0.7517 0.6537 0.0870
vn 0.6604 0.7508 -0.0103
vn 0.8125 0.5551 0.1780
vn 0.7933 0.5695 0.2153
vn 0.7977 0.5476 0.2525
vn 0.6640 0.6723 0.3272
vn 0.6610 0.6965 0.2792
vn 0.7359 0.4723 0.4852
vn 0.7428 0.4675 0.4793
vn 0.7136 0.4866 0.5040
vn 0.7391 0.4638 0.4885
vn 0.7362 0.5027 0.4531
vn 0.6545 0.5676 0.4994
vn 0.6056 0.6436 0.4680
vn 0.5461 0.6819 0.4866
vn 0.5763 0.7041 0.4149
vn 0.6226 0.7053 0.3392
vn -0.9984 -0.0221 0.0527
vn -0.5665 -0.7772 0.2741
vn -0.4823 -0.8548 0.1916
vn 0.5772 -0.2797 0.7672
vn -0.3407 0.6454 0.6836
vn 0.7839 0.2256 0.5785
vn -0.5975 -0.3054 0.7414
vn -0.9059 0.1159 0.4074
vn -0.4531 0.8833 0.1206
vn -0.4117 0.8647 -0.2878
vn -0.1141 -0.9900 -0.0833
vn 0.4978 -0.8154 0.2955
vn 0.7375 -0.6588 0.1486
vn 0.8379 -0.2321 0.4940
vn 0.6520 0.4755 0.5906
vn -0.0000 0.6468 0.7627
vn -0.0000 -0.3948 0.9188
vn -0.0000 -0.9956 0.0939
vn 0.2662 -0.2728 -0.9245
vn 1.0000 0.0031 0.0015
vn 0.1328 -0.5775 -0.8055
vn -0.0242 -0.8189 0.5734
vn -0.1621 -0.6612 0.7325
vn 0.0633 -0.5039 0.8614
vn 0.0242 -0.8189 0.5734
vn -0.0633 -0.5039 0.8614
vn 0.1621 -0.6612 0.7325
vn -0.0000 -0.9281 0.3723
vn -0.1304 -0.8357 0.5335
vn -0.2792 -0.4390 0.8540
vn -0.4462 -0.3567 0.8208
vn -0.4347 -0.2568 0.8632
vn -0.3097 -0.2604 0.9145
vn -0.1854 -0.2978 0.9365
vn 0.0013 -0.4650 0.8853
vn 0.0025 -0.3189 0.9478
vn 0.1885 -0.2996 0.9353
vn 0.2805 -0.4407 0.8527
vn 0.3097 -0.2604 0.9145
vn 0.4347 -0.2568 0.8632
vn 0.4462 -0.3567 0.8208
vn 0.1304 -0.8357 0.5335
vn -0.0000 -0.7547 0.6561
vn 0.9770 -0.0007 -0.2134
vn 0.9994 0.0251 0.0229
vn 0.7297 0.6836 0.0168
vn 0.7274 -0.5901 -0.3502
vn 0.7902 -0.6126 0.0182
vn 0.7713 -0.5279 -0.3555
vn 0.9858 0.1281 -0.1083
vn 0.7746 0.6324 0.0038
vn 0.0802 0.9968 0.0015
vn 0.0664 0.9125 0.4036
vn 0.0402 0.8878 0.4584
vn 0.6051 0.7026 0.3744
vn 0.1476 0.9718 0.1838
vn 0.7241 0.6565 0.2115
vn 0.9877 0.1052 0.1159
vn 0.1263 -0.9468 -0.2960
vn 0.2026 -0.9792 0.0046
vn 0.1935 -0.8783 -0.4372
vn 0.3376 -0.8968 -0.2861
vn 0.7935 -0.5871 -0.1602
vn -0.7377 -0.6589 0.1472
vn -0.0000 -0.9957 0.0923
vn -0.0000 -0.3946 0.9189
vn -0.8373 -0.2319 0.4951
vn -0.6526 0.4759 0.5896
vn 0.5663 -0.7768 0.2755
vn -0.5764 -0.2792 0.7680
vn -0.7846 0.2258 0.5775
vn 0.3407 0.6454 0.6837
vn 0.5983 -0.3036 0.7415
vn 0.9056 0.1182 0.4074
vn 0.4519 0.8839 0.1205
vn 0.1159 -0.9897 -0.0840
vn -0.4954 -0.8155 0.2991
vn 0.1971 -0.9668 0.1625
vn -0.6023 -0.7853 0.1434
vn 0.6331 -0.7612 0.1404
vn -0.8274 -0.5588 -0.0560
vn 0.5337 -0.8444 0.0472
vn 0.3985 -0.9053 -0.1470
vn -0.7038 -0.7086 0.0503
vn -0.8279 -0.5555 -0.0775
vn 0.3937 -0.8933 -0.2169
vn -0.6584 0.7271 0.1947
vn -0.6622 0.7379 0.1307
vn -0.6644 0.7469 -0.0276
vn -0.9171 -0.3942 0.0593
vn -0.5415 0.8277 -0.1475
vn -0.8389 0.5348 -0.1014
vn 0.4551 -0.7679 -0.4507
vn 0.4558 -0.7681 -0.4497
vn 0.4554 -0.7676 -0.4510
vn 0.3309 0.9350 0.1278
vn 0.1824 0.9805 0.0730
vn 0.1568 0.9796 0.1254
vn 0.4433 0.8958 0.0336
vn 0.8704 0.4882 0.0645
vn 0.3890 0.9200 -0.0477
vn 0.2831 0.9591 -0.0056
vn 0.2928 0.9547 -0.0534
vn 0.5119 0.8552 -0.0809
vn 0.7562 0.6541 -0.0183
vn 0.5940 0.8005 -0.0801
vn 0.8317 0.5372 -0.1404
vn 0.5471 -0.8187 -0.1744
vn 0.6568 -0.7365 -0.1617
vn 0.2575 -0.9446 -0.2037
vn 0.2621 -0.9501 -0.1692
vn 0.4180 -0.8986 -0.1335
vn 0.7941 0.5897 -0.1472
vn 0.7892 0.6057 -0.1015
vn 0.8718 0.4899 -0.0012
vn 0.9265 -0.3547 -0.1254
vn 0.9756 -0.2112 -0.0599
vn 0.7217 -0.6745 -0.1556
vn 0.5916 -0.7987 -0.1102
vn 0.4135 -0.9033 -0.1147
vn 0.3314 -0.9384 -0.0976
vn 0.7961 -0.5875 -0.1453
vn 0.9600 -0.2251 -0.1664
vn 0.9815 0.0176 -0.1909
vn 0.9575 -0.2327 -0.1705
vn -0.8846 -0.3577 0.2991
vn -0.6486 -0.7492 0.1343
vn -0.7245 -0.6463 0.2396
vn -0.3067 -0.9510 0.0404
vn -0.3439 -0.9194 0.1908
vn 0.0003 -0.9825 0.1862
vn 0.0003 -1.0000 -0.0008
vn -0.3105 -0.9371 -0.1595
vn -0.0000 -0.9718 -0.2359
vn 0.3072 -0.9508 0.0404
vn 0.3440 -0.9194 0.1907
vn -0.0000 -0.9686 0.2488
vn -0.2878 -0.9372 0.1968
vn -0.6895 -0.7177 0.0977
vn -0.8954 -0.3811 0.2304
vn 0.2897 -0.9242 0.2487
vn 0.3780 -0.8982 0.2242
vn -0.0000 -0.8692 0.4945
vn 0.6894 -0.7177 0.0977
vn 0.2876 -0.9373 0.1968
vn -0.0000 -0.9493 0.3144
vn -0.2897 -0.9242 0.2487
vn -0.3780 -0.8982 0.2242
vn 0.7237 -0.6472 0.2395
vn 0.8954 -0.3811 0.2304
vn 0.8840 -0.3593 0.2992
vn 0.9189 -0.2609 0.2960
vn 0.8941 -0.3440 0.2868
vn 0.9273 -0.1747 0.3310
vn 0.9040 -0.4096 0.1228
vn 0.9540 -0.2396 0.1800
vn 0.9197 -0.3914 0.0313
vn -0.9051 -0.4079 0.1198
vn -0.9289 -0.1705 0.3288
vn -0.9551 -0.2365 0.1785
vn -0.9196 -0.3914 0.0328
vn -0.9490 -0.2815 0.1419
vn -0.9118 -0.4064 0.0580
vn -0.8543 -0.5105 -0.0977
vn -0.7137 -0.6693 -0.2067
vn -0.6594 -0.6966 -0.2829
vn -0.3362 -0.8350 -0.4356
vn 0.3346 -0.8342 -0.4384
vn -0.0012 -0.9000 -0.4360
vn -0.0023 -0.8684 -0.4958
vn -0.2429 -0.8877 -0.3911
vn -0.7195 -0.6945 0.0068
vn -0.8954 -0.3418 0.2854
vn -0.9189 -0.2609 0.2960
vn 0.9490 -0.2815 0.1419
vn 0.9120 -0.4061 0.0580
vn 0.8544 -0.5104 -0.0977
vn 0.7147 -0.6687 -0.2052
vn 0.6597 -0.6968 -0.2815
vn 0.2433 -0.8875 -0.3914
vn 0.6476 -0.7496 0.1365
vn 0.7206 -0.6933 0.0084
vn 0.3117 -0.9364 -0.1610
vn 0.9041 0.1963 0.3796
vn 0.8163 0.3224 0.4792
vn 0.8284 0.3302 0.4525
vn 0.8482 0.3102 0.4294
vn 0.7672 0.4205 0.4843
vn 0.7359 0.4561 0.5004
vn 0.5524 0.5934 0.5854
vn 0.4903 0.6310 0.6012
vn 0.3665 0.6888 0.6255
vn 0.2976 0.7243 0.6219
vn -0.0000 0.7628 0.6466
vn -0.0000 0.7705 0.6375
vn -0.2976 0.7243 0.6219
vn -0.3665 0.6888 0.6255
vn -0.4932 0.6287 0.6012
vn -0.5552 0.5885 0.5877
vn -0.7386 0.4517 0.5005
vn -0.7685 0.4170 0.4853
vn -0.8295 0.3307 0.4500
vn -0.8471 0.3098 0.4318
vn -0.9053 0.1964 0.3767
vn -0.8163 0.3224 0.4792
vn -0.8713 0.1846 0.4547
vn -0.8974 0.1251 0.4231
vn -0.7987 0.2585 0.5433
vn -0.9732 -0.0198 0.2289
vn -0.9692 -0.0500 0.2411
vn -0.9820 -0.1401 0.1266
vn -0.9909 -0.1131 0.0732
vn -0.9722 -0.2335 0.0198
vn -0.9682 -0.2269 0.1052
vn -0.9053 0.1963 0.3767
vn -0.8784 0.2731 0.3922
vn -0.8972 0.2533 0.3617
vn -0.8099 0.3754 0.4506
vn -0.7800 0.4078 0.4746
vn -0.5723 0.5612 0.5979
vn -0.5221 0.5862 0.6194
vn 0.9732 -0.0198 0.2289
vn 0.9692 -0.0500 0.2411
vn 0.9820 -0.1401 0.1266
vn 0.8974 0.1251 0.4231
vn 0.8712 0.1847 0.4549
vn 0.7993 0.2571 0.5432
vn 0.7564 0.2971 0.5827
vn 0.6198 0.3689 0.6927
vn 0.5210 0.4283 0.7383
vn 0.4531 0.4703 0.7573
vn 0.3110 0.5415 0.7810
vn -0.0000 0.5790 0.8153
vn -0.0000 0.6041 0.7969
vn -0.3110 0.5415 0.7810
vn -0.4531 0.4703 0.7573
vn -0.5201 0.4291 0.7385
vn -0.6185 0.3705 0.6929
vn -0.7555 0.2988 0.5831
vn -0.3718 0.6476 0.6651
vn -0.3414 0.6577 0.6715
vn -0.0000 0.7023 0.7119
vn -0.0001 0.7029 0.7113
vn 0.3412 0.6578 0.6715
vn 0.3716 0.6476 0.6652
vn 0.5206 0.5878 0.6193
vn 0.5703 0.5634 0.5978
vn 0.7779 0.4103 0.4759
vn 0.8089 0.3774 0.4508
vn 0.8773 0.2728 0.3948
vn 0.8972 0.2533 0.3617
vn 0.9682 -0.2269 0.1052
vn 0.9722 -0.2335 0.0198
vn 0.9909 -0.1131 0.0732
vn 0.2718 -0.7802 -0.5634
vn 0.2714 -0.7798 -0.5641
vn 0.7054 -0.7085 0.0198
vn 0.7058 -0.7082 0.0183
vn 0.7058 -0.7082 0.0181
vn 0.7054 -0.7085 0.0183
vn 0.8560 0.5170 0.0027
vn 0.8659 0.5002 0.0027
vn 0.9621 0.2705 -0.0347
vn 0.9623 0.2695 0.0358
vn 0.9582 0.2863 0.0008
vn 0.9582 0.2862 0.0008
vn 0.9873 0.1587 0.0095
vn 0.9873 0.1584 -0.0092
vn 0.9964 0.0844 -0.0004
vn 0.9967 0.0808 -0.0005
vn 0.9786 0.1424 -0.1485
vn 0.9771 0.1396 -0.1606
vn 0.7718 0.6359 0.0025
vn 0.9015 0.4235 -0.0890
vn 0.7718 0.6359 0.0024
vn 0.7256 0.6882 0.0019
vn 0.9002 0.4255 0.0930
vn 0.9487 0.2211 -0.2260
vn 0.9674 0.2394 -0.0827
vn 0.8692 0.4944 0.0027
vn 0.7295 0.6840 0.0020
vn 0.9670 0.2405 0.0842
vn 0.9487 0.2214 0.2257
vn 0.9788 0.1423 0.1476
vn 0.9777 0.1394 0.1569
vn 0.9967 0.0808 -0.0001
vn -0.9015 0.4235 -0.0890
vn -0.7718 0.6359 0.0024
vn -0.7716 0.6361 0.0023
vn -0.7256 0.6881 0.0020
vn -0.9002 0.4255 0.0930
vn -0.9487 0.2210 -0.2260
vn -0.9787 0.1424 -0.1478
vn -0.9771 0.1401 -0.1604
vn -0.9675 0.2393 -0.0820
vn -0.8692 0.4944 0.0027
vn -0.7294 0.6840 0.0019
vn -0.8560 0.5170 0.0027
vn -0.8660 0.5001 0.0027
vn -0.9670 0.2408 0.0837
vn -0.9490 0.2211 0.2246
vn -0.9787 0.1423 0.1483
vn -0.9776 0.1393 0.1577
vn -0.9967 0.0808 -0.0001
vn -0.9964 0.0843 -0.0011
vn -0.9873 0.1587 0.0103
vn -0.9622 0.2699 0.0359
vn -0.9622 0.2701 -0.0355
vn -0.9583 0.2858 0.0008
vn -0.9583 0.2859 0.0008
vn -0.9874 0.1583 -0.0092
vn -0.9967 0.0809 -0.0011
vn 0.2640 0.2384 0.9346
vn 0.0053 -0.2193 0.9756
vn 0.4129 0.3584 0.8373
vn 0.2583 0.0389 0.9653
vn 0.0455 -0.3881 0.9205
vn -0.3664 -0.6149 0.6983
vn -0.1081 -0.8163 0.5674
vn -0.6081 -0.7938 0.0068
vn -0.3491 -0.9298 -0.1167
vn -0.5585 -0.6295 -0.5401
vn -0.3494 -0.5958 -0.7232
vn -0.1339 -0.9226 -0.3617
vn -0.2488 -0.4727 -0.8454
vn 0.1887 -0.6027 0.7753
vn 0.0395 -0.9596 0.2786
vn 0.6594 0.7516 -0.0175
vn -0.0027 0.9998 -0.0213
vn 0.6594 0.7516 -0.0161
vn -0.0028 0.9998 -0.0214
vn -0.6645 0.7471 -0.0137
vn -0.9195 -0.3930 0.0106
vn -0.9513 -0.0382 0.3060
vn -0.8668 -0.1481 0.4762
vn -0.9195 -0.3929 0.0092
vn -0.8668 -0.1480 0.4762
vn -0.8194 0.2351 0.5228
vn -0.3033 0.3251 0.8957
vn -0.0031 0.6850 0.7285
vn -0.5574 0.5049 0.6590
vn 0.5528 0.5092 0.6596
vn 0.2981 0.3275 0.8966
vn -0.0031 0.7139 0.7003
vn -0.0030 0.5598 0.8286
vn -0.0028 0.3791 0.9254
vn -0.0028 0.3510 0.9364
vn 0.2982 0.3274 0.8966
vn 0.8162 0.2403 0.5255
vn 0.8667 -0.1427 0.4779
vn 0.9214 -0.3885 0.0108
vn 0.9506 -0.0320 0.3089
vn 0.9211 -0.3891 0.0122
vn 0.8667 -0.1428 0.4779
vn -0.9384 0.3448 -0.0221
vn -0.9695 0.2113 0.1243
vn -0.9695 0.2114 0.1243
vn -0.9698 0.2357 0.0625
vn 0.8757 0.4524 0.1686
vn 0.9429 0.2876 0.1678
vn 0.9431 0.2869 0.1679
vn 0.9941 0.0840 0.0679
vn -0.7018 -0.7122 0.0152
vn -0.7020 -0.7120 0.0137
vn -0.7016 -0.7124 0.0153
vn 0.9360 0.3516 -0.0190
vn 0.9676 0.2181 0.1274
vn 0.9681 0.2426 0.0625
vn 0.9676 0.2182 0.1274
vn -0.8771 0.4500 0.1678
vn -0.9457 0.2801 0.1648
vn -0.9949 0.0771 0.0649
vn -0.9459 0.2793 0.1649
vn 0.8290 0.5501 0.1007
vn 0.8390 0.5288 0.1286
vn 0.8750 0.4689 0.1208
vn 0.8219 0.4255 0.3787
vn 0.8102 0.5193 0.2720
vn 0.8220 0.4257 0.3782
vn 0.8100 0.5196 0.2719
vn 0.7976 0.5576 0.2301
vn 0.8049 0.5396 0.2469
vn 0.7819 0.5843 0.2172
vn 0.7998 0.5703 0.1874
vn 0.8173 0.5548 0.1557
vn 0.8084 0.5837 0.0755
vn 0.8034 0.5953 0.0115
vn 0.8040 0.5946 0.0113
vn 0.8028 0.5962 -0.0067
vn 0.8027 0.5963 -0.0066
vn 0.7958 0.5905 -0.1343
vn 0.7958 0.5905 -0.1342
vn 0.7763 0.5759 -0.2563
vn 0.7765 0.5757 -0.2562
vn 0.8550 0.0176 0.5183
vn 0.7425 0.0282 0.6692
vn 0.8531 0.1385 0.5030
vn 0.9137 0.0332 0.4051
vn 0.8524 0.1545 0.4995
vn 0.8156 0.2937 0.4986
vn 0.0030 -0.8471 -0.5314
vn -0.0198 -0.8855 -0.4643
vn 0.1511 -0.8750 -0.4600
vn 0.0029 -0.9081 -0.4188
vn -0.1079 -0.9400 -0.3235
vn 0.0028 -0.9446 -0.3281
vn 0.1136 -0.9394 -0.3236
vn 0.0257 -0.8860 -0.4630
vn -0.1450 -0.8760 -0.4600
vn 0.0067 0.9366 0.3502
vn 0.0234 0.8626 0.5053
vn -0.0019 0.8604 0.5096
vn -0.0073 0.9490 0.3153
vn -0.0148 0.8612 0.5080
vn -0.0023 0.9648 0.2631
vn -0.0151 0.8612 0.5080
vn -0.0032 0.9647 0.2632
vn -0.0031 0.9367 0.3502
vn -0.0030 0.8594 0.5113
vn 0.0088 0.8613 0.5081
vn -0.0036 0.9655 0.2604
vn 0.3411 0.4066 -0.8475
vn 0.3152 0.4293 -0.8464
vn 0.0011 0.4189 -0.9080
vn 0.0031 0.3984 -0.9172
vn -0.3391 0.3809 -0.8602
vn -0.3170 0.4024 -0.8588
vn -0.0015 1.0000 -0.0000
vn 0.0066 0.9367 0.3501
vn -0.0014 1.0000 -0.0000
vn -0.0037 0.9648 0.2630
vn -0.3586 0.7851 0.5050
vn -0.1896 0.7049 0.6835
vn -0.0396 0.9931 0.1106
vn -0.1923 0.9600 -0.2037
vn 0.1383 0.8271 -0.5448
vn -0.0313 0.6293 -0.7765
vn 0.2580 0.2044 -0.9443
vn 0.2085 -0.0038 -0.9780
vn 0.2485 -0.4721 -0.8458
vn 0.3494 -0.5958 -0.7232
vn 0.2869 -0.1459 -0.9468
vn -0.2618 0.2379 0.9353
vn -0.2579 0.0389 0.9654
vn -0.5693 0.7206 0.3958
vn -0.4553 0.8044 -0.3816
vn -0.1063 0.4328 -0.8952
vn -0.9984 -0.0221 0.0526
vn -0.5359 0.6720 -0.5111
vn -0.4117 0.8647 -0.2877
vn -0.8271 -0.5578 -0.0689
vn 0.5210 -0.8534 0.0176
vn -0.6951 -0.7186 0.0232
vn -0.6652 0.7413 0.0895
vn -0.6653 0.7464 -0.0149
vn -0.7257 -0.6699 0.1568
vn -0.6592 0.7210 -0.2136
vn -0.9075 -0.4020 0.1221
vn -0.6511 0.5554 -0.5173
vn -0.9909 -0.0656 -0.1175
vn -0.4004 -0.8024 0.4426
vn 0.2533 -0.7689 0.5870
vn 0.3983 -0.8911 0.2174
vn -0.0031 1.0000 -0.0000
vn -0.0032 0.9367 0.3501
vn -0.0031 0.9648 0.2631
vn -0.0030 1.0000 -0.0000
vn -0.0032 0.9656 0.2602
vn -0.0029 1.0000 -0.0000
vn -0.9799 -0.1343 0.1473
vn -0.9820 -0.1552 0.1076
vn -0.9911 -0.0904 0.0976
vn -0.9939 -0.0580 0.0938
vn -1.0000 -0.0033 -0.0061
vn -1.0000 -0.0034 -0.0031
vn 1.0000 0.0057 -0.0023
vn 1.0000 0.0057 -0.0008
vn 0.9916 -0.0828 0.0992
vn 0.9942 -0.0496 0.0954
vn 0.9804 -0.1266 0.1510
vn 0.9827 -0.1483 0.1106
vn 0.3411 0.3828 -0.8586
vn 0.3187 0.4048 -0.8571
vn 0.0008 0.4189 -0.9080
vn -0.0007 0.3983 -0.9172
vn -0.3396 0.4034 -0.8497
vn -0.3136 0.4268 -0.8482
vn 0.4234 -0.1800 -0.8879
vn 0.3837 -0.0705 -0.9208
vn 0.3789 -0.1703 -0.9096
vn 0.3845 -0.0195 -0.9229
vn 0.4493 -0.2041 -0.8697
vn 0.4559 -0.3403 -0.8224
vn 0.5027 -0.5828 -0.6384
vn 0.4826 -0.6100 -0.6286
vn 0.5538 -0.6729 -0.4904
vn 0.5537 -0.6727 -0.4907
vn 0.5980 -0.7079 -0.3759
vn 0.3697 -0.5082 -0.7778
vn 0.3194 -0.3884 -0.8644
vn 0.3454 -0.3564 -0.8681
vn 0.5051 -0.4471 -0.7382
vn 0.7052 -0.6834 0.1888
vn 0.6624 -0.6399 0.3895
vn 0.6241 -0.6550 0.4259
vn 0.6597 -0.7024 0.2671
vn 0.6475 -0.7395 -0.1843
vn 0.6471 -0.7398 -0.1844
vn 0.6583 -0.7442 -0.1133
vn 0.6593 -0.7436 -0.1117
vn 0.6677 -0.7436 -0.0339
vn 0.6669 -0.7444 -0.0340
vn 0.6711 -0.7408 0.0298
vn 0.6711 -0.7408 0.0297
vn 0.6722 -0.7386 0.0504
vn 0.9443 0.3250 -0.0511
vn 0.9359 0.3517 -0.0191
vn 0.9082 0.4042 -0.1083
vn 0.9153 0.4006 -0.0420
vn 0.9218 0.3876 -0.0053
vn 0.6594 0.7517 -0.0126
vn 0.6594 0.7516 -0.0176
vn -0.9468 0.3174 -0.0527
vn -0.9384 0.3449 -0.0222
vn -0.9110 0.3975 -0.1099
vn -0.9179 0.3945 -0.0427
vn -0.9244 0.3814 -0.0076
vn -0.6645 0.7470 -0.0199
vn -0.7454 -0.4187 0.5187
vn -0.3033 0.3250 0.8958
vn -0.4749 -0.2046 0.8559
vn 0.2542 0.1966 0.9470
vn 0.3560 0.3366 0.8718
vn -0.0026 0.3152 0.9490
vn 0.2982 0.3273 0.8966
vn -0.3607 0.3340 0.8708
vn -0.2594 0.1946 0.9460
vn 0.4718 -0.2013 0.8584
vn 0.7467 -0.4151 0.5197
vn 0.8667 -0.1428 0.4780
vn 0.1259 0.0725 0.9894
vn 0.2542 0.1965 0.9470
vn -0.4889 -0.2322 0.8409
vn 0.0796 0.3074 0.9482
vn -0.5053 0.2204 0.8343
vn -0.3741 0.5872 0.7178
vn 0.1519 0.4717 0.8686
vn 0.4480 0.4839 0.7518
vn 0.4063 0.3106 0.8593
vn 0.4865 0.2137 0.8471
vn 0.3561 0.3366 0.8717
vn 0.0188 -0.5798 0.8145
vn -0.0000 -0.5575 0.8302
vn -0.0212 -0.6386 0.7692
vn -0.0000 -0.4646 0.8855
vn -0.0188 -0.5798 0.8145
vn 0.0212 -0.6386 0.7692
vn -0.0073 -0.5838 0.8118
vn -0.0343 -0.5581 0.8291
vn -0.0589 -0.5416 0.8386
vn -0.0015 -0.5876 0.8092
vn -0.0192 -0.6083 0.7935
vn -0.0310 -0.6109 0.7911
vn 0.0007 -0.5933 0.8050
vn -0.0135 -0.5927 0.8053
vn 0.0083 -0.5959 0.8030
vn 0.0046 -0.6126 0.7904
vn -0.0226 -0.6271 0.7786
vn -0.0194 -0.6236 0.7815
vn -0.0000 -0.6203 0.7844
vn -0.0000 -0.6132 0.7899
vn 0.0192 -0.6203 0.7842
vn 0.0225 -0.6238 0.7813
vn -0.0047 -0.6092 0.7930
vn -0.0084 -0.5925 0.8055
vn 0.0013 -0.5933 0.8050
vn 0.0167 -0.5928 0.8052
vn 0.0213 -0.6083 0.7934
vn 0.0346 -0.6109 0.7910
vn 0.0015 -0.5876 0.8092
vn 0.0593 -0.5416 0.8385
vn 0.0339 -0.5581 0.8291
vn 0.0073 -0.5838 0.8118
vn -0.1307 0.0726 0.9888
vn -0.4107 0.3072 0.8584
vn -0.4898 0.2102 0.8461
vn -0.0851 0.3061 0.9482
vn -0.4532 0.4798 0.7513
vn -0.1576 0.4707 0.8681
vn 0.3713 0.5864 0.7199
vn 0.5037 0.2220 0.8349
vn 0.4868 -0.2290 0.8430
vn -0.2594 0.1945 0.9460
vn -0.3609 0.3340 0.8707
vn 0.2022 -0.8882 -0.4125
vn 0.2020 -0.8881 -0.4128
vn 0.3449 -0.8588 -0.3789
vn 0.0548 -0.8973 -0.4381
vn -0.2052 -0.8874 -0.4128
vn -0.2057 -0.8873 -0.4128
vn -0.0582 -0.8971 -0.4380
vn -0.3481 -0.8582 -0.3772
vn -0.0024 0.7090 0.7052
vn 0.3773 0.6624 0.6472
vn 0.6066 0.7461 0.2746
vn -0.0000 0.5725 0.8199
vn -0.3785 0.6604 0.6485
vn -0.1704 0.6089 0.7747
vn -0.6085 0.7439 0.2762
vn -0.0016 0.9433 0.3318
vn 0.5138 0.8361 0.1922
vn 0.7772 0.6188 0.1144
vn 0.7234 0.6335 0.2746
vn 0.4217 0.6653 0.6160
vn 0.1704 0.6089 0.7747
vn -0.0000 0.6049 0.7963
vn -0.2031 0.6461 0.7357
vn -0.4209 0.6641 0.6179
vn -0.7234 0.6335 0.2745
vn -0.7772 0.6188 0.1145
vn -0.5138 0.8361 0.1922
vn -0.0000 0.9712 0.2381
vn 0.2030 0.6461 0.7358
vn 0.8702 -0.3112 -0.3821
vn 0.8262 -0.3883 -0.4082
vn 0.8756 -0.2793 -0.3940
vn 0.7647 -0.4848 -0.4245
vn 0.6393 -0.6131 -0.4642
vn 0.5454 -0.6957 -0.4674
vn 0.5044 -0.7269 -0.4660
vn 0.4588 -0.7852 -0.4159
vn 0.4580 -0.8074 -0.3720
vn 0.3173 -0.8986 -0.3031
vn -0.0016 -0.9533 -0.3020
vn -0.0015 -0.9699 -0.2434
vn -0.3203 -0.8980 -0.3016
vn -0.4605 -0.8061 -0.3718
vn -0.4618 -0.7843 -0.4143
vn -0.5076 -0.7265 -0.4632
vn -0.5475 -0.6944 -0.4670
vn -0.6409 -0.6110 -0.4647
vn -0.7662 -0.4828 -0.4241
vn -0.8283 -0.3854 -0.4067
vn -0.8719 -0.3098 -0.3792
vn -0.8774 -0.2762 -0.3922
vn 0.2280 -0.1381 0.9638
vn 0.1849 -0.1758 0.9669
vn 0.1852 -0.1749 0.9670
vn 0.3067 -0.1928 0.9321
vn 0.4120 -0.2255 0.8828
vn 0.4913 -0.3120 0.8132
vn 0.4429 -0.3629 0.8198
vn 0.4117 -0.4057 0.8160
vn 0.3059 -0.4343 0.8473
vn 0.3073 -0.4290 0.8495
vn 0.0003 -0.4460 0.8950
vn 0.0004 -0.4399 0.8980
vn -0.3067 -0.4257 0.8513
vn -0.3051 -0.4318 0.8488
vn -0.4110 -0.4019 0.8183
vn -0.4413 -0.3599 0.8220
vn -0.4902 -0.3104 0.8145
vn -0.4113 -0.2248 0.8833
vn -0.3080 -0.1925 0.9317
vn -0.2292 -0.1382 0.9635
vn -0.1886 -0.1771 0.9660
vn -0.1890 -0.1757 0.9661
vn 0.9971 -0.0231 -0.0725
vn 0.9999 0.0052 -0.0145
vn 0.9999 0.0053 -0.0137
vn 0.9983 -0.0082 -0.0580
vn 0.9998 0.0070 -0.0160
vn 0.9943 -0.0371 -0.1003
vn 0.9939 -0.0525 -0.0969
vn -0.8533 0.2808 0.4394
vn -0.7738 0.4090 0.4837
vn -0.8727 0.2642 0.4107
vn -0.7838 0.3633 0.5037
vn -0.6497 0.5636 0.5102
vn -0.5461 0.6977 0.4636
vn -0.4828 0.7626 0.4305
vn -0.3900 0.8387 0.3801
vn -0.3201 0.8731 0.3678
vn -0.2188 0.9130 0.3443
vn 0.0016 0.9391 0.3436
vn 0.0016 0.9457 0.3251
vn 0.2218 0.9123 0.3443
vn 0.3226 0.8717 0.3688
vn 0.3930 0.8373 0.3801
vn 0.4853 0.7612 0.4302
vn 0.5483 0.6961 0.4635
vn 0.6528 0.5624 0.5075
vn 0.7756 0.4074 0.4822
vn 0.7856 0.3616 0.5020
vn 0.8547 0.2785 0.4380
vn 0.8740 0.2624 0.4091
vn 0.0052 -0.9886 0.1503
vn -0.7433 -0.6611 0.1022
vn 0.0042 -0.9963 0.0855
vn -0.8317 -0.5551 0.0153
vn 0.0029 -1.0000 0.0069
vn 0.8367 -0.5476 -0.0091
vn 0.7516 -0.6547 0.0801
vn 0.8205 -0.5572 0.1274
vn -0.0194 0.9437 -0.3302
vn 0.9970 -0.0735 -0.0259
vn 0.9988 0.0081 -0.0492
vn 0.9970 -0.0734 -0.0259
vn 0.9733 0.1129 -0.1999
vn 0.9962 0.0391 0.0778
vn 0.9943 -0.0406 -0.0988
vn 0.9981 -0.0575 -0.0232
vn 0.9603 0.1003 -0.2602
vn 0.8292 0.3360 -0.4467
vn 0.9954 -0.0920 -0.0271
vn 0.9930 -0.0956 -0.0690
vn -0.1206 0.9469 -0.2980
vn -0.1199 0.9470 -0.2981
vn 0.4514 -0.8465 -0.2822
vn 0.4466 -0.7950 -0.4105
vn 0.4472 -0.8816 -0.1510
vn -0.5930 -0.8052 0.0036
vn -0.1945 -0.9561 -0.2194
vn -0.5495 -0.7243 -0.4165
vn -0.1434 -0.9885 -0.0477
vn -0.9983 -0.0295 0.0511
vn -1.0000 -0.0017 -0.0061
vn -1.0000 -0.0017 -0.0053
vn -0.9992 -0.0147 0.0382
vn -1.0000 0.0001 -0.0050
vn -0.9959 -0.0432 0.0794
vn -0.9953 -0.0587 0.0767
vn -0.1325 -0.3070 -0.9424
vn -0.1110 -0.3249 -0.9392
vn -0.1323 -0.3070 -0.9425
vn -0.1327 -0.3072 -0.9424
vn 0.1327 -0.3079 0.9421
vn 0.1111 -0.3254 0.9390
vn 0.1330 -0.3079 0.9421
vn 0.1329 -0.3079 0.9421
vn 0.1799 0.2569 0.9496
vn 0.1702 0.2407 0.9555
vn 0.1799 0.2572 0.9495
vn 0.1797 0.2565 0.9497
vn 0.4472 0.8942 -0.0194
vn 0.4472 0.8942 -0.0195
vn -0.0419 -0.6629 -0.7475
vn -0.0181 -0.6338 -0.7733
vn 0.0030 -0.5823 -0.8130
vn 0.0030 -0.6190 -0.7854
vn 0.0482 -0.6635 -0.7466
vn -0.1752 0.2395 0.9550
vn -0.1847 0.2553 0.9491
vn -0.1755 0.2399 0.9548
vn -0.1754 0.2398 0.9548
vn 0.4471 -0.8945 0.0016
vn 0.4472 -0.8944 0.0015
vn 0.9405 -0.0999 0.3249
vn 0.8757 0.4525 0.1686
vn 0.7868 -0.3999 -0.4701
vn 0.9834 -0.0015 -0.1816
vn 0.8351 -0.4021 0.3753
vn 0.4870 -0.2290 0.8429
vn 0.5038 0.2221 0.8348
vn 0.3714 0.5864 0.7198
vn 0.8971 -0.4394 0.0457
vn 0.7468 -0.4151 0.5196
vn 0.8830 -0.4693 0.0084
vn 0.4719 -0.2013 0.8584
vn 0.1068 -0.2989 0.9483
vn -0.7829 -0.4059 -0.4716
vn -0.9404 -0.1052 0.3234
vn -0.9831 -0.0076 -0.1832
vn -0.8338 -0.4075 0.3724
vn -0.4890 -0.2322 0.8408
vn -0.7455 -0.4187 0.5186
vn -0.8945 -0.4449 0.0443
vn -0.8802 -0.4745 0.0105
vn -0.5055 0.2203 0.8342
vn -0.3743 0.5872 0.7177
vn -0.8771 0.4501 0.1677
vn 0.1906 -0.0832 -0.9781
vn 0.8345 -0.3861 -0.3930
vn 0.7367 -0.3691 -0.5666
vn -0.4297 0.2333 -0.8723
vn 0.0196 -0.0397 -0.9990
vn -0.4085 0.1615 -0.8984
vn -0.0828 -0.1310 -0.9879
vn -0.3448 0.2312 -0.9098
vn 0.4150 -0.3955 -0.8194
vn -0.7327 -0.3745 -0.5683
vn -0.8304 -0.3920 -0.3959
vn -0.1858 -0.0847 -0.9789
vn -0.4096 -0.3990 -0.8204
vn -0.0153 -0.0397 -0.9991
vn 0.4114 0.1639 -0.8966
vn 0.3476 0.2337 -0.9081
vn 0.4326 0.2375 -0.8697
vn 0.9040 -0.1469 -0.4014
vn 0.8926 -0.1865 -0.4104
vn 0.9039 -0.0834 -0.4195
vn 0.8731 -0.2675 -0.4076
vn 0.8136 -0.3546 -0.4607
vn 0.7563 -0.4335 -0.4899
vn 0.5693 -0.5638 -0.5983
vn 0.4199 -0.6093 -0.6726
vn -0.0000 -0.6747 -0.7380
vn 0.2277 -0.6450 -0.7295
vn -0.0000 -0.6971 -0.7170
vn -0.2277 -0.6450 -0.7295
vn -0.4191 -0.6081 -0.6742
vn -0.5693 -0.5638 -0.5983
vn -0.7552 -0.4328 -0.4923
vn -0.8136 -0.3546 -0.4607
vn -0.8720 -0.2672 -0.4101
vn -0.8914 -0.1864 -0.4132
vn -0.9029 -0.1467 -0.4040
vn -0.9050 -0.0837 -0.4172
vn -0.0031 0.7507 0.6607
vn 0.2258 0.7954 0.5625
vn 0.2695 0.7327 0.6250
vn -0.0030 0.8690 0.4947
vn 0.1547 0.9070 0.3917
vn -0.0029 0.9159 0.4013
vn -0.1604 0.9061 0.3916
vn -0.2321 0.7942 0.5615
vn -0.2755 0.7307 0.6246
vn -0.1097 -0.9471 0.3015
vn -0.1268 -0.9468 0.2958
vn 0.1077 -0.0038 0.9942
vn 0.0836 0.2235 0.9711
vn 0.1172 -0.0000 0.9931
vn 0.0640 0.3378 0.9390
vn -0.0202 0.4701 0.8824
vn -0.0505 0.6012 0.7975
vn -0.0000 0.3738 0.9275
vn -0.0000 0.1743 0.9847
vn 0.0233 0.4716 0.8815
vn 0.0549 0.6020 0.7966
vn -0.0805 0.2250 0.9710
vn -0.0592 0.3396 0.9387
vn -0.1077 -0.0038 0.9942
vn -0.1172 -0.0000 0.9931
vn 0.1203 0.9474 -0.2965
vn 0.1017 0.6441 0.7582
vn 0.0998 0.6367 0.7646
vn 0.2098 0.6004 0.7717
vn 0.3479 0.5745 0.7409
vn 0.5350 0.3973 0.7456
vn 0.6218 0.2739 0.7337
vn 0.6858 -0.0803 0.7233
vn 0.6638 -0.2670 0.6986
vn 0.5012 -0.5861 0.6366
vn 0.3449 -0.6728 0.6545
vn 0.2049 -0.7692 0.6053
vn 0.2005 -0.7331 0.6500
vn 0.0193 0.9442 -0.3288
vn -0.4483 -0.7941 -0.4105
vn -0.4521 -0.8461 -0.2823
vn -0.4472 -0.8816 -0.1510
vn 0.9365 -0.2917 0.1947
vn 0.9228 -0.3759 0.0842
vn 0.8504 -0.5119 0.1216
vn 0.9912 -0.0027 0.1326
vn 0.9715 -0.0000 0.2369
vn 0.9926 0.1191 0.0227
vn 0.9923 0.1241 0.0034
vn 0.9996 0.0274 0.0006
vn 0.0151 -0.7392 -0.6733
vn 0.0114 -0.8523 -0.5229
vn -0.0061 -0.7259 -0.6878
vn 0.0523 -0.9588 -0.2793
vn 0.0610 -0.9935 -0.0965
vn 0.1113 -0.9915 -0.0679
vn 0.0194 -0.9992 -0.0336
vn 0.0061 -0.9995 -0.0301
vn 0.0056 -0.9989 -0.0461
vn 0.0107 -0.9955 -0.0939
vn 0.0027 -0.9977 0.0676
vn -0.0000 -0.9532 -0.3024
vn -0.0810 -0.9584 -0.2737
vn -0.0000 -0.9496 -0.3134
vn 0.0810 -0.9584 -0.2737
vn -0.0000 -0.9560 -0.2934
vn -0.1030 -0.9719 -0.2118
vn -0.0821 -0.9666 -0.2426
vn -0.1108 -0.9734 -0.2006
vn 0.0093 -0.9970 -0.0763
vn 0.1100 -0.9735 -0.2006
vn -0.0093 -0.9970 -0.0763
vn 0.1030 -0.9717 -0.2125
vn 0.0821 -0.9666 -0.2426
vn 0.0027 -0.9977 0.0677
vn -0.0423 -0.9985 0.0339
vn -0.6760 -0.6595 -0.3288
vn 0.1945 -0.9561 -0.2194
vn 0.0055 -0.8617 -0.5074
vn -0.6788 -0.7127 -0.1766
vn -0.0261 -0.9704 -0.2399
vn 0.1434 -0.9886 -0.0469
vn 0.0423 -0.9985 0.0339
vn -0.0000 -1.0000 -0.0023
vn -0.0000 -1.0000 0.0055
vn 0.0254 -0.9701 -0.2414
vn 0.6784 -0.7133 -0.1760
vn 0.6760 -0.6594 -0.3288
vn -0.0055 -0.8618 -0.5073
vn 0.5929 -0.8053 0.0030
vn 0.5494 -0.7243 -0.4165
vn -0.0027 -0.9977 0.0681
vn -0.0107 -0.9955 -0.0938
vn -0.0061 -0.9995 -0.0301
vn -0.0299 -0.9985 -0.0460
vn -0.0179 -0.9993 -0.0335
vn -0.0610 -0.9935 -0.0965
vn -0.1114 -0.9915 -0.0679
vn -0.0523 -0.9588 -0.2793
vn -0.0114 -0.8523 -0.5229
vn -0.0158 -0.7392 -0.6733
vn 0.0061 -0.7259 -0.6878
vn 0.7722 0.3532 0.5281
vn 0.6402 0.5428 0.5437
vn 0.8275 0.2862 0.4830
vn 0.5884 0.6021 0.5397
vn 0.4292 0.6335 0.6438
vn 0.4253 0.5518 0.7174
vn -0.0000 0.6936 0.7204
vn -0.0000 0.7673 0.6413
vn -0.4292 0.6335 0.6438
vn -0.4252 0.5518 0.7174
vn -0.5884 0.6021 0.5397
vn -0.6402 0.5428 0.5437
vn -0.7722 0.3532 0.5281
vn -0.8275 0.2862 0.4830
vn -0.9094 0.2614 0.3234
vn -0.9286 0.3145 0.1970
vn -0.9841 0.1652 0.0656
vn -0.9994 0.0187 -0.0290
vn -0.9879 -0.1201 -0.0976
vn -0.9756 -0.1995 -0.0915
vn 0.9994 0.0187 -0.0290
vn 0.9756 -0.1996 -0.0913
vn 0.9879 -0.1202 -0.0976
vn 0.9841 0.1651 0.0656
vn 0.9286 0.3145 0.1969
vn 0.9094 0.2615 0.3234
vn 0.0521 0.8176 0.5734
vn 0.0763 0.8091 0.5826
vn -0.0284 0.8199 0.5719
vn 0.1195 0.7994 0.5888
vn 0.0351 0.7852 0.6183
vn 0.0791 0.7773 0.6241
vn -0.1735 0.7319 0.6589
vn -0.3025 0.7493 0.5891
vn 0.8286 -0.5558 -0.0679
vn 0.8032 -0.5906 -0.0785
vn 0.8284 -0.5561 -0.0679
vn 0.8528 -0.5191 -0.0572
vn 0.1266 -0.9466 0.2964
vn 0.1098 -0.9471 0.3015
vn 0.1268 -0.9471 0.2949
vn 0.1266 -0.9467 0.2961
vn -0.3449 -0.6728 0.6545
vn -0.2005 -0.7330 0.6500
vn -0.2049 -0.7692 0.6053
vn -0.5013 -0.5860 0.6366
vn -0.6638 -0.2670 0.6986
vn -0.6858 -0.0801 0.7233
vn -0.6218 0.2739 0.7337
vn -0.5350 0.3973 0.7456
vn -0.3479 0.5745 0.7409
vn -0.2098 0.6004 0.7717
vn -0.1024 0.6440 0.7581
vn -0.0998 0.6367 0.7646
vn -0.4472 0.8942 -0.0195
vn -0.4472 0.8942 -0.0194
vn -0.9923 0.1239 0.0034
vn -0.9996 0.0275 0.0001
vn -0.9926 0.1190 0.0231
vn -0.9912 -0.0027 0.1322
vn -0.9715 -0.0000 0.2369
vn -0.9367 -0.2913 0.1944
vn -0.9227 -0.3761 0.0844
vn -0.8504 -0.5119 0.1219
vn -0.4472 -0.8944 0.0015
vn -0.4472 -0.8944 0.0016
vn -0.0521 0.8169 0.5744
vn 0.0283 0.8190 0.5731
vn -0.0763 0.8091 0.5826
vn -0.1188 0.7994 0.5889
vn -0.0351 0.7859 0.6173
vn -0.0791 0.7780 0.6232
vn 0.1732 0.7305 0.6606
vn 0.3025 0.7493 0.5891
vn -0.1068 -0.2989 0.9483
vn 0.9948 -0.0938 -0.0394
vn 0.2705 0.4413 0.8556
vn 0.3890 0.1100 0.9147
vn 0.2206 -0.5358 0.8150
vn 0.2631 0.0082 0.9647
vn 0.2618 0.0084 0.9651
vn 0.0816 0.9229 0.3764
vn 0.0834 0.9227 0.3763
vn 0.0847 0.9226 0.3764
vn 0.1191 0.9928 -0.0105
vn 0.0369 0.9076 0.4183
vn -0.0000 0.9998 0.0200
vn -0.0000 0.9998 0.0203
vn 0.7063 -0.7060 -0.0514
vn -0.7063 -0.7061 -0.0514
vn 0.6255 -0.7802 -0.0002
vn -0.6255 -0.7802 -0.0002
vn 0.9156 -0.2326 -0.3281
vn -0.0834 0.9227 0.3763
vn 0.2776 -0.3894 0.8782
vn -0.0224 0.9021 0.4310
vn -0.0000 0.9975 -0.0709
vn -0.2739 0.4338 0.8584
vn -0.0000 0.9962 0.0872
vn -0.2272 -0.5153 0.8263
vn -0.0022 0.9974 -0.0715
vn -0.0025 0.9975 -0.0706
vn -0.1041 0.9945 0.0079
vn 0.0056 0.9628 0.2703
vn -0.2153 0.9711 -0.1030
vn -0.0000 0.5084 0.8611
vn 1.0000 -0.0000 0.0013
vn 1.0000 -0.0000 0.0010
vn 1.0000 -0.0001 0.0013
vn 1.0000 -0.0000 0.0011
vn 1.0000 -0.0000 0.0014
vn -0.0000 -0.0021 1.0000
vn -0.0000 -0.0018 1.0000
vn -0.0001 -0.2556 0.9668
vn 0.0002 -0.2556 0.9668
vn 0.0001 -0.2556 0.9668
vn -0.0000 -0.2558 0.9667
vn -0.9947 -0.0854 -0.0568
vn -0.9909 -0.1270 -0.0439
vn -0.9912 -0.1011 -0.0858
vn -0.9985 -0.0544 -0.0001
vn -0.0000 -0.4926 -0.8703
vn 1.0000 -0.0000 0.0012
vn 1.0000 -0.0000 0.0003
vn -0.0000 0.8506 0.5258
vn -0.0000 0.8508 0.5256
vn -0.0000 -0.9977 -0.0684
vn -0.0000 -0.9976 -0.0696
vn -0.0000 -0.9976 -0.0685
vn -0.0000 -0.9976 -0.0697
vn -0.0000 -0.9980 -0.0627
vn -0.0000 -1.0000 -0.0012
vn -0.0000 -1.0000 -0.0019
vn -0.0000 -1.0000 -0.0018
vn -0.0000 -1.0000 -0.0027
vn 0.6608 -0.7299 0.1749
vn 0.6608 -0.7298 0.1753
vn 0.6772 -0.7214 0.1445
vn 0.6607 -0.7299 0.1754
vn -0.0000 -1.0000 -0.0011
vn -1.0000 -0.0000 -0.0003
vn -1.0000 -0.0000 -0.0011
vn -0.1381 0.9766 0.1651
vn -0.1084 0.9650 0.2387
vn -0.1380 0.9766 0.1651
vn -0.0000 0.9902 0.1395
vn -0.0000 0.9901 0.1407
vn -0.0000 0.9902 0.1398
vn -0.0000 0.7703 0.6377
vn -0.0000 0.7325 0.6808
vn -0.0000 0.7327 0.6806
vn -0.0000 0.9992 0.0412
vn -0.0000 -0.7733 -0.6340
vn -0.0000 -0.7734 -0.6339
vn -0.0000 -0.7735 -0.6338
vn -0.0000 0.6202 0.7844
vn -0.0000 0.6431 0.7658
vn -0.0000 0.9927 0.1206
vn -0.0000 0.7789 0.6272
vn -0.0000 0.7306 0.6828
vn -0.0000 0.9998 0.0221
vn 0.1106 -0.9918 0.0645
vn 0.1106 -0.9918 0.0646
vn 0.1206 -0.9916 0.0476
vn 0.1107 -0.9918 0.0642
vn -0.1854 0.0076 0.9826
vn -0.1823 -0.0284 0.9828
vn -0.1853 0.0076 0.9826
vn -0.0000 0.9900 0.1410
vn -0.0000 0.9902 0.1396
vn -0.0000 0.9902 0.1399
vn -0.0000 0.9900 0.1411
vn -0.0000 -0.8547 -0.5190
vn -0.0000 -0.8550 -0.5186
vn -0.0000 -0.8547 -0.5191
vn -0.0000 0.0357 -0.9994
vn -0.0000 1.0000 0.0054
vn 0.0019 0.0491 0.9988
vn 0.0019 0.0492 0.9988
vn 0.0018 0.0492 0.9988
vn 0.0001 0.0003 -1.0000
vn -0.0000 0.0007 -1.0000
vn -0.0000 0.0008 -1.0000
vn 0.0002 0.0002 -1.0000
vn -0.0000 1.0000 0.0011
vn -0.0000 1.0000 0.0018
vn -0.0000 1.0000 0.0027
vn -0.0000 0.0017 -1.0000
vn 0.9421 0.0010 -0.3353
vn 0.9420 0.0008 -0.3356
vn 0.9419 0.0007 -0.3359
vn 0.9420 0.0006 -0.3355
vn -0.0000 0.0018 -1.0000
vn -0.9430 -0.0015 0.3328
vn -0.9430 -0.0014 0.3328
vn -0.9430 -0.0014 0.3327
vn -0.9429 -0.0017 0.3330
vn 0.0046 -0.0000 1.0000
vn 0.0044 -0.0002 1.0000
vn 0.0040 -0.0000 1.0000
vn 0.0221 -0.0000 -0.9998
vn 0.0217 -0.0000 -0.9998
vn 0.0219 -0.0000 -0.9998
vn 0.9876 0.1567 -0.0003
vn 0.9876 0.1569 0.0002
vn 0.9876 0.1568 0.0002
vn -0.4147 0.9100 0.0005
vn -0.4147 0.9100 0.0004
vn -0.4142 0.9102 0.0004
vn 0.9858 0.1679 -0.0001
vn 0.9858 0.1679 -0.0000
vn 0.9685 0.2491 0.0004
vn 0.9858 0.1679 -0.0002
vn 0.9685 0.2492 0.0002
vn 0.9685 0.2489 0.0006
vn 0.9783 0.2012 0.0492
vn 0.9783 0.2012 0.0491
vn -0.1052 0.9945 0.0005
vn -0.1052 0.9944 0.0005
vn 0.1052 -0.9945 -0.0005
vn 0.1053 -0.9944 -0.0010
vn -0.0001 -0.0000 1.0000
vn 0.0002 -0.0000 1.0000
vn 0.0098 -0.0261 0.9996
vn 0.0099 -0.0259 0.9996
vn 0.0097 -0.0258 0.9996
vn -0.3616 0.9323 0.0012
vn -0.3619 0.9322 0.0004
vn -0.3617 0.9323 0.0010
vn -0.9322 -0.3620 0.0005
vn -0.9322 -0.3619 -0.0003
vn -0.9322 -0.3620 -0.0012
vn 0.9044 0.4268 0.0003
vn 0.9043 0.4268 0.0012
vn -0.6621 -0.0000 0.7494
vn -0.6624 -0.0000 0.7491
vn -0.0000 -0.9976 -0.0691
vn -0.0000 0.6077 0.7942
vn -0.0145 0.6211 0.7836
vn -0.0023 -0.2552 0.9669
vn -0.0000 0.9860 0.1667
vn -0.2229 0.1625 -0.9612
vn 1.0000 -0.0015 -0.0002
vn 1.0000 -0.0015 -0.0001
vn -0.1526 -0.9882 -0.0116
vn -0.1529 -0.9882 -0.0116
vn -1.0000 0.0011 0.0002
vn -0.9997 -0.0180 0.0191
vn -1.0000 0.0013 0.0001
vn -0.0000 0.9928 0.1197
vn -0.0000 0.9928 0.1196
vn 0.0001 0.9928 0.1196
vn 0.0001 0.9928 0.1197
vn -0.1221 -0.9897 0.0749
vn -0.1221 -0.9897 0.0747
vn -0.1167 -0.9911 0.0645
vn -0.1222 -0.9897 0.0748
vn 0.1534 -0.9881 -0.0087
vn 0.1534 -0.9881 -0.0086
vn 0.1532 -0.9882 -0.0086
vn -0.1137 0.2338 0.9656
vn -0.0721 0.1622 0.9841
vn -0.1137 0.2335 0.9657
vn -0.0000 0.9998 0.0207
vn -0.0000 -0.6120 -0.7908
vn -0.0000 -0.6120 -0.7909
vn -0.0000 -0.6119 -0.7909
vn -0.0000 -0.6119 -0.7910
vn -0.0000 -1.0000 0.0011
vn -0.0000 -1.0000 0.0014
vn -0.0000 0.8509 0.5253
vn -0.0000 0.9904 0.1382
vn -0.0000 0.9902 0.1394
vn -0.0000 -0.8188 -0.5741
vn -0.0000 -0.9967 -0.0816
vn 0.1213 0.1655 0.9787
vn 0.1228 0.1655 0.9785
vn 0.0961 0.2060 0.9738
vn 0.1227 0.1655 0.9785
vn 0.0053 1.0000 -0.0008
vn 0.0054 1.0000 0.0001
vn 0.0054 1.0000 0.0005
vn 0.0053 1.0000 -0.0001
vn 0.0900 0.0759 -0.9930
vn 0.0773 0.0433 -0.9961
vn 0.0899 0.0758 -0.9931
vn 0.4455 -0.8953 -0.0010
vn 0.4455 -0.8953 -0.0004
vn 0.4455 -0.8953 0.0001
vn 0.1648 0.0038 0.9863
vn 0.1644 0.0038 0.9864
vn 0.1000 0.0556 0.9934
vn 0.1645 0.0040 0.9864
vn 0.8725 0.4886 0.0003
vn 0.8726 0.4885 -0.0003
vn 0.1892 -0.0279 0.9815
vn 0.1770 0.0076 0.9842
vn 0.1083 0.9650 0.2388
vn 0.1083 0.9650 0.2387
vn 0.1380 0.9766 0.1651
vn 0.1085 0.9650 0.2387
vn 0.2229 0.1625 -0.9612
vn 0.2229 0.1626 -0.9612
vn -0.0000 -1.0000 -0.0000
vn -0.9925 -0.1221 -0.0000
vn -0.9924 -0.1228 -0.0000
vn -0.9925 -0.1222 -0.0000
vn -0.0000 -1.0000 0.0002
vn 0.9925 -0.1225 0.0007
vn 0.9925 -0.1223 0.0007
vn 0.9925 -0.1221 0.0007
vn 0.9924 -0.1230 0.0010
vn 0.9955 0.0952 -0.0013
vn 0.9954 0.0954 -0.0012
vn 0.9954 0.0953 -0.0014
vn 0.9955 0.0952 -0.0015
vn -0.0000 0.9999 -0.0153
vn -0.0000 0.9999 -0.0156
vn -0.9955 0.0952 -0.0009
vn -0.9954 0.0954 -0.0013
vn -0.9954 0.0954 -0.0007
vn -0.9955 0.0952 -0.0008
vn -0.9967 -0.0031 -0.0809
vn 0.7850 0.6147 0.0771
vn 0.5529 0.8269 0.1026
vn 0.9751 0.2219 0.0038
vn 0.5455 0.8381 0.0057
vn -0.0172 -0.7125 -0.7015
vn -0.0172 -0.7127 -0.7012
vn -0.0171 -0.7126 -0.7013
vn 0.9200 -0.3918 -0.0004
vn -0.0080 -0.0000 1.0000
vn 1.0000 0.0001 -0.0000
vn 1.0000 0.0002 -0.0000
vn 1.0000 0.0001 -0.0002
vn 1.0000 -0.0000 -0.0006
vn 1.0000 -0.0000 -0.0007
vn 0.9750 0.2220 0.0038
vn 0.9989 -0.0000 -0.0462
vn 0.9956 -0.0000 -0.0938
vn -0.1138 0.1559 0.9812
vn -0.9997 -0.0225 0.0092
vn -0.9997 -0.0225 0.0027
vn -1.0000 -0.0051 -0.0046
vn -0.9998 -0.0210 0.0042
vn -1.0000 -0.0000 -0.0008
vn -0.9998 -0.0000 -0.0200
vn 1.0000 -0.0001 -0.0002
vn 1.0000 -0.0001 0.0002
vn 1.0000 -0.0000 -0.0001
vn 1.0000 -0.0000 -0.0002
vn 0.0373 0.9980 -0.0504
vn -1.0000 -0.0001 -0.0002
vn -1.0000 -0.0000 0.0002
vn -1.0000 -0.0000 -0.0002
vn -1.0000 0.0001 -0.0001
vn 0.0015 0.1595 0.9872
vn 0.1442 0.8740 0.4641
vn -0.0313 0.7487 0.6621
vn -0.0214 0.2174 0.9758
vn -0.1320 0.7488 0.6495
vn 0.0015 0.1596 0.9872
vn -0.0139 0.1791 0.9837
vn 0.0115 0.6211 0.7836
vn 0.0146 0.6211 0.7836
vn -0.0000 0.0408 -0.9992
vn 0.0001 0.0408 -0.9992
vn -0.0227 -0.9978 0.0625
vn -0.0562 -0.9981 0.0236
vn -0.0343 -0.9960 0.0820
vn -0.0229 -0.9938 0.1091
vn -0.0576 -0.9910 0.1211
vn -0.1633 0.9810 0.1045
vn -0.1320 0.7487 0.6496
vn -0.0312 0.7487 0.6622
vn 0.0557 0.9925 0.1085
vn 0.1412 0.8745 0.4641
vn 0.1480 0.9819 0.1182
vn 0.1273 0.1787 0.9756
vn -0.7174 0.6966 0.0004
vn -0.4989 0.8666 -0.0003
vn -0.7173 0.6967 0.0011
vn -0.4990 0.8666 0.0004
vn -0.2418 0.9703 -0.0004
vn -0.2418 0.9703 0.0005
vn 0.2067 0.4826 0.8511
vn 0.0831 0.9200 0.3830
vn 0.2281 0.3342 0.9145
vn 0.0977 0.9618 0.2557
vn -0.1335 0.9308 -0.3403
vn -0.0915 0.8728 -0.4795
vn -0.2976 0.3793 -0.8761
vn -0.2278 0.2777 -0.9333
vn -0.2785 -0.3342 -0.9004
vn -0.2228 -0.4826 -0.8470
vn -0.0442 0.2952 -0.9544
vn -0.0668 -0.3945 -0.9165
vn 0.0389 0.2346 -0.9713
vn 0.0686 -0.4649 -0.8827
vn -0.1300 0.3360 -0.9329
vn 0.1072 -0.5414 -0.8339
vn -0.0790 0.2796 -0.9569
vn 0.0981 -0.4520 -0.8866
vn 0.0698 0.2515 -0.9653
vn 0.1106 -0.5177 -0.8484
vn 0.0675 0.3170 -0.9460
vn 0.2503 -0.4620 -0.8508
vn 0.2469 -0.0598 -0.9672
vn -0.0809 0.6609 -0.7461
vn -0.1184 0.9079 -0.4021
vn -0.2365 0.9708 -0.0397
vn -0.1823 0.9486 0.2586
vn -0.3158 0.8052 0.5019
vn -0.2230 0.5258 0.8209
vn -0.2224 0.1533 0.9628
vn -0.0061 0.9446 -0.3281
vn -0.0824 0.9397 0.3319
vn -0.1027 0.5266 0.8439
vn -0.1739 0.9123 0.3707
vn -0.0725 0.4724 0.8784
vn -0.2148 0.9326 0.2899
vn -0.0786 0.4758 0.8760
vn -0.0252 0.9761 0.2159
vn -0.0641 0.4730 0.8787
vn 0.1084 0.9744 0.1969
vn 0.1217 0.5633 0.8173
vn -0.1965 0.8642 -0.4632
vn -0.2251 0.8552 -0.4669
vn 0.0084 0.8405 -0.5417
vn 0.0336 0.8804 -0.4730
vn -0.2228 -0.4827 -0.8470
vn -0.0915 -0.9190 -0.3835
vn -0.0740 -0.9794 -0.1878
vn 0.1083 -0.9321 0.3457
vn 0.0678 -0.8723 0.4842
vn 0.2327 -0.3833 0.8938
vn 0.1892 -0.2834 0.9402
vn 0.2281 0.3341 0.9145
vn 0.2068 0.4826 0.8511
vn 0.0321 -0.3125 0.9494
vn 0.1217 0.5632 0.8173
vn -0.0054 -0.4046 0.9145
vn -0.0641 0.4729 0.8788
vn 0.1140 -0.3020 0.9465
vn 0.0908 -0.3165 0.9442
vn -0.0782 -0.4519 0.8886
vn -0.1026 0.5265 0.8440
vn -0.0977 -0.3154 0.9439
vn -0.2230 0.5257 0.8209
vn 0.1486 -0.5368 0.8305
vn 0.1450 -0.8504 0.5058
vn 0.5250 -0.8353 0.1632
vn 0.2987 -0.9135 -0.2762
vn 0.5306 -0.6528 -0.5406
vn 0.2503 -0.4621 -0.8508
vn 0.2469 -0.0599 -0.9672
vn -0.0046 -0.9575 0.2884
vn 0.0789 -0.9362 -0.3426
vn 0.1755 -0.9079 -0.3807
vn 0.0981 -0.4521 -0.8866
vn 0.2167 -0.9050 -0.3662
vn 0.0588 -0.9562 -0.2869
vn 0.0686 -0.4650 -0.8826
vn -0.1007 -0.9759 -0.1938
vn 0.1755 -0.9235 0.3410
vn 0.2079 -0.8354 0.5088
vn -0.0027 -0.8553 0.5181
vn -0.0320 -0.8842 0.4661
vn -0.0000 -0.2653 -0.9642
vn -0.0000 -0.2650 -0.9642
vn -0.0000 1.0000 0.0085
vn -0.0000 1.0000 0.0086
vn -0.0000 0.9983 0.0580
vn -0.0000 0.9983 0.0591
vn -0.0000 0.9983 0.0589
vn 1.0000 0.0046 -0.0000
vn 0.9999 0.0065 -0.0130
vn 1.0000 0.0045 -0.0000
vn 0.9995 -0.0051 0.0299
vn -0.0000 -0.0002 1.0000
vn -0.0000 -0.0001 1.0000
vn -0.9995 0.0053 -0.0309
vn -0.9995 0.0055 -0.0310
vn -0.9988 -0.0477 -0.0137
vn -0.9988 -0.0496 0.0038
vn 0.9780 -0.2079 0.0176
vn -0.0000 1.0000 0.0070
vn -0.0000 0.9983 0.0582
vn 0.9977 -0.0671 -0.0046
vn 0.9977 -0.0671 -0.0042
vn -0.0000 -0.9988 -0.0498
vn -0.0000 -0.9988 -0.0497
vn -0.0001 0.0408 -0.9992
vn -0.9992 -0.0004 -0.0404
vn -0.9977 -0.0671 -0.0042
vn -0.0000 -0.0001 -1.0000
vn -0.0000 -0.0094 -1.0000
vn -0.0127 -0.9977 0.0671
vn -0.0000 -0.9970 0.0771
vn -0.0317 -0.9970 0.0713
vn -0.0706 -0.9949 0.0721
vn -0.1476 -0.9820 0.1175
vn -0.1854 -0.9733 0.1354
vn -0.2539 -0.9479 0.1924
vn -0.0786 -0.9958 -0.0470
vn 0.0010 -0.9983 -0.0578
vn -0.0404 -0.9972 -0.0636
vn 0.0023 -0.9985 -0.0544
vn -0.1137 -0.9922 -0.0507
vn 0.0053 -0.9985 -0.0536
vn 0.1236 -0.9908 -0.0556
vn 0.0832 -0.9954 -0.0484
vn 0.0435 -0.9970 -0.0634
vn 0.0023 -0.9983 -0.0578
vn -0.9948 -0.0938 -0.0394
vn -0.9985 0.0484 -0.0254
vn -0.9985 0.0484 -0.0255
vn -0.9933 0.0938 -0.0674
vn -0.9996 0.0217 0.0185
vn -0.9992 0.0359 0.0159
vn -0.9993 0.0343 0.0157
vn -0.9994 0.0316 0.0134
vn -0.9999 -0.0010 0.0159
vn -0.7089 -0.3251 0.6260
vn -0.0000 1.0000 0.0002
vn -0.0000 1.0000 0.0005
vn -0.0000 1.0000 -0.0003
vn -0.0003 1.0000 0.0005
vn -0.0009 1.0000 0.0005
vn -0.0008 1.0000 -0.0003
vn -0.0000 1.0000 0.0012
vn -0.4756 0.8723 -0.1135
vn -0.3547 0.9303 -0.0931
vn -0.4762 0.8721 -0.1130
vn -0.3646 0.9280 -0.0768
vn -0.9322 -0.3618 -0.0003
vn -0.3868 -0.9222 -0.0000
vn -0.9252 -0.3794 -0.0000
vn -0.3856 -0.9227 -0.0000
vn -0.9255 -0.3787 -0.0000
vn -0.9239 0.3827 -0.0000
vn -0.9242 0.3820 -0.0000
vn -0.3822 0.9241 -0.0000
vn -0.3835 0.9236 -0.0000
vn 0.3836 0.9235 -0.0000
vn 0.3823 0.9241 -0.0000
vn 0.3823 0.9240 -0.0000
vn 0.9239 0.3827 -0.0000
vn 0.9241 0.3821 -0.0000
vn 0.9484 -0.3171 -0.0000
vn 0.9483 -0.3174 -0.0000
vn 0.4451 -0.8955 -0.0000
vn 0.4461 -0.8950 -0.0000
vn -0.3854 -0.9227 -0.0000
vn -0.3867 -0.9222 -0.0000
vn -0.0000 0.1892 0.9819
vn -0.0229 0.1892 0.9817
vn 0.9997 0.0253 -0.0000
vn 0.9999 0.0088 0.0091
vn 0.9999 0.0099 0.0109
vn 0.9998 0.0198 0.0077
vn 0.9997 0.0248 0.0017
vn 0.9997 0.0233 -0.0015
vn 1.0000 0.0080 0.0031
vn 1.0000 0.0081 0.0038
vn 1.0000 0.0092 0.0036
vn 0.9999 0.0122 0.0084
vn 0.9999 0.0122 0.0080
vn 1.0000 0.0091 0.0008
vn 0.9999 0.0137 -0.0061
vn 1.0000 0.0061 -0.0061
vn 1.0000 -0.0074 -0.0003
vn 0.9379 0.3447 0.0385
vn 0.8264 0.1652 -0.5384
vn 0.7206 0.2552 0.6446
vn -0.2340 0.9722 0.0113
vn 0.9801 0.1591 -0.1184
vn -0.1003 0.9902 -0.0970
vn -0.1007 0.9902 -0.0970
vn 0.8445 -0.3310 -0.4210
vn -0.9945 0.0920 0.0491
vn 0.8547 0.0450 0.5172
vn 0.8552 0.0450 0.5164
vn -0.9937 -0.1123 -0.0059
vn -0.9216 -0.3872 -0.0271
vn -0.9216 -0.3872 -0.0284
vn 0.3890 0.1100 0.9146
vn -0.8974 -0.3482 -0.2711
vn -0.8974 -0.3480 -0.2711
vn 0.0023 -0.0049 -1.0000
vn 0.2515 0.1250 -0.9598
vn -0.0028 -0.0062 -1.0000
vn -0.0030 -0.0061 -1.0000
vn -0.0027 -0.0061 -1.0000
vn -0.0069 -0.0000 -1.0000
vn -0.0019 0.0164 -0.9999
vn 0.9833 0.1562 -0.0936
vn -0.9567 0.2907 -0.0173
vn -0.9566 0.2907 -0.0178
vn -0.9567 0.2907 -0.0174
vn 0.9810 0.1558 -0.1153
vn -0.9810 0.1558 -0.1153
vn 0.9567 0.2907 -0.0178
vn -0.9834 0.1560 -0.0928
vn -0.9832 0.1562 -0.0941
vn -0.9834 0.1562 -0.0928
vn -0.2515 0.1249 -0.9598
vn -0.2631 0.0082 0.9647
vn -0.0023 -0.0049 -1.0000
vn -0.0037 -0.0050 -1.0000
vn -0.0008 -0.0050 -1.0000
vn -0.3890 0.1100 0.9146
vn 0.8974 -0.3485 -0.2706
vn 0.8975 -0.3484 -0.2703
vn 0.9937 -0.1123 -0.0059
vn 0.9216 -0.3872 -0.0278
vn 0.9945 0.0920 0.0492
vn 0.9999 -0.0000 0.0125
vn 0.9999 0.0001 0.0127
vn 0.9999 -0.0000 0.0127
vn 0.9987 -0.0095 -0.0491
vn 0.9990 0.0438 0.0118
vn 0.9988 -0.0094 -0.0489
vn -0.8550 0.0449 0.5167
vn 0.1003 0.9902 -0.0970
vn -0.8445 -0.3310 -0.4210
vn 0.2340 0.9722 0.0113
vn -0.9801 0.1591 -0.1184
vn -0.9802 0.1589 -0.1181
vn -0.0000 0.9998 0.0199
vn -0.7203 0.2553 0.6450
vn -0.7206 0.2552 0.6446
vn -0.1190 0.9928 -0.0105
vn 0.0064 -0.0030 -1.0000
vn 0.0068 -0.0032 -1.0000
vn 0.0064 -0.0029 -1.0000
vn 0.0066 -0.0031 -1.0000
vn 0.0063 -0.0030 -1.0000
vn 0.0056 -0.0006 -1.0000
vn 0.0054 -0.0005 -1.0000
vn 0.0061 -0.0011 -1.0000
vn 0.0058 -0.0012 -1.0000
vn 0.0061 -0.0012 -1.0000
vn 0.0060 -0.0017 -1.0000
vn -0.0029 1.0000 -0.0015
vn 0.8469 0.5318 0.0031
vn -0.7453 -0.6606 -0.0900
vn -0.7042 0.6945 -0.1472
vn -0.8471 0.5267 -0.0702
vn -0.0023 0.9951 -0.0992
vn -0.0019 0.9873 -0.1587
vn 0.7028 0.6979 -0.1381
vn -0.8490 0.5283 -0.0061
vn -0.8331 -0.5532 -0.0045
vn -1.0000 -0.0015 -0.0061
vn -1.0000 -0.0017 -0.0046
vn -1.0000 -0.0018 -0.0061
vn 0.5237 0.8317 0.1842
vn 0.4185 0.8848 0.2049
vn 0.5536 0.8140 0.1759
vn 0.6161 0.7713 0.1595
vn 0.6106 0.7755 0.1603
vn -0.6222 0.7681 0.1514
vn -0.6162 0.7726 0.1527
vn -0.5600 0.8108 0.1701
vn -0.5303 0.8293 0.1763
vn -0.4259 0.8822 0.2006
vn 0.4524 0.8914 0.0275
vn 0.4521 0.8916 0.0244
vn 0.4525 0.8914 0.0246
vn 0.4527 0.8912 0.0273
vn 0.1610 -0.0028 -0.9869
vn 0.1607 -0.0028 -0.9870
vn 0.1609 -0.0028 -0.9870
vn -0.1478 -0.0033 -0.9890
vn -0.1481 -0.0034 -0.9890
vn -0.1478 -0.0032 -0.9890
vn 0.2771 0.6666 -0.6920
vn 0.4068 0.6583 -0.6333
vn 0.1346 0.8283 -0.5439
vn 0.4428 0.7048 -0.5542
vn 0.4552 0.0036 0.8904
vn 0.4551 0.0040 0.8905
vn 0.4553 0.0036 0.8903
vn 0.0014 0.8219 -0.5696
vn 0.0011 0.8219 -0.5696
vn 0.0011 0.8226 -0.5686
vn -0.0056 0.8936 0.4488
vn -0.0055 0.8936 0.4488
vn -0.4582 0.8887 0.0129
vn -0.4582 0.8888 0.0130
vn -0.4585 0.8886 0.0130
vn -0.4582 0.8887 0.0145
vn -0.4714 0.0020 0.8819
vn -0.4715 0.0018 0.8818
vn -0.4713 0.0020 0.8820
vn -0.4712 0.0019 0.8820
vn 0.0012 0.8219 -0.5696
vn 0.0012 0.8226 -0.5686
vn 0.0014 0.8225 -0.5687
vn -0.0054 0.8936 0.4488
vn -0.0053 0.8936 0.4488
vn -0.0057 0.8930 0.4500
vn -0.0055 0.8930 0.4500
vn -0.8264 0.1652 -0.5384
vn -0.8267 0.1653 -0.5378
vn -0.8261 0.1651 -0.5388
vn 0.1699 0.9854 -0.0057
vn -0.0026 0.9974 -0.0717
vn 0.2574 0.9392 0.2274
vn -0.0027 0.9995 0.0313
vn -0.0032 0.9992 0.0404
vn 0.1304 0.9790 0.1568
vn -0.2658 0.9376 0.2240
vn -0.0199 0.9993 0.0318
vn -0.1757 0.9844 -0.0072
vn -0.1639 0.9698 0.1805
vn -0.0393 0.9975 0.0580
vn 0.0326 0.9967 0.0744
vn 0.0315 0.9990 0.0313
vn 0.0025 0.9998 0.0206
vn 0.0022 0.9998 0.0206
vn -0.0063 0.9998 0.0214
vn -0.0064 0.9998 0.0213
vn -0.0212 0.9994 0.0290
vn -0.9380 0.3445 0.0377
vn -0.9381 0.3441 0.0392
vn -0.9378 0.3450 0.0392
vn 0.6557 0.7466 0.1122
vn 0.6560 0.7465 0.1111
vn 0.9322 -0.3620 -0.0010
vn 0.9322 -0.3619 0.0002
vn -0.6318 0.7684 0.1016
vn -0.6318 0.7685 0.1013
vn -0.6320 0.7684 0.1009
vn 0.7078 -0.3252 0.6271
vn 0.7084 -0.3249 0.6266
vn 0.7092 -0.3252 0.6255
vn 0.6260 -0.5671 -0.5353
vn 0.6263 -0.5669 -0.5351
vn 0.6251 -0.5661 -0.5374
vn 0.9948 -0.0938 -0.0397
vn 0.9948 -0.0938 -0.0385
vn 0.4845 -0.0018 -0.8748
vn 0.4853 -0.0020 -0.8744
vn 0.4857 -0.0019 -0.8741
vn -0.9780 -0.2079 0.0176
vn -1.0000 0.0046 -0.0000
vn -0.9995 -0.0051 0.0299
vn -0.9999 0.0065 -0.0130
vn -1.0000 0.0045 -0.0000
vn -0.4746 -0.0036 -0.8802
vn -0.4739 -0.0036 -0.8806
vn -0.1274 0.1787 0.9756
vn -0.6163 -0.5697 -0.5437
vn -0.6161 -0.5691 -0.5446
vn -0.6159 -0.5695 -0.5444
vn 0.0032 -1.0000 0.0092
vn 0.0031 -1.0000 0.0092
vn 0.0028 -0.9999 0.0099
vn 0.0029 -0.9999 0.0107
vn 0.0028 -1.0000 -0.0015
vn 0.0030 -1.0000 -0.0015
vn 0.0027 -1.0000 0.0046
vn 0.0028 -1.0000 0.0031
vn 0.0031 -1.0000 0.0053
vn 0.0030 -1.0000 0.0038
vn 0.0032 -1.0000 0.0039
vn 0.1135 0.1562 0.9812
vn 0.9935 0.0046 -0.1137
vn 0.9933 0.0045 -0.1152
vn 0.9935 0.0047 -0.1137
vn 0.9934 0.0046 -0.1144
vn 0.9933 0.0046 -0.1152
vn 0.9934 0.0046 -0.1145
vn -0.9964 -0.0058 -0.0847
vn -0.9963 -0.0057 -0.0862
vn -0.9964 -0.0057 -0.0847
vn -0.9957 0.0174 -0.0915
vn -0.9950 0.0289 -0.0958
vn -0.9924 0.0636 -0.1056
vn 0.3438 -0.0036 -0.9390
vn 0.3437 -0.0036 -0.9391
vn 0.5539 -0.0020 -0.8326
vn 0.5538 -0.0020 -0.8327
vn 0.8142 0.0009 -0.5806
vn 0.8139 0.0009 -0.5810
vn 0.8811 0.0019 -0.4730
vn 0.8809 0.0019 -0.4732
vn 0.0170 0.0086 0.9998
vn 0.0171 0.0087 0.9998
vn 0.0168 0.0080 0.9998
vn 0.0169 0.0080 0.9998
vn 0.0167 0.0073 0.9998
vn 0.0166 0.0073 0.9998
vn 0.0162 0.0060 0.9999
vn 0.0159 0.0060 0.9999
vn 0.0161 0.0059 0.9999
vn 0.0159 0.0059 0.9999
vn -0.8479 0.5249 0.0748
vn -0.0029 1.0000 -0.0046
vn 0.7027 0.7001 0.1267
vn 0.8205 -0.5573 0.1274
vn 0.8449 0.5326 0.0496
vn -0.0013 0.9957 0.0931
vn -0.0004 0.9887 0.1496
vn -0.7042 0.6947 0.1465
vn 0.8454 0.5339 -0.0153
vn -0.9999 -0.0053 0.0137
vn -0.9999 -0.0052 0.0137
vn -0.5329 0.8270 -0.1793
vn -0.4284 0.8801 -0.2045
vn -0.5627 0.8088 -0.1709
vn -0.6246 0.7658 -0.1530
vn -0.6189 0.7703 -0.1538
vn 0.6141 0.7707 -0.1702
vn 0.6081 0.7751 -0.1717
vn 0.5514 0.8131 -0.1866
vn 0.5214 0.8308 -0.1946
vn 0.4161 0.8834 -0.2156
vn 0.1703 0.0067 0.9854
vn 0.1699 0.0067 0.9854
vn 0.1702 0.0067 0.9854
vn -0.2653 0.6708 0.6926
vn -0.3964 0.6612 0.6370
vn -0.1272 0.8322 0.5396
vn -0.4350 0.7075 0.5570
vn -0.4584 0.8884 -0.0244
vn -0.4584 0.8885 -0.0229
vn -0.4582 0.8885 -0.0229
vn -0.4584 0.8885 -0.0214
vn -0.4756 -0.0077 -0.8796
vn -0.4755 -0.0077 -0.8797
vn -0.4748 -0.0077 -0.8801
vn -0.4758 -0.0077 -0.8795
vn -0.3979 -0.9174 0.0092
vn -0.3983 -0.9172 0.0107
vn -0.3980 -0.9173 0.0092
vn -0.3978 -0.9174 0.0107
vn 0.0066 0.8276 0.5613
vn 0.0064 0.8276 0.5613
vn -0.0097 0.8900 -0.4558
vn -0.0099 0.8901 -0.4557
vn -0.0100 0.8894 -0.4569
vn 0.4525 0.8912 -0.0305
vn 0.4527 0.8912 -0.0305
vn 0.4520 0.8915 -0.0305
vn 0.4523 0.8913 -0.0305
vn 0.4519 -0.0028 -0.8921
vn 0.4515 -0.0029 -0.8923
vn 0.4513 -0.0028 -0.8924
vn 0.4068 -0.9135 -0.0000
vn 0.4067 -0.9136 -0.0001
vn 0.4064 -0.9137 0.0015
vn 0.4069 -0.9135 0.0015
vn 0.0067 0.8269 0.5623
vn -0.0098 0.8900 -0.4558
vn -0.0098 0.8901 -0.4558
vn -0.0097 0.8894 -0.4570
vn 0.2153 0.9711 -0.1030
vn -0.1758 0.9844 0.0015
vn -0.0017 0.9980 0.0637
vn -0.2681 0.9357 -0.2294
vn -0.0040 0.9993 -0.0382
vn -0.0035 0.9989 -0.0477
vn -0.1398 0.9769 -0.1618
vn 0.2552 0.9376 -0.2362
vn 0.0133 0.9991 -0.0393
vn 0.1699 0.9855 -0.0031
vn -0.0037 0.9989 -0.0477
vn 0.1541 0.9694 -0.1912
vn 0.0322 0.9973 -0.0656
vn -0.0400 0.9960 -0.0805
vn -0.0018 0.9979 0.0645
vn -0.0380 0.9985 -0.0397
vn -0.0087 0.9996 -0.0275
vn -0.0002 0.9996 -0.0267
vn -0.0000 0.9996 -0.0267
vn 0.0147 0.9992 -0.0374
vn 0.1035 0.9946 0.0079
vn -0.6630 0.7415 -0.1030
vn 0.2272 -0.5153 0.8263
vn 0.6250 0.7714 -0.1198
vn 0.6248 0.7713 -0.1214
vn 0.2739 0.4338 0.8584
vn -0.6113 -0.5664 0.5527
vn -0.6108 -0.5660 0.5537
vn -0.6111 -0.5666 0.5528
vn 0.0224 0.9021 0.4310
vn -0.4659 0.0027 0.8848
vn -0.9999 -0.0053 0.0153
vn 0.6256 -0.7801 -0.0011
vn 0.4938 0.0078 0.8696
vn 0.4938 0.0078 0.8695
vn 0.7063 -0.7060 -0.0521
vn 0.6319 -0.5606 0.5352
vn 0.6313 -0.5602 0.5363
vn 0.6742 0.7291 -0.1175
vn 0.7351 0.6706 -0.0992
vn 0.7076 0.7018 -0.0824
vn 0.7193 0.6902 -0.0793
vn 0.9333 0.3586 0.0198
vn 0.9333 0.3584 0.0237
vn 0.9938 0.1037 0.0412
vn 0.9967 0.0526 0.0618
vn 0.9929 0.1182 -0.0129
vn 0.9743 0.2252 0.0031
vn 0.9023 0.4310 -0.0061
vn 0.7319 0.6738 -0.1015
vn -0.7076 0.7018 -0.0824
vn -0.6743 0.7293 -0.1160
vn -0.7192 0.6903 -0.0793
vn -0.7351 0.6706 -0.0992
vn 0.4694 0.8675 -0.1648
vn -0.0000 0.9816 -0.1907
vn -0.0000 0.9823 -0.1875
vn -0.4687 0.8674 -0.1671
vn -0.4686 0.8679 -0.1649
vn -0.7316 0.6739 -0.1030
vn -0.9023 0.4310 -0.0061
vn -0.9743 0.2252 0.0031
vn -0.9966 0.0526 0.0633
vn -0.9929 0.1182 -0.0114
vn -0.9937 0.1038 0.0412
vn -0.9331 0.3587 0.0252
vn -0.9332 0.3586 0.0244
vn -0.0000 0.9998 0.0196
vn -0.9409 0.0869 -0.3273
vn -0.9389 -0.0008 -0.3441
vn -0.9356 0.2645 -0.2340
vn -0.8401 -0.3739 -0.3930
vn -0.7006 -0.5709 -0.4281
vn -0.7032 -0.6451 -0.2989
vn -0.8117 -0.5483 -0.2013
vn -0.6891 -0.7160 -0.1114
vn -0.6476 -0.7590 -0.0671
vn -0.5909 -0.8063 -0.0259
vn -0.4567 -0.8895 0.0122
vn -0.4568 -0.8895 0.0114
vn -0.0000 -0.9991 0.0423
vn 0.4568 -0.8895 0.0130
vn 0.4570 -0.8894 0.0122
vn 0.6476 -0.7590 -0.0671
vn 0.5909 -0.8064 -0.0259
vn 0.6889 -0.7158 -0.1145
vn 0.8117 -0.5482 -0.2014
vn 0.7032 -0.6451 -0.2989
vn 0.8393 -0.3739 -0.3946
vn 0.7001 -0.5705 -0.4294
vn 0.9394 -0.0007 -0.3427
vn 0.9404 0.0869 -0.3287
vn 0.9356 0.2645 -0.2340
vn -0.1191 0.9928 -0.0105
vn 0.0030 0.9971 -0.0763
vn 0.3759 0.9238 -0.0732
vn 0.7322 0.6783 -0.0610
vn 0.9896 0.1403 -0.0328
vn 0.9895 0.1404 -0.0343
vn 0.8512 -0.5248 0.0076
vn 0.4197 -0.9071 0.0328
vn 0.4198 -0.9070 0.0328
vn 0.0008 -0.9992 0.0404
vn -0.4189 -0.9074 0.0328
vn -0.4190 -0.9074 0.0328
vn -0.8503 -0.5263 0.0076
vn -0.8502 -0.5264 0.0076
vn -0.9899 0.1373 -0.0343
vn -0.9900 0.1373 -0.0328
vn -0.7329 0.6776 -0.0610
vn -0.7330 0.6775 -0.0610
vn -0.3732 0.9249 -0.0733
vn -0.3731 0.9249 -0.0733
vn -0.0000 0.0809 -0.9967
vn -0.0000 0.0924 -0.9957
vn -0.1636 0.0114 -0.9865
vn -0.2923 -0.0199 -0.9561
vn -0.4662 -0.1411 -0.8734
vn -0.4290 -0.2769 -0.8598
vn -0.3480 -0.4564 -0.8189
vn -0.3051 -0.5410 -0.7837
vn -0.3523 -0.6317 -0.6905
vn -0.3986 -0.7065 -0.5848
vn -0.2166 -0.8566 -0.4684
vn -0.2187 -0.8552 -0.4699
vn -0.0000 -0.9170 -0.3990
vn -0.0000 -0.9238 -0.3830
vn 0.2166 -0.8566 -0.4684
vn 0.2186 -0.8552 -0.4699
vn 0.3991 -0.7065 -0.5845
vn 0.3524 -0.6317 -0.6905
vn 0.3050 -0.5410 -0.7837
vn 0.3480 -0.4564 -0.8189
vn 0.4290 -0.2769 -0.8598
vn 0.4661 -0.1411 -0.8734
vn 0.2923 -0.0198 -0.9561
vn 0.1636 0.0114 -0.9865
vn 0.4958 -0.3901 0.7759
vn 0.5124 0.1897 0.8375
vn 0.5124 0.1896 0.8375
vn 0.5096 0.7016 0.4981
vn 0.5106 0.7012 0.4976
vn 0.5121 0.8563 -0.0679
vn 0.5220 0.5832 -0.6224
vn 0.5220 0.5835 -0.6222
vn 0.5118 0.0214 -0.8588
vn 0.5118 0.0215 -0.8588
vn -0.3890 0.1100 0.9147
vn -0.2176 -0.8471 -0.4848
vn 0.3549 -0.7717 -0.5278
vn 0.3547 -0.7717 -0.5278
vn 0.7300 -0.3899 -0.5612
vn 0.7300 -0.3900 -0.5612
vn 0.7884 0.1900 -0.5851
vn 0.7890 0.1897 -0.5844
vn 0.4521 0.7017 -0.5506
vn 0.4513 0.7007 -0.5527
vn -0.1121 0.8569 -0.5032
vn -0.1121 0.8555 -0.5055
vn 0.2009 -0.9795 0.0160
vn 0.2018 -0.9793 0.0175
vn -0.4581 -0.8880 -0.0404
vn -0.4588 -0.8877 -0.0388
vn -0.8899 -0.4494 -0.0779
vn -0.8901 -0.4491 -0.0779
vn -0.9715 0.2221 -0.0832
vn -0.9713 0.2221 -0.0850
vn -0.5773 0.8150 -0.0499
vn -0.5776 0.8148 -0.0504
vn 0.0789 0.9969 0.0053
vn 0.0795 0.9968 0.0069
vn 0.2171 -0.8459 -0.4872
vn 0.2171 -0.8459 -0.4871
vn -0.3552 -0.7718 -0.5275
vn -0.3546 -0.7721 -0.5274
vn -0.7294 -0.3903 -0.5618
vn -0.7300 -0.3900 -0.5612
vn -0.7904 0.1901 -0.5824
vn -0.7904 0.1900 -0.5824
vn -0.4514 0.7006 -0.5527
vn -0.4520 0.7018 -0.5506
vn 0.1120 0.8555 -0.5055
vn 0.1122 0.8569 -0.5032
vn 0.0903 -0.7133 0.6950
vn 0.0904 -0.7133 0.6950
vn -0.3859 -0.6369 0.6674
vn -0.6851 -0.3166 0.6561
vn -0.7276 0.1510 0.6692
vn -0.7276 0.1511 0.6692
vn -0.4620 0.5714 0.6783
vn -0.0013 0.7143 0.6998
vn -0.0000 -0.4490 0.8936
vn -0.0001 -0.4490 0.8936
vn -0.0000 0.2222 0.9750
vn -0.0000 0.2221 0.9750
vn -0.0000 0.8153 0.5791
vn -0.0000 0.8151 0.5794
vn -0.0000 0.9968 -0.0800
vn -0.0000 0.6839 -0.7296
vn -0.0000 0.6838 -0.7297
vn -0.0000 0.0256 -0.9997
vn -0.4959 -0.3901 0.7758
vn -0.4958 -0.3902 0.7758
vn -0.5136 0.1895 0.8369
vn -0.5124 0.1896 0.8375
vn -0.5107 0.7011 0.4977
vn -0.5094 0.7018 0.4979
vn -0.5121 0.8563 -0.0679
vn -0.5220 0.5832 -0.6224
vn -0.5220 0.5835 -0.6222
vn -0.5118 0.0215 -0.8588
vn -0.5118 0.0214 -0.8588
vn -0.9948 -0.0938 -0.0397
vn -0.9948 -0.0938 -0.0388
vn -0.6354 -0.7284 -0.2563
vn -0.5695 -0.4256 -0.7032
vn -0.6109 -0.7474 -0.2610
vn -0.5762 -0.4165 -0.7032
vn -0.3882 -0.0198 -0.9214
vn -0.3906 -0.0427 -0.9196
vn -0.3790 -0.0252 -0.9251
vn -0.3516 0.0091 -0.9361
vn -0.1491 0.0092 -0.9888
vn -0.0000 0.0097 -1.0000
vn -0.0000 0.0101 -0.9999
vn 0.1491 0.0092 -0.9888
vn 0.1495 0.0092 -0.9887
vn 0.3790 -0.0252 -0.9251
vn 0.3516 0.0091 -0.9361
vn 0.3882 -0.0198 -0.9214
vn 0.3917 -0.0428 -0.9191
vn 0.5708 -0.4265 -0.7017
vn 0.5750 -0.4156 -0.7047
vn 0.6354 -0.7284 -0.2563
vn 0.6110 -0.7475 -0.2606
vn -0.2705 0.4413 0.8556
vn -0.0903 -0.7133 0.6950
vn 0.3859 -0.6369 0.6674
vn -0.0904 -0.7133 0.6950
vn 0.6851 -0.3166 0.6561
vn 0.7276 0.1511 0.6692
vn 0.4620 0.5714 0.6783
vn 0.0013 0.7143 0.6998
vn -0.2206 -0.5358 0.8150
vn 0.4958 -0.3903 0.7758
vn 0.4955 -0.7717 0.3986
vn 0.4959 -0.3903 0.7758
vn 0.4944 -0.7723 0.3990
vn 0.5025 -0.8467 -0.1751
vn 0.5036 -0.8460 -0.1750
vn 0.5061 -0.5290 -0.6812
vn 0.5118 0.0213 -0.8588
vn -0.0831 0.9227 0.3764
vn -0.5287 -0.4551 0.7164
vn -0.6851 0.0183 0.7282
vn -0.4705 0.4961 0.7297
vn -0.4712 0.4959 0.7294
vn 0.0011 0.7143 0.6998
vn -0.0369 0.9076 0.4183
vn -0.8890 -0.3533 -0.2915
vn -0.7749 -0.1549 -0.6128
vn -0.8984 -0.3312 -0.2885
vn -0.7659 -0.1701 -0.6201
vn -0.4615 0.0732 -0.8841
vn -0.4262 0.0786 -0.9012
vn -0.1829 0.0854 -0.9794
vn -0.0000 0.0866 -0.9962
vn 0.1829 0.0854 -0.9794
vn 0.4268 0.0787 -0.9009
vn 0.4610 0.0731 -0.8844
vn 0.7742 -0.1548 -0.6137
vn 0.7664 -0.1700 -0.6194
vn 0.8889 -0.3533 -0.2915
vn 0.8984 -0.3312 -0.2885
vn -0.0000 -0.4491 0.8935
vn -0.0000 -0.8883 0.4593
vn -0.0000 -0.8883 0.4592
vn -0.0000 -0.9791 -0.2033
vn -0.0000 -0.9791 -0.2034
vn -0.0000 -0.6129 -0.7901
vn -0.0000 0.0254 -0.9997
vn -0.0000 0.0255 -0.9997
vn -0.7063 -0.7060 -0.0514
vn -0.7224 -0.5284 -0.4460
vn -0.7234 -0.5291 -0.4436
vn -0.9002 0.0214 -0.4349
vn -0.9002 0.0213 -0.4349
vn -0.6646 0.5831 -0.4672
vn -0.1123 0.8568 -0.5033
vn -0.4958 -0.3903 0.7758
vn -0.4959 -0.3903 0.7758
vn -0.4945 -0.7721 0.3992
vn -0.4942 -0.7721 0.3996
vn -0.5037 -0.8461 -0.1742
vn -0.5026 -0.8468 -0.1744
vn -0.5061 -0.5291 -0.6811
vn -0.5061 -0.5290 -0.6812
vn -0.5118 0.0213 -0.8588
vn -0.5117 0.0212 -0.8589
vn -0.2011 -0.9794 0.0191
vn -0.2019 -0.9793 0.0175
vn -0.7871 -0.6129 0.0689
vn -0.9959 0.0258 0.0870
vn -0.9959 0.0260 0.0869
vn -0.7270 0.6839 0.0620
vn -0.7267 0.6840 0.0635
vn -0.0797 0.9968 0.0069
vn -0.0790 0.9968 0.0084
vn -0.6257 -0.7801 0.0002
vn -0.6257 -0.7801 -0.0006
vn -0.0000 -0.8879 0.4600
vn -0.0000 -0.8881 0.4597
vn -0.0000 -0.9793 -0.2025
vn -0.0000 -0.9793 -0.2024
vn -0.0000 -0.6129 -0.7902
vn -0.7908 -0.1419 -0.5954
vn -0.8669 -0.0449 -0.4964
vn -0.8456 -0.3182 -0.4286
vn -0.8058 -0.4562 -0.3777
vn -0.6017 -0.6646 0.4430
vn -0.5350 -0.5670 0.6263
vn -0.3094 -0.4461 0.8398
vn -0.3558 -0.3314 0.8738
vn -0.5218 0.1858 -0.8326
vn -0.5215 0.1854 -0.8328
vn -0.4487 0.2084 -0.8691
vn -0.4478 0.2082 -0.8696
vn -0.2506 0.2593 -0.9327
vn -0.2506 0.2579 -0.9331
vn -0.0000 0.2837 -0.9589
vn -0.0000 0.2840 -0.9588
vn 0.2506 0.2593 -0.9327
vn 0.2506 0.2579 -0.9331
vn 0.4484 0.2084 -0.8692
vn 0.4474 0.2082 -0.8698
vn 0.5215 0.1854 -0.8329
vn 0.5216 0.1853 -0.8328
vn -0.5914 0.2357 -0.7712
vn -0.5591 0.2111 -0.8018
vn -0.5598 0.2846 -0.7782
vn -0.5578 0.3602 -0.7478
vn -0.3925 0.5280 -0.7531
vn -0.4081 0.5209 -0.7497
vn -0.0000 0.6508 -0.7593
vn -0.0000 0.6928 -0.7211
vn 0.3925 0.5280 -0.7531
vn 0.4080 0.5209 -0.7498
vn 0.5578 0.3602 -0.7478
vn 0.5598 0.2846 -0.7782
vn 0.5914 0.2357 -0.7712
vn 0.5591 0.2111 -0.8018
vn -0.9156 -0.2327 -0.3281
vn 0.7908 -0.1419 -0.5954
vn 0.8457 -0.3182 -0.4285
vn 0.8669 -0.0449 -0.4964
vn 0.8059 -0.4562 -0.3775
vn 0.6019 -0.6644 0.4430
vn 0.5350 -0.5670 0.6263
vn 0.3095 -0.4462 0.8397
vn 0.3561 -0.3310 0.8739
vn 0.9990 0.0381 -0.0254
vn 0.9949 0.1001 -0.0130
vn 0.9638 -0.0732 -0.2566
vn 0.8589 -0.0664 -0.5078
vn 0.8869 0.0572 -0.4585
vn 0.9769 -0.1694 -0.1300
vn 0.8061 -0.4977 -0.3202
vn -0.9769 -0.1694 -0.1299
vn -0.8061 -0.4977 -0.3202
vn -0.9638 -0.0732 -0.2566
vn -0.8869 0.0572 -0.4585
vn -0.8591 -0.0664 -0.5075
vn -0.9989 0.0382 -0.0257
vn -0.9949 0.0998 -0.0129
vn 0.9693 -0.2426 0.0395
vn 0.9324 -0.3588 -0.0434
vn 0.9818 -0.1747 0.0740
vn 0.9889 -0.0763 0.1276
vn 0.9907 0.0122 0.1358
vn 0.9905 0.0366 0.1329
vn 0.9790 0.1443 0.1438
vn -0.9904 0.0366 0.1333
vn -0.9791 0.1446 0.1431
vn -0.9907 0.0122 0.1358
vn -0.9888 -0.0763 0.1280
vn -0.9818 -0.1747 0.0740
vn -0.9693 -0.2426 0.0399
vn -0.9325 -0.3586 -0.0433
vn 0.6945 0.7195 -0.0015
vn 0.7073 0.7069 -0.0037
vn 0.7253 0.6884 -0.0023
vn 0.7255 0.6882 0.0046
vn 0.7545 0.6562 -0.0061
vn 0.7421 0.6700 -0.0203
vn -0.8718 -0.4891 0.0290
vn -0.8607 -0.5059 0.0569
vn -0.8405 -0.5409 0.0328
vn -0.8433 -0.5372 0.0183
vn -0.8066 -0.5899 0.0382
vn -0.8133 -0.5804 0.0412
vn 0.7695 0.6371 -0.0443
vn 0.8135 0.5806 -0.0351
vn 0.8268 0.5616 -0.0328
vn 0.8117 0.5837 -0.0214
vn 0.8762 0.4814 -0.0214
vn 0.8664 0.4969 -0.0502
vn -0.8143 -0.5799 0.0252
vn -0.8107 -0.5845 0.0344
vn -0.7892 -0.6132 0.0320
vn -0.7857 -0.6180 0.0275
vn -0.7630 -0.6455 0.0351
vn -0.7747 -0.6311 0.0381
vn 0.7628 0.6453 -0.0412
vn 0.7746 0.6313 -0.0381
vn 0.7894 0.6130 -0.0320
vn 0.7862 0.6174 -0.0275
vn 0.8149 0.5791 -0.0252
vn 0.8108 0.5844 -0.0344
vn -0.2777 -0.3895 0.8782
vn -0.4461 0.6028 -0.6616
vn -0.3085 0.7615 -0.5700
vn -0.4225 0.5343 -0.7322
vn -0.2975 0.7737 -0.5593
vn -0.0000 0.8911 -0.4539
vn -0.0000 0.9211 -0.3894
vn 0.3085 0.7615 -0.5700
vn 0.2975 0.7737 -0.5593
vn 0.4461 0.6028 -0.6616
vn 0.4225 0.5343 -0.7322
vn -0.4212 -0.9021 0.0942
vn -0.4029 -0.9108 0.0902
vn -0.4353 -0.9000 0.0206
vn -0.4183 -0.9067 -0.0542
vn -0.4034 -0.9057 -0.1305
vn -0.3497 -0.9259 -0.1427
vn -0.1545 -0.1721 -0.9729
vn -0.1545 -0.1716 -0.9730
vn -0.0374 0.1160 -0.9925
vn -0.0374 0.1159 -0.9926
vn 0.0829 0.3930 -0.9158
vn 0.0834 0.3930 -0.9158
vn -0.4635 -0.8667 0.1845
vn -0.4635 -0.8666 0.1847
vn -0.4969 -0.8674 -0.0259
vn -0.4685 -0.8782 -0.0961
vn -0.4567 -0.8578 -0.2356
vn -0.4045 -0.8841 -0.2342
vn -0.7515 -0.6597 0.0076
vn -0.7364 -0.6761 0.0236
vn -0.7234 -0.6904 0.0046
vn -0.7248 -0.6890 -0.0046
vn -0.6946 -0.7194 0.0015
vn -0.7075 -0.7067 0.0037
vn -0.7416 0.6066 0.2865
vn -0.7068 0.6345 0.3127
vn -0.7401 0.6211 0.2577
vn -0.7555 0.6135 0.2299
vn -0.7346 0.6484 0.1997
vn -0.7344 0.6487 0.1996
vn 0.2896 -0.2037 -0.9352
vn 0.3981 -0.1984 -0.8956
vn 0.4893 -0.2726 -0.8284
vn 0.1392 -0.1686 -0.9758
vn -0.0000 -0.1923 -0.9813
vn -0.0000 -0.1777 -0.9841
vn -0.1392 -0.1688 -0.9758
vn -0.2896 -0.2037 -0.9352
vn -0.3981 -0.1984 -0.8956
vn -0.4896 -0.2724 -0.8283
vn -0.1659 0.9148 0.3683
vn 0.4769 0.8286 0.2931
vn -0.3124 0.9368 0.1574
vn -0.8264 0.5611 0.0472
vn -0.8819 0.4525 -0.1324
vn -0.9664 -0.0206 -0.2562
vn -0.8730 -0.2220 -0.4343
vn -0.5639 -0.6615 -0.4943
vn -0.4031 -0.7574 -0.5137
vn 0.1647 -0.9069 -0.3877
vn 0.9162 -0.3960 0.0603
vn 0.7028 -0.7096 0.0508
vn -0.1971 -0.9668 0.1625
vn -0.5337 -0.8444 0.0471
vn 0.8274 -0.5588 -0.0556
vn -0.3985 -0.9053 -0.1470
vn 0.8279 -0.5555 -0.0775
vn -0.3936 -0.8932 -0.2175
vn 0.6574 0.7278 0.1955
vn 0.6622 0.7379 0.1307
vn 0.6671 0.7445 -0.0267
vn 0.5437 0.8264 -0.1463
vn 0.8389 0.5348 -0.1015
vn 0.6023 -0.7853 0.1434
vn -0.6331 -0.7612 0.1405
vn -0.0000 0.9351 -0.3545
vn -0.0000 0.9348 -0.3552
vn 0.0921 0.8725 -0.4798
vn 0.1323 0.6728 -0.7279
vn 0.1033 0.8700 -0.4822
vn 0.1176 0.3842 -0.9157
vn 0.1173 0.0771 -0.9901
vn 0.0657 0.1040 -0.9924
vn -0.7175 -0.3890 -0.5778
vn -0.7727 -0.5408 -0.3322
vn -0.7727 -0.5409 -0.3322
vn -0.7608 -0.6466 -0.0567
vn -0.7611 -0.6461 -0.0565
vn -0.0000 0.9898 -0.1423
vn -0.0000 0.9897 -0.1430
vn 0.4637 -0.8671 0.1818
vn 0.4969 -0.8674 -0.0259
vn 0.4632 -0.8662 0.1875
vn 0.4685 -0.8782 -0.0961
vn 0.4567 -0.8582 -0.2342
vn 0.4044 -0.8845 -0.2327
vn 0.0022 0.9974 -0.0716
vn 0.0023 0.9975 -0.0707
vn 0.4213 -0.9020 0.0943
vn 0.4347 -0.9003 0.0221
vn 0.4029 -0.9108 0.0902
vn 0.4182 -0.9066 -0.0557
vn 0.4033 -0.9055 -0.1320
vn 0.3497 -0.9261 -0.1414
vn -0.0056 0.9628 0.2702
vn 0.7194 -0.3876 -0.5764
vn 0.7715 -0.5426 -0.3323
vn 0.7197 -0.3877 -0.5759
vn 0.7717 -0.5427 -0.3316
vn 0.7569 -0.6508 -0.0591
vn 0.7567 -0.6511 -0.0591
vn -0.0000 -0.4921 -0.8705
vn -0.0000 -0.9976 -0.0698
vn 0.0144 0.6211 0.7836
vn -0.0007 -0.2551 0.9669
vn 0.0023 -0.2550 0.9669
vn -0.0007 -0.2554 0.9668
vn 0.1381 0.9766 0.1651
vn 0.1381 0.9766 0.1649
vn 0.1380 0.9766 0.1652
vn 0.0001 0.9860 0.1667
vn -1.0000 -0.0015 -0.0001
vn -1.0000 -0.0015 -0.0002
vn 0.1526 -0.9882 -0.0116
vn 0.1526 -0.9882 -0.0117
vn 1.0000 0.0011 0.0001
vn 1.0000 0.0011 0.0002
vn 0.9997 -0.0180 0.0191
vn 1.0000 0.0012 0.0002
vn -0.0004 0.9928 0.1194
vn -0.0001 0.9928 0.1197
vn 0.1221 -0.9897 0.0749
vn 0.1164 -0.9911 0.0645
vn 0.1222 -0.9897 0.0749
vn -0.1535 -0.9881 -0.0087
vn -0.1534 -0.9881 -0.0086
vn -0.1533 -0.9881 -0.0086
vn 0.1137 0.2338 0.9656
vn 0.0725 0.1621 0.9841
vn 0.1136 0.2340 0.9656
vn -0.0000 -0.6122 -0.7907
vn -0.0000 0.8506 0.5259
vn -0.0000 0.8508 0.5255
vn -0.0000 0.9904 0.1381
vn -0.0000 -0.8549 -0.5187
vn -0.0000 -0.8548 -0.5190
vn -0.0000 0.0356 -0.9994
vn -0.0000 -0.4923 -0.8704
vn -0.0000 -0.4920 -0.8706
vn -0.0000 -0.9976 -0.0694
vn -0.0002 -0.2556 0.9668
vn -0.0002 -0.2555 0.9668
vn -0.1213 0.1656 0.9787
vn -0.0961 0.2060 0.9738
vn -0.1216 0.1655 0.9787
vn -0.0053 1.0000 0.0010
vn -0.0067 1.0000 0.0008
vn -0.0054 1.0000 -0.0006
vn -0.0040 1.0000 0.0004
vn -0.0901 0.0760 -0.9930
vn -0.0900 0.0759 -0.9930
vn -0.0786 0.0431 -0.9960
vn -0.0899 0.0758 -0.9931
vn -0.4455 -0.8953 0.0002
vn -0.4455 -0.8953 -0.0009
vn -0.4455 -0.8953 -0.0004
vn -0.1648 0.0038 0.9863
vn -0.1014 0.0557 0.9933
vn -0.1644 0.0040 0.9864
vn -0.1892 -0.0279 0.9815
vn -0.1892 -0.0278 0.9815
vn -0.1770 0.0076 0.9842
vn -0.1894 -0.0277 0.9815
vn -0.1083 0.9650 0.2387
vn -0.1380 0.9766 0.1652
vn -0.1085 0.9650 0.2387
vn 0.9924 -0.1228 -0.0000
vn 0.9925 -0.1222 -0.0000
vn 0.9925 -0.1221 -0.0000
vn -0.9925 -0.1222 0.0007
vn -0.9924 -0.1230 0.0008
vn -0.9923 -0.1235 0.0006
vn -0.9924 -0.1230 0.0010
vn -0.9954 0.0953 -0.0017
vn -0.9955 0.0952 -0.0013
vn -0.9954 0.0953 -0.0015
vn -0.9955 0.0952 -0.0015
vn 0.9954 0.0953 -0.0022
vn 0.9954 0.0953 0.0008
vn 0.9954 0.0954 -0.0023
vn 0.9954 0.0953 -0.0021
vn 0.9967 -0.0031 -0.0809
vn 0.9948 -0.0854 -0.0561
vn 0.9913 -0.1009 -0.0850
vn 0.4150 0.9098 0.0010
vn 0.4150 0.9098 0.0004
vn 0.4147 0.9100 0.0004
vn 0.4146 0.9100 0.0005
vn -0.5523 0.8272 0.1034
vn -0.7846 0.6151 0.0771
vn -0.9751 0.2219 0.0038
vn -0.5456 0.8380 0.0050
vn 0.0171 -0.7124 -0.7015
vn 0.0172 -0.7121 -0.7019
vn 0.0171 -0.7127 -0.7013
vn -0.9200 -0.3919 -0.0004
vn -0.9201 -0.3916 -0.0003
vn -0.6608 -0.7298 0.1753
vn -0.6607 -0.7298 0.1757
vn -0.6772 -0.7214 0.1445
vn -0.6607 -0.7299 0.1754
vn 1.0000 -0.0000 -0.0003
vn -0.0000 -1.0000 -0.0021
vn -1.0000 -0.0000 0.0012
vn -1.0000 -0.0000 0.0003
vn -0.0035 -0.0000 1.0000
vn -0.0046 0.0001 1.0000
vn -0.0046 -0.0001 1.0000
vn -0.0036 -0.0000 1.0000
vn -0.0000 0.9904 0.1380
vn -0.0000 0.9900 0.1407
vn -0.0000 0.7328 0.6805
vn -0.0000 -0.7742 -0.6330
vn -0.0000 -0.7731 -0.6343
vn -0.0000 -0.7728 -0.6346
vn -0.1053 -0.9944 -0.0002
vn -0.1053 -0.9944 -0.0010
vn -0.1052 -0.9944 -0.0005
vn -0.1053 -0.9944 -0.0009
vn 0.1053 0.9944 0.0011
vn 0.1052 0.9945 0.0005
vn 0.1053 0.9944 0.0009
vn -0.0001 -0.0000 -1.0000
vn 0.3617 0.9323 0.0011
vn 0.3618 0.9322 0.0004
vn 0.3617 0.9323 0.0010
vn 0.3619 0.9322 0.0004
vn 0.6622 -0.0000 0.7493
vn 0.6624 -0.0000 0.7491
vn 0.9322 -0.3620 0.0005
vn 0.9322 -0.3619 -0.0003
vn 0.9322 -0.3619 0.0003
vn -0.9043 0.4268 0.0003
vn -0.9045 0.4264 0.0011
vn -0.9045 0.4264 0.0004
vn -0.9040 0.4275 0.0011
vn -0.0019 0.0492 0.9988
vn -0.0019 0.0491 0.9988
vn -0.0011 0.0492 0.9988
vn -0.0018 0.0492 0.9988
vn -0.0000 0.7702 0.6377
vn -1.0000 0.0001 -0.0002
vn -1.0000 -0.0000 -0.0006
vn -1.0000 0.0002 -0.0000
vn -1.0000 0.0001 -0.0000
vn -0.9956 -0.0000 -0.0938
vn -0.9989 -0.0000 -0.0477
vn -1.0000 -0.0000 -0.0007
vn -0.7847 0.6151 0.0771
vn 0.0229 -0.9936 0.1106
vn 0.0588 -0.9908 0.1217
vn 0.0343 -0.9961 0.0812
vn 0.0227 -0.9978 0.0625
vn 0.0567 -0.9981 0.0237
vn -1.0000 -0.0000 -0.0001
vn 0.0763 0.0542 0.9956
vn 0.0508 0.1114 0.9925
vn 0.0844 0.0362 0.9958
vn 0.1022 -0.0015 0.9948
vn 0.1022 -0.0000 0.9948
vn -0.0115 0.6211 0.7836
vn -0.0114 0.6211 0.7836
vn 0.0214 0.2174 0.9758
vn 0.1320 0.7487 0.6496
vn 0.0313 0.7488 0.6621
vn -0.0015 0.1595 0.9872
vn -0.1440 0.8740 0.4640
vn 0.0139 0.1791 0.9837
vn -0.0015 0.1596 0.9872
vn -0.0016 0.1596 0.9872
vn 1.0000 0.0001 -0.0001
vn -0.0373 0.9980 -0.0504
vn -1.0000 -0.0000 0.0013
vn -1.0000 -0.0000 0.0014
vn 0.9991 -0.0004 -0.0420
vn 0.9992 -0.0004 -0.0389
vn 0.7416 0.6066 0.2865
vn 0.7397 0.6205 0.2604
vn 0.7068 0.6345 0.3126
vn 0.7549 0.6128 0.2336
vn 0.7346 0.6461 0.2073
vn -0.0000 -0.2654 -0.9642
vn -0.9979 0.0579 -0.0298
vn -0.9669 0.2434 0.0765
vn -0.9435 0.3183 0.0920
vn -0.9989 -0.0259 -0.0379
vn -0.9604 0.2769 0.0315
vn -0.8941 0.4478 0.0044
vn -0.9591 0.2776 0.0556
vn -0.8499 -0.5261 -0.0301
vn -0.9492 0.2181 0.2267
vn -0.7560 0.6508 -0.0702
vn -0.7560 0.6508 -0.0701
vn -0.9346 0.3548 0.0244
vn -0.9347 0.3547 0.0244
vn -0.9931 0.0130 0.1166
vn -0.9920 0.1212 0.0343
vn -0.9978 0.0649 0.0128
vn -0.9905 0.1350 0.0252
vn -0.9929 0.1183 -0.0114
vn 0.9346 0.3548 0.0252
vn 0.9932 0.0133 0.1156
vn 0.9346 0.3549 0.0252
vn 0.7561 0.6508 -0.0687
vn 0.7563 0.6510 -0.0656
vn 0.9937 0.1038 0.0412
vn 0.9929 0.1182 -0.0127
vn 0.9905 0.1351 0.0252
vn 0.9921 0.1213 0.0328
vn 0.9978 0.0648 0.0132
vn 0.1632 0.9810 0.1045
vn 0.0312 0.7487 0.6622
vn -0.0557 0.9925 0.1085
vn -0.1442 0.8740 0.4640
vn -0.1479 0.9819 0.1184
vn -0.5363 0.1373 -0.8328
vn -0.5733 0.1961 -0.7955
vn -0.5853 0.2044 -0.7846
vn -0.4905 0.2068 -0.8466
vn 0.5364 0.1373 -0.8327
vn 0.4625 0.1320 -0.8767
vn 0.4177 0.0335 -0.9080
vn -0.4180 0.0336 -0.9078
vn -0.4625 0.1320 -0.8767
vn -0.2772 0.3357 -0.9003
vn -0.2882 0.3365 -0.8965
vn -0.0000 0.4097 -0.9122
vn -0.0000 0.4265 -0.9045
vn 0.2772 0.3357 -0.9003
vn 0.2882 0.3365 -0.8965
vn 0.4905 0.2068 -0.8466
vn 0.5738 0.1960 -0.7952
vn 0.5853 0.2044 -0.7846
vn 0.9995 0.0054 -0.0309
vn 0.9988 -0.0477 -0.0137
vn 0.9995 0.0052 -0.0308
vn 0.9988 -0.0477 -0.0136
vn 0.9987 -0.0502 0.0036
vn -0.9421 0.3341 0.0278
vn -0.9961 0.0405 0.0786
vn -0.9797 0.1907 0.0610
vn -0.9405 0.3388 0.0279
vn -0.9761 0.2167 -0.0141
vn -0.6477 0.7618 -0.0122
vn -0.6475 0.7620 -0.0122
vn 0.6199 -0.7356 -0.2732
vn 0.6199 -0.7356 -0.2733
vn 0.6197 -0.7356 -0.2737
vn 0.6199 -0.7356 -0.2731
vn -0.6231 0.7396 0.2543
vn -0.6232 0.7391 0.2556
vn -0.6232 0.7391 0.2554
vn -0.6235 0.7394 0.2541
vn -0.4396 0.6786 0.5885
vn -0.4402 0.6784 0.5883
vn -0.4400 0.6784 0.5883
vn 0.4583 -0.4861 -0.7441
vn 0.4283 -0.5219 -0.7377
vn 0.4582 -0.4861 -0.7441
vn 0.6878 -0.7257 -0.0151
vn 0.6879 -0.7256 -0.0153
vn 0.6879 -0.7257 -0.0153
vn 0.6879 -0.7257 -0.0154
vn -0.5360 0.6438 0.5462
vn -0.5359 0.6438 0.5462
vn -0.5475 0.6353 0.5446
vn -0.5361 0.6438 0.5460
vn -0.5091 0.8599 0.0365
vn -0.5089 0.8600 0.0367
vn -0.5001 0.8313 -0.2426
vn -0.5003 0.8320 -0.2397
vn -0.4999 0.8315 -0.2425
vn -0.5607 0.8219 0.1001
vn -0.5604 0.8220 0.1016
vn -0.5603 0.8220 0.1016
vn -0.5607 0.8219 0.0999
vn -0.5636 0.8085 -0.1693
vn -0.5640 0.8088 -0.1666
vn -0.5636 0.8085 -0.1692
vn 0.5587 -0.8202 -0.1228
vn 0.5590 -0.8202 -0.1220
vn 0.5588 -0.8203 -0.1222
vn 0.5427 -0.7577 -0.3624
vn 0.5424 -0.7573 -0.3638
vn 0.5180 -0.7773 -0.3570
vn 0.5428 -0.7577 -0.3623
vn -0.0446 0.3426 -0.9384
vn -0.0447 0.3426 -0.9384
vn -0.0593 0.3409 -0.9382
vn -0.0299 0.3445 -0.9383
vn -0.9681 0.2487 -0.0320
vn -0.9681 0.2483 -0.0321
vn -0.9680 0.2488 -0.0320
vn 0.0793 0.8348 0.5448
vn 0.0792 0.8348 0.5448
vn 0.1110 0.8292 0.5479
vn 0.0468 0.8396 0.5412
vn -0.1110 0.7370 -0.6668
vn -0.0816 0.7410 -0.6666
vn -0.1403 0.7324 -0.6662
vn -0.9319 -0.3593 0.0488
vn -0.9319 -0.3594 0.0488
vn -0.8597 -0.5037 -0.0845
vn -0.9632 -0.1996 0.1800
vn 0.3958 -0.0492 0.9170
vn 0.3956 -0.0490 0.9171
vn 0.3956 -0.0488 0.9171
vn 0.3957 -0.0487 0.9171
vn -0.6512 0.7235 0.2293
vn -0.6509 0.7236 0.2294
vn -0.6459 0.7285 0.2283
vn -0.6565 0.7178 0.2319
vn -0.9602 -0.2792 -0.0055
vn -0.9602 -0.2793 -0.0052
vn -0.9741 -0.2251 0.0213
vn -0.8688 -0.4888 -0.0795
vn -0.7334 0.6606 0.1603
vn -0.7334 0.6606 0.1604
vn -0.7334 0.6605 0.1608
vn -0.7335 0.6606 0.1599
vn -0.5095 -0.0771 -0.8570
vn -0.5094 -0.0771 -0.8571
vn -0.5029 -0.0818 -0.8605
vn -0.5155 -0.0731 -0.8538
vn -0.7470 -0.6234 -0.2312
vn -0.7674 -0.6027 -0.2186
vn -0.7257 -0.6435 -0.2435
vn -0.4717 -0.0443 -0.8807
vn -0.4714 -0.0443 -0.8808
vn -0.4554 -0.0558 -0.8885
vn -0.4875 -0.0322 -0.8725
vn -0.7414 -0.5766 -0.3433
vn -0.7507 -0.5676 -0.3380
vn -0.7323 -0.5851 -0.3485
vn -0.4279 -0.5212 -0.7384
vn -0.4588 -0.4867 -0.7434
vn 0.5091 0.8599 0.0365
vn -0.6856 -0.7279 -0.0141
vn -0.6856 -0.7279 -0.0131
vn -0.6856 -0.7278 -0.0156
vn -0.6855 -0.7279 -0.0161
vn -0.9998 0.0160 0.0069
vn -0.9999 0.0160 0.0038
vn -0.9999 0.0163 0.0030
vn -0.9999 0.0152 0.0076
vn 0.6231 0.7396 0.2542
vn 0.6234 0.7395 0.2542
vn 0.6231 0.7397 0.2543
vn 0.6235 0.7394 0.2539
vn 0.6477 0.7618 -0.0122
vn 0.6475 0.7620 -0.0122
vn 0.5001 0.8313 -0.2426
vn 0.5003 0.8320 -0.2397
vn 0.5606 0.8218 0.1016
vn 0.5603 0.8219 0.1030
vn 0.5601 0.8222 0.1015
vn 0.5607 0.8219 0.1001
vn 0.0446 0.3426 -0.9384
vn 0.0298 0.3440 -0.9385
vn 0.0594 0.3410 -0.9382
vn -0.0000 1.0000 0.0081
vn -0.0000 0.9983 0.0590
vn -0.0000 0.9983 0.0587
vn -0.9977 -0.0671 -0.0046
vn 0.1543 -0.1716 -0.9730
vn 0.0373 0.1158 -0.9926
vn 0.1543 -0.1715 -0.9730
vn 0.0374 0.1161 -0.9925
vn -0.0834 0.3930 -0.9158
vn 0.9681 0.2486 -0.0320
vn 0.9681 0.2483 -0.0321
vn 0.9682 0.2483 -0.0321
vn -0.0793 0.8348 0.5448
vn -0.0792 0.8348 0.5448
vn -0.0466 0.8389 0.5422
vn -0.1114 0.8293 0.5476
vn 0.1110 0.7370 -0.6668
vn 0.1404 0.7324 -0.6662
vn 0.0817 0.7410 -0.6666
vn 0.9320 -0.3593 0.0488
vn 0.9319 -0.3594 0.0488
vn 0.9631 -0.2001 0.1800
vn 0.8597 -0.5037 -0.0845
vn -0.3962 -0.0504 0.9168
vn -0.3965 -0.0503 0.9167
vn -0.3965 -0.0505 0.9166
vn -0.3961 -0.0505 0.9168
vn 0.6509 0.7232 0.2308
vn 0.6508 0.7235 0.2301
vn 0.6565 0.7178 0.2319
vn 0.6459 0.7285 0.2283
vn 0.9602 -0.2792 -0.0059
vn 0.9602 -0.2792 -0.0055
vn 0.8688 -0.4888 -0.0791
vn 0.9742 -0.2248 0.0214
vn 0.9999 0.0159 0.0052
vn 0.9999 0.0160 0.0054
vn 0.9999 0.0152 0.0074
vn 0.9999 0.0163 0.0030
vn 0.5469 0.6356 0.5448
vn 0.5475 0.6353 0.5446
vn 0.5361 0.6438 0.5460
vn 0.5470 0.6356 0.5449
vn 0.7393 0.6546 0.1578
vn 0.7393 0.6546 0.1577
vn 0.7392 0.6548 0.1578
vn 0.5094 -0.0771 -0.8570
vn 0.5094 -0.0771 -0.8571
vn 0.5155 -0.0731 -0.8538
vn 0.5033 -0.0816 -0.8603
vn -0.5588 -0.8204 -0.1216
vn -0.5586 -0.8204 -0.1219
vn -0.5588 -0.8203 -0.1222
vn 0.5636 0.8085 -0.1692
vn 0.5639 0.8090 -0.1661
vn 0.5636 0.8085 -0.1693
vn 0.5639 0.8088 -0.1666
vn 0.4404 0.6790 0.5874
vn 0.4404 0.6791 0.5873
vn 0.4395 0.6778 0.5894
vn -0.5181 -0.7773 -0.3570
vn -0.5424 -0.7573 -0.3637
vn -0.5184 -0.7771 -0.3569
vn -0.6198 -0.7356 -0.2734
vn -0.6199 -0.7356 -0.2733
vn -0.6199 -0.7356 -0.2732
vn -0.6200 -0.7356 -0.2730
vn 0.4717 -0.0442 -0.8807
vn 0.4714 -0.0443 -0.8808
vn 0.4875 -0.0321 -0.8725
vn 0.4554 -0.0558 -0.8885
vn 0.7414 -0.5766 -0.3433
vn 0.7414 -0.5766 -0.3434
vn 0.7323 -0.5851 -0.3485
vn 0.7505 -0.5679 -0.3380
vn 0.7470 -0.6233 -0.2313
vn 0.7470 -0.6234 -0.2312
vn 0.7257 -0.6435 -0.2435
vn 0.7677 -0.6024 -0.2185
vn 0.9797 0.1907 0.0610
vn 0.9404 0.3388 0.0294
vn 0.9761 0.2167 -0.0141
vn 0.8941 0.4478 0.0048
vn 0.9421 0.3342 0.0278
vn 0.9604 0.2770 0.0318
vn 0.9961 0.0405 0.0786
vn 0.9989 -0.0259 -0.0379
vn 0.9604 0.2769 0.0318
vn 0.8497 -0.5263 -0.0303
vn 0.9591 0.2776 0.0558
vn 0.9669 0.2433 0.0765
vn 0.9492 0.2183 0.2268
vn 0.9979 0.0579 -0.0298
vn 0.9436 0.3180 0.0919
vn -0.0000 -0.9987 -0.0502
vn 0.7176 0.6964 0.0003
vn 0.7174 0.6967 -0.0002
vn 0.4989 0.8667 0.0008
vn 0.4990 0.8666 0.0004
vn 0.2404 0.9707 0.0004
vn 0.2433 0.9700 0.0012
vn 0.1839 -0.9734 0.1370
vn 0.2525 -0.9483 0.1924
vn 0.1476 -0.9820 0.1175
vn 0.0706 -0.9950 0.0713
vn 0.0309 -0.9970 0.0713
vn 0.0126 -0.9977 0.0672
vn -0.0832 -0.9954 -0.0485
vn -0.0010 -0.9983 -0.0578
vn -0.0420 -0.9971 -0.0633
vn -0.0021 -0.9985 -0.0544
vn -0.1236 -0.9908 -0.0560
vn -0.0053 -0.9985 -0.0536
vn 0.1137 -0.9922 -0.0507
vn 0.0786 -0.9958 -0.0471
vn 0.0404 -0.9972 -0.0635
vn -0.0006 -0.9983 -0.0578
vn 0.5102 -0.8600 -0.0048
vn 0.5101 -0.8601 -0.0052
vn 0.5102 -0.8600 -0.0076
vn 0.4762 0.8721 -0.1127
vn 0.3547 0.9303 -0.0931
vn 0.4762 0.8721 -0.1130
vn 0.3646 0.9280 -0.0768
vn 0.9985 0.0484 -0.0255
vn 0.9933 0.0938 -0.0674
vn 0.9985 0.0484 -0.0257
vn 0.9996 0.0217 0.0185
vn 0.9992 0.0359 0.0157
vn 0.9993 0.0344 0.0157
vn 0.9994 0.0317 0.0134
vn 0.9999 -0.0009 0.0159
vn -0.0000 1.0000 -0.0004
vn -0.0001 1.0000 0.0003
vn -0.0008 1.0000 0.0011
vn -0.0007 1.0000 0.0004
vn 0.8598 -0.5026 -0.0900
vn 0.8601 -0.5027 -0.0868
vn 0.0229 0.1892 0.9817
vn 0.0001 0.1892 0.9819
vn 0.3880 -0.9217 -0.0000
vn 0.3867 -0.9222 -0.0000
vn -0.4461 -0.8950 -0.0000
vn -0.4474 -0.8943 -0.0000
vn -0.9483 -0.3174 -0.0000
vn -0.9485 -0.3169 -0.0000
vn -0.9241 0.3821 -0.0000
vn -0.3810 0.9246 0.0002
vn -0.3823 0.9240 -0.0000
vn 0.3868 -0.9222 -0.0000
vn 0.3881 -0.9216 -0.0000
vn 0.9252 -0.3795 -0.0000
vn 0.9255 -0.3788 -0.0000
vn 0.3820 0.9242 -0.0000
vn 0.3811 0.9245 -0.0000
vn -0.3810 0.9246 -0.0000
vn -0.3823 0.9241 -0.0000
vn 0.7752 -0.4617 -0.4312
vn 0.7752 -0.4616 -0.4312
vn 0.7772 -0.4629 -0.4263
vn -0.0096 -0.3372 -0.9414
vn -0.0091 -0.3372 -0.9414
vn 0.3097 -0.8754 -0.3712
vn 0.3090 -0.8734 -0.3765
vn 0.1842 -0.0901 -0.9788
vn 0.1835 -0.0909 -0.9788
vn 0.1839 -0.0900 -0.9788
vn -0.2812 0.7871 0.5491
vn 0.6818 -0.5876 -0.4357
vn 0.6813 -0.5875 -0.4367
vn 0.6814 -0.5878 -0.4361
vn -0.4173 0.7313 0.5395
vn -0.0099 -0.0259 0.9996
vn -0.0115 -0.0259 0.9996
vn -0.0114 -0.0259 0.9996
vn -0.9783 0.2015 0.0492
vn -0.9783 0.2012 0.0491
vn -0.9684 0.2496 -0.0004
vn -0.9683 0.2496 0.0012
vn -0.9858 0.1679 -0.0000
vn -0.9858 0.1678 -0.0000
vn -0.9684 0.2495 0.0012
vn -0.9858 0.1679 0.0002
vn -0.9876 0.1569 0.0002
vn -0.0211 -0.0000 -0.9998
vn -0.0206 -0.0000 -0.9998
vn -0.0223 -0.0000 -0.9998
vn 0.9428 -0.0015 0.3332
vn 0.9430 -0.0015 0.3328
vn -0.9420 0.0008 -0.3356
vn -0.9421 0.0007 -0.3352
vn -0.9424 0.0007 -0.3346
vn -0.9420 0.0006 -0.3355
vn -0.0000 -0.0017 1.0000
vn -0.0000 1.0000 0.0025
vn -0.0000 1.0000 0.0017
vn -0.0001 0.0003 -1.0000
vn -0.0000 0.0005 -1.0000
vn -0.0002 0.0002 -1.0000
vn -0.8725 0.4886 0.0003
vn -0.8726 0.4885 -0.0003
vn -0.8725 0.4885 0.0010
vn -0.1106 -0.9918 0.0646
vn -0.1207 -0.9916 0.0474
vn -0.0000 0.6426 0.7662
vn -0.0000 0.6427 0.7662
vn 0.9909 -0.1268 -0.0453
vn 0.9912 -0.1010 -0.0850
vn 0.9985 -0.0544 -0.0001
vn 0.1854 0.0076 0.9826
vn 0.1823 -0.0280 0.9828
vn 0.1853 0.0077 0.9826
vn -0.1022 -0.0017 0.9948
vn -0.1022 -0.0000 0.9948
vn -0.0858 0.0360 0.9957
vn -0.0763 0.0542 0.9956
vn -0.0503 0.1114 0.9925
vn -0.5291 0.0587 -0.8465
vn -0.5683 -0.1960 -0.7991
vn -0.5368 -0.0488 -0.8423
vn -0.5397 -0.1754 -0.8234
vn -0.5329 -0.2587 -0.8057
vn -0.5769 -0.3304 -0.7470
vn -0.5956 -0.0888 -0.7984
vn -0.5364 -0.1560 -0.8294
vn -0.4876 -0.3286 -0.8089
vn -0.5362 -0.4456 -0.7169
vn -0.1881 -0.1137 -0.9755
vn 0.2425 0.4625 -0.8528
vn -0.6970 -0.1892 -0.6916
vn -0.7153 -0.2289 -0.6603
vn -0.7034 0.0252 -0.7103
vn -0.5526 -0.5683 -0.6096
vn -0.8762 0.4814 -0.0214
vn -0.8664 0.4969 -0.0502
vn -0.8268 0.5616 -0.0328
vn -0.8113 0.5843 -0.0214
vn -0.7696 0.6370 -0.0442
vn -0.8135 0.5806 -0.0352
vn 0.8066 -0.5899 0.0382
vn 0.8133 -0.5804 0.0412
vn 0.8405 -0.5409 0.0328
vn 0.8432 -0.5372 0.0183
vn 0.8718 -0.4891 0.0290
vn 0.8607 -0.5059 0.0569
vn -0.8149 0.5791 -0.0237
vn -0.8106 0.5845 -0.0359
vn -0.7891 0.6134 -0.0320
vn -0.7862 0.6174 -0.0275
vn -0.7628 0.6453 -0.0412
vn -0.7746 0.6313 -0.0381
vn 0.7630 -0.6455 0.0351
vn 0.7745 -0.6314 0.0381
vn 0.7892 -0.6132 0.0320
vn 0.7857 -0.6180 0.0275
vn 0.8144 -0.5799 0.0236
vn 0.8107 -0.5846 0.0329
vn -0.0921 0.8725 -0.4798
vn -0.1039 0.8699 -0.4822
vn -0.1322 0.6720 -0.7286
vn -0.1175 0.3837 -0.9160
vn -0.1173 0.0770 -0.9901
vn -0.0659 0.1035 -0.9925
vn -0.7548 0.6559 -0.0061
vn -0.7421 0.6700 -0.0188
vn -0.7257 0.6880 -0.0038
vn -0.7255 0.6882 0.0046
vn -0.6945 0.7195 -0.0015
vn -0.7073 0.7069 -0.0037
vn 0.6946 -0.7194 0.0015
vn 0.7074 -0.7068 0.0042
vn 0.7234 -0.6904 0.0046
vn 0.7248 -0.6889 -0.0046
vn 0.7515 -0.6597 0.0076
vn 0.7366 -0.6759 0.0237
vn 0.7028 -0.5565 -0.4431
vn 0.7028 -0.5569 -0.4427
vn 0.3699 0.0065 0.9291
vn 0.5048 0.0056 0.8632
vn 0.3564 0.0096 0.9343
vn 0.5749 0.0037 0.8182
vn 0.8190 0.0032 0.5738
vn 0.8186 0.0031 0.5743
vn 0.8854 0.0030 0.4648
vn 0.8854 0.0029 0.4648
vn 0.9942 0.0021 0.1072
vn 0.9944 0.0020 0.1061
vn 0.9943 0.0019 0.1068
vn 0.9944 0.0021 0.1057
vn 0.9942 0.0020 0.1072
vn 0.9933 0.0252 0.1125
vn 0.9925 0.0367 0.1163
vn 0.9895 0.0715 0.1255
vn -0.3644 0.0022 0.9312
vn -0.3642 0.0022 0.9313
vn -0.5719 0.0016 0.8203
vn -0.5722 0.0015 0.8201
vn -0.8263 0.0004 0.5632
vn -0.8262 0.0004 0.5634
vn -0.8908 -0.0001 0.4544
vn -0.8908 -0.0002 0.4544
vn -0.0789 0.9968 0.0084
vn -0.0796 0.9968 0.0071
vn 0.5773 0.8150 -0.0505
vn 0.5778 0.8146 -0.0504
vn 0.9712 0.2220 -0.0861
vn 0.9714 0.2220 -0.0847
vn 0.8901 -0.4491 -0.0779
vn 0.4580 -0.8881 -0.0401
vn 0.4587 -0.8876 -0.0419
vn -0.2010 -0.9794 0.0191
vn -0.2018 -0.9793 0.0175
vn -0.0000 0.8152 0.5791
vn 0.0116 0.4195 0.9077
vn 0.0122 0.4195 0.9077
vn -0.0000 -0.0095 -1.0000
vn 0.0544 0.3785 0.9240
vn 0.0541 0.3784 0.9241
vn -0.9998 0.0219 -0.0000
vn -0.9999 0.0057 0.0091
vn -0.9999 0.0076 0.0111
vn -0.9998 0.0179 0.0075
vn -0.9997 0.0244 0.0014
vn -0.9997 0.0229 -0.0015
vn -1.0000 0.0077 0.0031
vn -1.0000 0.0080 0.0027
vn -1.0000 0.0076 0.0042
vn -0.9999 0.0122 0.0076
vn -0.9999 0.0107 0.0073
vn -0.9999 0.0092 0.0053
vn -1.0000 0.0062 0.0001
vn -1.0000 0.0062 0.0006
vn -1.0000 0.0060 0.0007
vn -0.0917 -0.9635 -0.2515
vn -0.0920 -0.9635 -0.2516
vn -0.0917 -0.9635 -0.2517
vn 0.9998 0.0220 -0.0000
vn 0.9999 0.0057 0.0092
vn 0.9999 0.0076 0.0111
vn 0.9998 0.0179 0.0075
vn 0.9997 0.0244 0.0010
vn 0.9997 0.0229 -0.0015
vn 1.0000 0.0076 0.0032
vn 1.0000 0.0080 0.0027
vn 1.0000 0.0079 0.0029
vn 0.9999 0.0122 0.0076
vn 0.9999 0.0107 0.0073
vn 0.9999 0.0092 0.0068
vn 1.0000 0.0061 -0.0000
vn 1.0000 0.0061 0.0007
vn 1.0000 0.0061 0.0023
vn -0.0296 -0.9659 -0.2572
vn -0.0290 -0.9659 -0.2571
vn -0.0296 -0.9660 -0.2570
vn 0.0084 0.2403 -0.9707
vn 0.0083 0.2401 -0.9707
vn 0.0084 0.2405 -0.9706
vn 0.0082 0.2401 -0.9707
vn 0.5324 -0.3167 -0.7850
vn 0.5323 -0.3165 -0.7852
vn 0.5323 -0.3166 -0.7852
vn 0.5323 -0.3167 -0.7851
vn 0.9385 0.3365 0.0771
vn 0.9857 -0.1624 -0.0442
vn 0.9949 -0.1000 -0.0099
vn 0.6696 0.7418 0.0366
vn 0.7090 0.7042 -0.0374
vn 0.7844 0.6196 -0.0300
vn 0.6414 0.7617 0.0919
vn 0.6369 0.7611 0.1228
vn 0.6571 0.7414 0.1358
vn 0.6425 0.7539 0.1370
vn 0.6488 0.7479 0.1404
vn 0.6684 0.7287 0.1488
vn 0.9238 0.3700 0.0988
vn 0.9990 -0.0373 0.0240
vn 0.6628 0.7440 0.0846
vn 0.0778 0.1091 -0.9910
vn 0.0864 0.1280 -0.9880
vn -0.0580 0.3023 -0.9514
vn -0.1347 0.3906 -0.9106
vn -0.3197 0.6368 -0.7016
vn -0.3199 0.6371 -0.7013
vn -0.7526 -0.6523 0.0904
vn -0.8374 -0.5148 0.1835
vn -0.6975 -0.7153 -0.0435
vn -0.6325 -0.7729 -0.0496
vn -0.6517 -0.7481 -0.1251
vn -0.6557 -0.7410 -0.1450
vn -0.6295 -0.7648 -0.1374
vn -0.6235 -0.7692 -0.1396
vn -0.6487 -0.7482 -0.1393
vn -0.6745 -0.7276 -0.1252
vn -0.8614 -0.5028 -0.0721
vn -0.9931 -0.1159 -0.0191
vn -0.9952 0.0961 0.0191
vn -0.9905 0.1373 -0.0038
vn -0.9939 0.1083 -0.0206
vn -1.0000 0.0061 -0.0061
vn -1.0000 0.0091 -0.0008
vn -1.0000 -0.0074 -0.0003
vn -0.9999 0.0137 -0.0061
vn -0.9999 0.0122 0.0080
vn -0.9999 0.0138 0.0069
vn -0.9999 0.0137 0.0084
vn -1.0000 0.0092 0.0037
vn -1.0000 0.0081 0.0038
vn -1.0000 0.0080 0.0034
vn -0.9997 0.0233 -0.0015
vn -0.9997 0.0248 0.0013
vn -0.9998 0.0198 0.0077
vn -0.9999 0.0099 0.0112
vn -0.9999 0.0088 0.0091
vn -0.9997 0.0254 -0.0000
vn 0.6281 -0.0941 -0.7724
vn 0.8120 -0.4131 -0.4123
vn 0.8123 -0.4128 -0.4121
vn 0.6320 -0.2257 -0.7414
vn 0.4321 0.1105 -0.8950
vn 0.4746 0.1646 -0.8647
vn 0.2310 0.1820 -0.9558
vn 0.2316 0.1826 -0.9555
vn -0.0000 0.1881 -0.9822
vn -0.0000 0.1865 -0.9825
vn -0.2310 0.1820 -0.9558
vn -0.2316 0.1825 -0.9555
vn -0.4753 0.1648 -0.8643
vn -0.4327 0.1106 -0.8947
vn -0.6288 -0.0916 -0.7722
vn -0.6348 -0.2227 -0.7399
vn -0.8176 -0.4060 -0.4082
vn -0.8164 -0.4057 -0.4110
vn 0.6292 -0.0579 0.7751
vn 0.6295 -0.0580 0.7748
vn 0.6985 -0.4577 -0.5501
vn 0.7645 -0.3709 -0.5273
vn 0.5528 -0.4640 -0.6922
vn 0.9528 -0.2128 -0.2166
vn 0.9655 -0.1252 -0.2282
vn 0.9740 -0.1266 -0.1877
vn 0.8969 -0.4228 -0.1297
vn 0.7776 -0.6239 -0.0786
vn 0.4756 -0.8794 0.0206
vn 0.2953 -0.9535 0.0595
vn -0.0000 -0.9951 0.0985
vn -0.0000 -0.9961 0.0884
vn -0.2953 -0.9535 0.0595
vn -0.4756 -0.8794 0.0191
vn -0.7774 -0.6239 -0.0801
vn -0.8969 -0.4228 -0.1297
vn -0.9740 -0.1266 -0.1877
vn -0.9528 -0.2128 -0.2167
vn -0.9656 -0.1251 -0.2281
vn -0.7644 -0.3709 -0.5273
vn -0.6985 -0.4578 -0.5500
vn -0.5531 -0.4639 -0.6920
vn 0.6431 -0.2403 0.7271
vn 0.9101 0.3982 0.1148
vn 0.3619 0.8276 0.4290
vn 0.3563 0.8485 0.3913
vn 0.9076 0.4095 0.0928
vn 0.3637 0.8174 0.4467
vn 0.9056 0.4158 0.0842
vn 0.9219 -0.2481 -0.2976
vn 0.9167 -0.2295 -0.3270
vn 0.3958 -0.7610 -0.5140
vn 0.3906 -0.7405 -0.5469
vn -0.3606 -0.8281 -0.4292
vn -0.3635 -0.8175 -0.4467
vn -0.9071 -0.4105 -0.0929
vn -0.9055 -0.4158 -0.0842
vn -0.9218 0.2481 0.2980
vn -0.9165 0.2297 0.3276
vn -0.3956 0.7608 0.5144
vn -0.3907 0.7400 0.5475
vn 0.9123 0.3782 0.1574
vn 0.9538 0.2999 0.0185
vn 0.9259 -0.3716 -0.0674
vn 0.9301 -0.3670 -0.0166
vn 0.9115 0.3843 0.1464
vn 0.9354 -0.3327 -0.1195
vn 0.9307 -0.2854 -0.2287
vn 0.4059 -0.8019 -0.4383
vn -0.3563 -0.8485 -0.3913
vn -0.9099 -0.3986 -0.1147
vn -0.9308 0.2846 0.2293
vn -0.4068 0.8014 0.4384
vn 0.3120 -0.9223 -0.2282
vn 0.4045 -0.8968 -0.1794
vn 0.4104 -0.8558 -0.3151
vn -0.3536 -0.8766 -0.3263
vn -0.9113 -0.3849 -0.1464
vn -0.9354 0.3327 0.1199
vn -0.4105 0.8553 0.3162
vn 0.3538 0.8762 0.3272
vn -0.4093 -0.8669 -0.2845
vn -0.3586 -0.9026 -0.2383
vn -0.9124 -0.3782 -0.1563
vn -0.9304 0.3659 0.0205
vn -0.4042 0.8955 0.1863
vn 0.3586 0.9015 0.2423
vn 0.8487 0.5270 -0.0442
vn 0.9612 -0.2480 -0.1205
vn 0.3844 -0.8779 -0.2856
vn -0.9147 -0.2960 -0.2751
vn -0.8788 0.4394 -0.1863
vn -0.2933 0.9544 -0.0554
vn 0.4474 0.8934 0.0419
vn -0.2338 -0.9115 -0.3383
vn -0.7873 -0.5019 -0.3581
vn -0.9167 0.2442 -0.3163
vn -0.5009 0.8347 -0.2289
vn 0.2693 0.9589 -0.0889
vn -0.2604 -0.9652 -0.0227
vn -0.7380 0.6525 0.1719
vn -0.7382 0.6524 0.1713
vn -0.7376 0.6515 0.1775
vn -0.7375 0.6516 0.1774
vn -0.5585 0.3646 0.7451
vn -0.6420 0.4582 0.6147
vn -0.3053 0.0856 0.9484
vn -0.2037 0.0160 0.9789
vn -0.0118 -0.2090 0.9778
vn 0.0546 -0.2747 0.9600
vn -0.0971 -0.0466 0.9942
vn 0.0348 0.2434 0.9693
vn 0.0590 0.7150 0.6966
vn 0.1897 0.8535 0.4854
vn 0.1552 0.9172 0.3670
vn 0.0279 0.9383 0.3448
vn -0.1681 -0.9855 0.0234
vn -0.1681 -0.9855 0.0227
vn -0.2861 -0.1454 -0.9471
vn -0.5585 -0.6295 -0.5402
vn 0.2640 0.2385 0.9346
vn 0.1896 0.7049 0.6835
vn 0.2583 0.0390 0.9653
vn 0.3586 0.7851 0.5050
vn 0.0397 0.9932 0.1091
vn 0.1922 0.9593 -0.2067
vn -0.1383 0.8271 -0.5448
vn 0.0313 0.6293 -0.7765
vn -0.2580 0.2044 -0.9443
vn -0.2085 -0.0038 -0.9780
vn 0.1066 0.4340 -0.8946
vn 0.5700 0.7211 0.3938
vn 0.4549 0.8037 -0.3835
vn -0.9955 -0.0013 0.0946
vn -0.9956 -0.0014 0.0938
vn -0.9957 -0.0014 0.0924
vn -0.9955 -0.0012 0.0946
vn -0.9956 -0.0012 0.0939
vn -0.4769 -0.8755 0.0779
vn 0.5294 0.0587 -0.8463
vn 0.5368 -0.0488 -0.8423
vn 0.5683 -0.1960 -0.7991
vn 0.5397 -0.1754 -0.8234
vn 0.5329 -0.2586 -0.8057
vn 0.5769 -0.3304 -0.7470
vn 0.1881 -0.1138 -0.9755
vn -0.2437 0.4624 -0.8525
vn 0.4756 -0.3485 -0.8077
vn 0.5956 -0.0888 -0.7984
vn 0.5364 -0.1560 -0.8294
vn 0.5372 -0.4453 -0.7163
vn 0.6970 -0.1892 -0.6917
vn 0.7034 0.0252 -0.7103
vn 0.5526 -0.5683 -0.6097
vn 0.7153 -0.2289 -0.6603
vn 0.1933 -0.8783 -0.4373
vn 0.3376 -0.8968 -0.2860
vn -0.3418 -0.8888 -0.3052
vn 0.1261 -0.9468 -0.2960
vn -0.4478 -0.8499 -0.2777
vn -0.8290 -0.5276 -0.1854
vn -0.5798 0.8147 -0.0130
vn 0.1476 0.9718 0.1839
vn 0.0801 0.9968 0.0015
vn -0.5180 0.8186 0.2480
vn 0.0663 0.9125 0.4036
vn -0.6233 0.6721 0.3998
vn 0.0400 0.8878 0.4584
vn -0.6703 0.6630 0.3334
vn -0.9559 0.1549 0.2495
vn -0.9961 0.0695 0.0542
vn -0.8830 -0.4691 -0.0153
vn -0.5105 -0.8557 -0.0847
vn 0.2024 -0.9793 0.0046
vn -0.9748 0.2219 -0.0221
vn -0.9413 0.2563 0.2197
vn -0.9040 -0.4158 0.0992
vn -0.4601 -0.8878 -0.0107
vn -0.8937 -0.4481 -0.0206
vn 0.0408 -0.0698 0.9967
vn 0.0429 -0.5901 0.8062
vn 0.0463 0.1266 0.9909
vn -0.0540 -0.7882 -0.6131
vn 0.0086 -0.9892 0.1461
vn 0.0034 -1.0000 0.0057
vn 0.0366 -0.7406 0.6710
vn -0.1095 0.0113 0.9939
vn -0.0385 -0.7450 0.6659
vn -0.4112 -0.0035 0.9115
vn -0.2556 -0.7139 0.6519
vn -0.5958 -0.0141 0.8030
vn -0.3971 -0.7170 0.5729
vn -0.5253 -0.0145 0.8508
vn -0.3536 -0.7267 0.5890
vn -0.3282 0.0740 0.9417
vn -0.2152 -0.7329 0.6454
vn -0.2641 -0.1618 0.9508
vn -0.1347 -0.8106 0.5699
vn 0.0172 -0.9998 0.0048
vn 0.0397 -0.9916 -0.1228
vn 0.2591 -0.0760 -0.9628
vn 0.1538 -0.6151 -0.7733
vn 0.1770 0.1599 -0.9711
vn 0.1823 -0.7762 -0.6036
vn 0.5055 0.0133 -0.8627
vn 0.3765 -0.7114 -0.5935
vn 0.5977 -0.0706 -0.7986
vn 0.4407 -0.6994 -0.5628
vn 0.4094 -0.0005 -0.9124
vn 0.3197 -0.7106 -0.6267
vn 0.1064 -0.0153 -0.9942
vn 0.0973 -0.7033 -0.7042
vn -0.0725 0.0683 -0.9950
vn -0.0546 -0.6275 -0.7767
vn -0.0938 -0.1267 -0.9875
vn -0.0187 -0.9974 0.0696
vn 0.0336 -0.9994 0.0069
vn 0.0454 -0.9989 0.0151
vn 0.0324 -0.9994 0.0105
vn -0.6270 -0.7790 -0.0061
vn 0.6577 0.7195 0.2228
vn 0.6291 0.7402 0.2373
vn 0.5974 0.7767 0.1995
vn 0.6290 0.7404 0.2370
vn 0.6613 0.7160 0.2236
vn 0.6369 0.7337 0.2368
vn 0.6720 0.7055 0.2250
vn 0.6549 0.7255 0.2117
vn 0.4858 0.8565 0.1743
vn 0.3883 0.9088 0.1529
vn -0.0000 0.9872 0.1593
vn -0.0000 0.9889 0.1487
vn -0.3884 0.9087 0.1529
vn -0.4855 0.8568 0.1736
vn -0.5968 0.7770 0.2001
vn -0.6548 0.7253 0.2124
vn -0.6571 0.7207 0.2210
vn -0.6720 0.7056 0.2250
vn -0.6614 0.7161 0.2232
vn -0.6371 0.7338 0.2359
vn -0.6267 0.7432 0.2343
vn -0.6445 -0.2397 0.7261
vn -0.6437 -0.2396 0.7268
vn -0.6438 -0.2396 0.7267
vn -0.2425 0.9232 0.2983
vn -0.0000 0.9440 0.3300
vn -0.0018 0.9380 0.3466
vn 0.0284 0.7665 0.6417
vn -0.0000 0.5166 0.8562
vn -0.0284 0.7662 0.6420
vn 0.0018 0.9383 0.3459
vn 0.2425 0.9232 0.2983
vn -0.7884 0.6005 0.1339
vn -0.7325 0.6766 0.0754
vn -0.7208 0.6751 0.1571
vn -0.6894 0.6912 0.2167
vn -0.5674 0.8018 0.1877
vn -0.5510 0.7827 0.2895
vn -0.5986 0.7469 0.2894
vn -0.3755 0.8751 0.3052
vn -0.5166 0.7926 0.3238
vn -0.5722 0.7799 0.2537
vn -0.5516 0.8110 0.1947
vn -0.3240 0.9177 0.2299
vn -0.7467 0.6287 0.2172
vn -0.7171 0.6584 0.2287
vn -0.5652 0.7606 0.3195
vn -0.8127 0.5508 0.1898
vn -0.2428 0.9231 0.2983
vn -0.0362 0.9645 0.2617
vn -0.7831 0.5867 0.2064
vn -0.7825 0.5836 0.2169
vn -0.6981 0.6775 0.2315
vn -0.5060 0.8272 0.2444
vn -0.3715 0.8909 0.2614
vn -0.7227 0.6553 0.2197
vn -0.6625 0.7097 0.2397
vn -0.7344 0.6485 0.2003
vn -0.7449 0.6141 0.2608
vn 0.5722 0.7799 0.2537
vn 0.3240 0.9177 0.2299
vn 0.5517 0.8111 0.1944
vn 0.5169 0.7918 0.3253
vn 0.5991 0.7463 0.2902
vn 0.3761 0.8743 0.3067
vn 0.5655 0.7600 0.3202
vn 0.7172 0.6584 0.2283
vn 0.7466 0.6287 0.2176
vn 0.7227 0.6553 0.2197
vn 0.7342 0.6487 0.2004
vn 0.6625 0.7097 0.2397
vn 0.6981 0.6775 0.2317
vn 0.3715 0.8909 0.2614
vn 0.5060 0.8272 0.2444
vn 0.7449 0.6141 0.2608
vn 0.7826 0.5836 0.2168
vn -0.0000 0.9567 0.2910
vn -0.0000 0.9434 0.3316
vn 0.7831 0.5867 0.2064
vn 0.8127 0.5508 0.1901
vn 0.6894 0.6912 0.2167
vn 0.5509 0.7825 0.2902
vn 0.2427 0.9231 0.2983
vn 0.0362 0.9645 0.2617
vn 0.7888 0.6002 0.1323
vn 0.7208 0.6751 0.1571
vn 0.7325 0.6766 0.0754
vn 0.5674 0.8018 0.1877
vn 0.0080 -0.0000 1.0000
vn -0.6296 -0.0572 0.7748
vn -0.6294 -0.0572 0.7750
vn -0.6301 -0.0573 0.7744
vn 0.1663 -0.9858 0.0227
vn 0.1663 -0.9858 0.0234
vn 0.2972 0.8302 0.4716
vn 0.2228 0.8566 0.4654
vn 0.3701 0.7985 0.4748
vn -0.3099 -0.9459 -0.0961
vn -0.3862 -0.9181 -0.0893
vn -0.3095 -0.9460 -0.0961
vn -0.2314 -0.9675 -0.1023
vn 0.2586 -0.9657 -0.0226
vn 0.4700 0.7073 0.5280
vn 0.4799 0.6982 0.5312
vn 0.4762 0.7461 0.4653
vn 0.4405 0.8013 0.4049
vn 0.4279 0.8379 0.3388
vn 0.3750 0.8598 0.3466
vn 0.5665 -0.8171 0.1068
vn 0.5920 -0.7995 0.1014
vn 0.5664 -0.8171 0.1071
vn 0.3529 -0.9179 0.1813
vn 0.3329 -0.9247 0.1845
vn 0.3530 -0.9184 0.1785
vn 0.3533 -0.9183 0.1786
vn 0.9929 -0.0953 0.0711
vn 0.4022 -0.7969 -0.4508
vn 0.5303 0.7707 0.3532
vn 0.9962 -0.0870 -0.0097
vn 0.5485 0.8300 0.1017
vn 0.9955 -0.0908 0.0264
vn -0.6707 0.7004 0.2441
vn -0.6653 0.7411 0.0897
vn -0.6735 0.6617 0.3295
vn 0.4999 0.7006 0.5092
vn 0.4009 -0.9095 -0.1100
vn 0.5485 0.8300 0.1015
vn -0.6655 0.7463 -0.0149
vn -0.6653 0.7412 0.0897
vn 0.6596 0.7513 -0.0202
vn 0.9962 -0.0871 0.0015
vn -0.4004 -0.8025 0.4424
vn -0.4824 -0.8547 0.1915
vn 0.4329 -0.8612 0.2662
vn 0.5336 -0.6828 0.4990
vn 0.9830 -0.1762 0.0519
vn 0.9444 -0.1564 0.2891
vn 0.5795 0.7744 -0.2541
vn 0.5771 0.7269 -0.3722
vn 0.4404 0.7618 -0.4751
vn -0.6512 0.5554 -0.5172
vn 0.5499 0.8176 -0.1708
vn -0.6592 0.7210 -0.2135
vn 0.9963 -0.0732 0.0450
vn 0.5210 -0.8534 0.0175
vn 0.4008 -0.9095 -0.1100
vn 0.9853 -0.0359 0.1672
vn 0.3982 -0.8911 0.2176
vn 0.2531 -0.7690 0.5870
vn 0.6578 -0.7524 0.0344
vn 0.5641 -0.6613 -0.4944
vn 0.4031 -0.7574 -0.5137
vn 0.8729 -0.2220 -0.4344
vn -0.1648 -0.9069 -0.3877
vn -0.2940 -0.9297 -0.2220
vn -0.8098 -0.5867 0.0016
vn -0.8750 -0.4745 0.0959
vn -0.9503 0.0534 0.3067
vn -0.9274 0.2632 0.2657
vn -0.5932 0.6646 0.4543
vn -0.4769 0.8286 0.2931
vn 0.1659 0.9148 0.3683
vn 0.3124 0.9368 0.1574
vn 0.8264 0.5611 0.0472
vn 0.8819 0.4525 -0.1323
vn 0.9663 -0.0213 -0.2565
vn 0.5401 -0.6019 -0.5882
vn -0.1682 -0.8291 -0.5331
vn -0.0657 -0.7524 -0.6554
vn -0.8033 -0.5539 -0.2188
vn -0.9021 -0.4071 -0.1430
vn -0.9563 0.0962 0.2762
vn -0.9748 0.0961 0.2013
vn -0.6506 0.6334 0.4190
vn -0.6366 0.7126 0.2949
vn 0.1712 0.9534 0.2483
vn 0.0336 0.9796 0.1982
vn 0.7531 0.6534 0.0772
vn 0.3326 0.9307 0.1520
vn 0.8833 0.4643 0.0642
vn 0.9965 0.0030 -0.0832
vn 0.9949 -0.1007 -0.0111
vn 0.6980 -0.6839 -0.2125
vn 0.5325 -0.8404 -0.1004
vn 0.0098 -0.9781 -0.2079
vn -0.1117 -0.9846 -0.1344
vn -0.7683 -0.6278 -0.1249
vn -0.8136 -0.5760 -0.0795
vn -0.9962 0.0824 0.0273
vn -0.9878 0.1542 0.0216
vn -0.6696 0.7234 0.1681
vn -0.4590 0.8783 0.1337
vn -0.1465 -0.9256 -0.3489
vn 0.5643 -0.7340 -0.3779
vn 0.9603 -0.0992 -0.2606
vn 0.8857 0.4615 -0.0509
vn 0.1758 0.9159 0.3608
vn -0.6989 0.4863 0.5245
vn -0.9387 0.0519 0.3407
vn -0.7884 -0.5919 -0.1677
vn -0.9822 0.1365 0.1291
vn -0.8376 -0.5333 -0.1182
vn -0.9427 -0.0030 0.3336
vn -0.6158 0.5026 0.6068
vn 0.1751 0.8422 0.5099
vn 0.8615 0.5074 -0.0164
vn 0.9489 -0.0160 -0.3153
vn 0.6233 -0.5790 -0.5256
vn -0.2551 -0.8556 -0.4504
vn -0.8979 -0.4311 -0.0888
vn -0.6590 0.4851 0.5748
vn 0.2678 0.8058 0.5281
vn 0.8621 0.5028 0.0626
vn 0.9369 -0.0420 -0.3471
vn 0.6040 -0.5022 -0.6188
vn -0.0523 -0.7505 -0.6588
vn 0.1609 0.8192 0.5505
vn 0.8461 0.5211 0.1120
vn 0.9558 0.0335 -0.2920
vn 0.5416 -0.5282 -0.6539
vn 0.8326 0.5329 0.1508
vn 0.9737 0.0160 -0.2274
vn 0.5375 -0.8362 0.1088
vn -0.4267 -0.7248 -0.5409
vn -0.4015 -0.7744 -0.4890
vn -0.6478 -0.5758 -0.4988
vn -0.2287 -0.8004 -0.5542
vn -0.0000 -0.8260 -0.5636
vn -0.0000 -0.8318 -0.5550
vn 0.2287 -0.8004 -0.5542
vn 0.4267 -0.7248 -0.5409
vn 0.4012 -0.7738 -0.4902
vn 0.6478 -0.5758 -0.4988
vn -0.0548 -0.2254 -0.9727
vn -0.1553 -0.4409 -0.8840
vn 0.1676 -0.5395 -0.8251
vn -0.3230 -0.8490 -0.4181
vn -0.1967 -0.8554 -0.4792
vn -0.1455 -0.8467 -0.5118
vn -0.1612 -0.7645 -0.6241
vn -0.1974 -0.6867 -0.6996
vn -0.2036 -0.4296 -0.8798
vn -0.1398 -0.2086 -0.9680
vn -0.0000 -0.1502 -0.9887
vn -0.0000 -0.1305 -0.9915
vn 0.0545 -0.2251 -0.9728
vn -0.1105 -0.2301 -0.9669
vn -0.0000 -0.1701 -0.9854
vn -0.0000 -0.1354 -0.9908
vn 0.1103 -0.2297 -0.9670
vn 0.1400 -0.2090 -0.9678
vn 0.2038 -0.4302 -0.8794
vn 0.1551 -0.4403 -0.8844
vn 0.1972 -0.6860 -0.7004
vn 0.1604 -0.7646 -0.6242
vn 0.1455 -0.8467 -0.5118
vn 0.1974 -0.8553 -0.4791
vn 0.3226 -0.8493 -0.4179
vn -0.1679 -0.5401 -0.8247
vn -0.5304 0.7707 0.3532
vn -0.5485 0.8300 0.1017
vn -0.9962 -0.0870 -0.0097
vn 0.6707 0.7004 0.2441
vn 0.6662 0.7404 0.0896
vn 0.6734 0.6616 0.3298
vn -0.4997 0.7003 0.5098
vn -0.9955 -0.0908 0.0264
vn -0.4045 -0.8542 -0.3267
vn -0.9929 -0.0955 0.0715
vn -0.9964 -0.0725 0.0450
vn -0.9853 -0.0351 0.1672
vn -0.5497 0.8179 -0.1701
vn -0.4387 0.7629 -0.4749
vn -0.5768 0.7271 -0.3723
vn -0.9450 -0.1557 0.2878
vn -0.5337 -0.6828 0.4990
vn 0.4005 -0.8024 0.4424
vn -0.4343 -0.8601 0.2677
vn 0.4825 -0.8550 0.1901
vn -0.9834 -0.1740 0.0519
vn -0.5779 0.7758 -0.2533
vn 0.4103 0.8649 -0.2891
vn 0.6514 0.5555 -0.5169
vn 0.6586 0.7214 -0.2139
vn 0.6649 0.7468 -0.0152
vn -0.6607 0.7504 -0.0194
vn -0.9962 -0.0870 0.0015
vn -0.5485 0.8300 0.1016
vn 0.6661 0.7404 0.0896
vn -0.1453 0.9582 0.2464
vn 0.0041 0.9684 0.2495
vn 0.0018 0.9915 0.1300
vn -0.1512 0.9734 0.1720
vn -0.0766 0.9963 0.0397
vn 0.0786 0.9961 0.0397
vn 0.1554 0.9730 0.1708
vn 0.1532 0.9567 0.2476
vn 0.0049 0.9611 0.2761
vn -0.1414 0.9521 0.2712
vn 0.1510 0.9496 0.2746
vn 0.9105 0.4060 0.0782
vn 0.9106 0.4059 0.0782
vn 0.9577 0.2710 0.0973
vn 0.8441 0.5331 0.0572
vn 0.9768 -0.2136 0.0179
vn 0.9767 -0.2136 0.0187
vn 0.9808 -0.1938 0.0210
vn 0.9725 -0.2325 0.0154
vn 0.2613 0.4655 -0.8456
vn 0.2615 0.4653 -0.8456
vn 0.2401 0.3968 -0.8860
vn 0.2815 0.5302 -0.7998
vn 0.6001 0.2357 0.7644
vn 0.6000 0.2357 0.7645
vn 0.5300 0.1435 0.8357
vn 0.6590 0.3243 0.6786
vn -0.9095 0.4082 0.0782
vn -0.9096 0.4080 0.0782
vn -0.8432 0.5346 0.0572
vn -0.9573 0.2724 0.0973
vn 0.0002 0.3503 0.9366
vn 0.0002 0.3502 0.9367
vn 0.0002 0.3504 0.9366
vn -0.0010 -1.0000 0.0049
vn -0.0010 -1.0000 0.0060
vn -0.0010 -1.0000 0.0050
vn -0.0003 -0.5813 -0.8137
vn -0.0005 -0.5818 -0.8133
vn -0.0005 -0.5814 -0.8136
vn -0.0004 -0.5810 -0.8139
vn -0.0009 -0.9569 -0.2905
vn -0.0009 -0.9569 -0.2904
vn -0.0009 -0.9568 -0.2906
vn -0.0009 -0.9568 -0.2907
vn -0.9766 -0.2128 0.0294
vn -0.9766 -0.2129 0.0301
vn -0.9712 -0.2368 0.0276
vn -0.9814 -0.1889 0.0327
vn -0.2834 0.4647 -0.8389
vn -0.2832 0.4647 -0.8390
vn -0.3116 0.5325 -0.7870
vn -0.2525 0.3937 -0.8839
vn -0.6155 0.2365 0.7518
vn -0.6158 0.2366 0.7515
vn -0.6802 0.3258 0.6566
vn -0.5376 0.1411 0.8313
vn 0.0006 0.6648 -0.7470
vn 0.0007 0.6643 -0.7475
vn -0.0001 -0.2472 -0.9690
vn -0.0000 -0.2470 -0.9690
vn -0.0000 -0.2469 -0.9690
vn -0.0009 -0.9744 -0.2247
vn -0.0009 -0.9746 -0.2238
vn -0.0010 -0.9746 -0.2238
vn -0.0434 -0.0061 0.9990
vn -0.0434 -0.0062 0.9990
vn -0.0019 -0.0015 1.0000
vn 0.0397 0.0030 0.9992
vn 0.5162 0.8539 -0.0668
vn 0.4515 0.8917 0.0331
vn 0.4232 0.9051 -0.0401
vn 0.4079 0.9097 -0.0775
vn 0.1097 0.9663 0.2329
vn 0.1602 0.9832 0.0869
vn 0.0009 0.9598 0.2808
vn -0.1064 0.9666 0.2330
vn -0.1564 0.9839 0.0869
vn -0.4561 0.8876 -0.0645
vn -0.4247 0.9011 -0.0877
vn -0.5633 0.8200 -0.1011
vn -0.5144 0.8573 -0.0194
vn -0.3025 0.9365 -0.1773
vn -0.6354 0.7620 -0.1249
vn 0.6671 0.7445 -0.0268
vn -0.6569 0.7534 -0.0311
vn -0.9915 -0.1259 0.0338
vn -0.9963 -0.0862 0.0068
vn -0.5336 -0.8444 0.0471
vn -0.9953 -0.0855 -0.0450
vn -0.3935 -0.8932 -0.2176
vn -0.9938 -0.0839 -0.0723
vn -0.5490 0.8221 0.1505
vn -0.5495 0.8289 0.1048
vn 0.6575 0.7277 0.1955
vn 0.6623 0.7378 0.1307
vn -0.9918 0.1259 -0.0240
vn -0.6331 -0.7612 0.1404
vn 0.0266 -0.3349 -0.9419
vn 0.0259 -0.3353 -0.9418
vn 0.9915 -0.1259 0.0330
vn 0.6575 0.7529 -0.0294
vn 0.9963 -0.0862 0.0068
vn 0.9953 -0.0855 -0.0450
vn 0.5336 -0.8444 0.0473
vn 0.5495 0.8289 0.1049
vn 0.9918 0.1258 -0.0248
vn 0.6364 0.7611 -0.1253
vn -0.6645 0.7468 -0.0276
vn -0.6623 0.7378 0.1307
vn -0.6584 0.7270 0.1946
vn 0.5489 0.8221 0.1513
vn 0.9939 -0.0840 -0.0715
vn 0.3936 -0.8933 -0.2169
vn -0.5416 0.8276 -0.1474
vn 0.3011 0.9367 -0.1787
vn -0.8389 0.5348 -0.1015
vn -0.1768 -0.0969 -0.9795
vn -0.1763 -0.0969 -0.9796
vn -0.1769 -0.0976 -0.9794
vn -0.7123 0.6830 0.1617
vn -0.7127 0.6826 0.1617
vn -0.7101 0.6849 0.1632
vn -0.6674 0.7248 0.1709
vn -0.7074 0.6876 0.1635
vn -0.7075 0.6874 0.1640
vn -0.7075 0.6876 0.1635
vn -0.6656 0.7264 0.1714
vn 0.7110 0.6844 0.1615
vn 0.7110 0.6844 0.1616
vn 0.7117 0.6836 0.1617
vn 0.6686 0.7239 0.1701
vn 0.6691 0.7234 0.1702
vn 0.4134 0.8886 0.1989
vn 0.3716 0.9049 0.2075
vn -0.0000 0.9750 0.2224
vn -0.0000 0.9722 0.2340
vn -0.3715 0.9049 0.2075
vn -0.4129 0.8888 0.1987
vn 0.7118 0.6836 0.1614
vn 0.7121 0.6832 0.1614
vn 0.7118 0.6836 0.1615
vn 0.1421 -0.5089 -0.8490
vn 0.1962 -0.4890 -0.8499
vn 0.0547 -0.4852 -0.8727
vn -0.0000 -0.4769 -0.8790
vn -0.0000 -0.4685 -0.8835
vn -0.0547 -0.4852 -0.8727
vn -0.1420 -0.5083 -0.8494
vn -0.1958 -0.4891 -0.8500
vn -0.2317 -0.5966 -0.7684
vn -0.3598 -0.5126 -0.7796
vn -0.3805 -0.6585 -0.6493
vn -0.2552 -0.4906 -0.8332
vn -0.4067 -0.6002 -0.6887
vn -0.4266 -0.6183 -0.6601
vn -0.4177 -0.6996 -0.5798
vn -0.4486 -0.7003 -0.5553
vn -0.2658 -0.6930 -0.6701
vn -0.3970 -0.6630 -0.6347
vn -0.3102 -0.6958 -0.6478
vn 0.3599 -0.5126 -0.7796
vn 0.2315 -0.5959 -0.7689
vn 0.3809 -0.6591 -0.6484
vn 0.2552 -0.4906 -0.8332
vn 0.4067 -0.6002 -0.6887
vn 0.4272 -0.6188 -0.6592
vn 0.4177 -0.6996 -0.5798
vn 0.4486 -0.7003 -0.5553
vn 0.2658 -0.6930 -0.6701
vn 0.3970 -0.6629 -0.6347
vn 0.3102 -0.6958 -0.6478
vn 0.1278 -0.6828 -0.7193
vn -0.0000 -0.6691 -0.7432
vn -0.0000 -0.6466 -0.7628
vn -0.1278 -0.6828 -0.7193
vn -0.6547 -0.6159 -0.4381
vn -0.6547 -0.6152 -0.4392
vn 0.8377 -0.5332 -0.1183
vn 0.7675 -0.6287 -0.1251
vn 0.1465 -0.9258 -0.3486
vn 0.9962 0.0824 0.0281
vn 0.8123 -0.5777 -0.0805
vn 0.9878 0.1541 0.0219
vn 0.6695 0.7234 0.1688
vn 0.4591 0.8782 0.1341
vn -0.0336 0.9795 0.1985
vn -0.3326 0.9307 0.1524
vn -0.7523 0.6542 0.0777
vn -0.8830 0.4650 0.0639
vn -0.9965 0.0023 -0.0832
vn -0.9948 -0.1015 -0.0107
vn -0.6974 -0.6846 -0.2121
vn -0.5324 -0.8405 -0.1003
vn -0.0106 -0.9780 -0.2083
vn 0.1091 -0.9847 -0.1358
vn -0.6041 -0.5022 -0.6187
vn 0.0546 -0.7499 -0.6593
vn 0.2556 -0.8552 -0.4508
vn 0.8979 -0.4311 -0.0889
vn 0.9822 0.1366 0.1291
vn 0.6366 0.7126 0.2949
vn -0.1712 0.9534 0.2483
vn -0.8857 0.4615 -0.0511
vn -0.9600 -0.0999 -0.2615
vn -0.5634 -0.7346 -0.3780
vn -0.9734 0.0152 -0.2288
vn -0.5385 -0.6022 -0.5894
vn -0.5418 -0.5284 -0.6537
vn 0.0664 -0.7523 -0.6555
vn 0.9023 -0.4066 -0.1430
vn 0.9748 0.0961 0.2013
vn 0.6510 0.6331 0.4188
vn -0.1752 0.9158 0.3614
vn -0.8615 0.5075 -0.0167
vn -0.9487 -0.0168 -0.3159
vn -0.6226 -0.5791 -0.5264
vn 0.1682 -0.8291 -0.5331
vn 0.8034 -0.5539 -0.2187
vn 0.9563 0.0962 0.2762
vn 0.6997 0.4853 0.5243
vn -0.1755 0.8418 0.5104
vn -0.8621 0.5028 0.0625
vn -0.9373 -0.0419 -0.3460
vn 0.7877 -0.5927 -0.1680
vn 0.9388 0.0511 0.3407
vn 0.6157 0.5025 0.6070
vn -0.2678 0.8059 0.5281
vn -0.8461 0.5211 0.1120
vn 0.8098 -0.5867 0.0015
vn 0.9427 -0.0038 0.3335
vn 0.6590 0.4851 0.5748
vn -0.1609 0.8192 0.5505
vn 0.9503 0.0534 0.3066
vn 0.5932 0.6646 0.4543
vn 0.2940 -0.9297 -0.2220
vn 0.8750 -0.4745 0.0959
vn 0.9274 0.2632 0.2657
vn -0.8326 0.5329 0.1508
vn -0.9555 0.0328 -0.2931
vn -0.6779 -0.5853 -0.4448
vn -0.6773 -0.5849 -0.4462
vn -0.0304 0.1388 0.9899
vn -0.0000 0.5167 0.8562
vn -0.0285 0.7662 0.6420
vn -0.0000 0.0489 0.9988
vn -0.0441 -0.0267 0.9987
vn -0.0000 0.0061 1.0000
vn 0.0441 -0.0267 0.9987
vn 0.0304 0.1388 0.9899
vn 0.0284 0.7664 0.6418
vn -0.6041 0.7033 0.3747
vn -0.0379 0.8878 0.4586
vn -0.0657 0.9126 0.4036
vn -0.9871 0.1083 0.1182
vn -0.7248 0.6558 0.2112
vn -0.1476 0.9718 0.1838
vn -0.1263 -0.9468 -0.2960
vn -0.7902 -0.6126 0.0183
vn -0.2026 -0.9792 0.0046
vn -0.7275 -0.5901 -0.3501
vn -0.9994 0.0252 0.0229
vn -0.9769 -0.0007 -0.2138
vn -0.7297 0.6835 0.0168
vn -0.7746 0.6325 0.0038
vn -0.0801 0.9968 0.0015
vn -0.9857 0.1301 -0.1068
vn -0.7971 -0.5833 -0.1564
vn -0.7729 -0.5266 -0.3539
vn -0.1935 -0.8783 -0.4373
vn -0.3376 -0.8968 -0.2861
vn -0.0319 0.4174 0.9082
vn -0.0326 0.4174 0.9081
vn -0.0322 0.4180 0.9079
vn -0.0000 -0.5593 -0.8290
vn -0.0076 -0.5480 -0.8365
vn -0.0071 -0.5905 -0.8070
vn -0.0000 -0.6301 -0.7765
vn 0.0779 -0.6662 -0.7417
vn 0.0569 -0.6364 -0.7692
vn -0.0000 -0.5637 -0.8260
vn 0.0076 -0.5480 -0.8365
vn -0.0495 -0.5166 -0.8548
vn 0.0495 -0.5162 -0.8550
vn 0.0071 -0.5905 -0.8070
vn -0.0779 -0.6662 -0.7417
vn -0.0569 -0.6364 -0.7692
vn -0.0731 0.3743 0.9244
vn -0.0732 0.3753 0.9240
vn -0.0732 0.3747 0.9242
vn -0.9283 -0.2949 -0.2266
vn -0.8289 -0.4509 -0.3311
vn -0.7322 -0.6027 -0.3174
vn -0.7338 -0.6396 -0.2289
vn -0.5833 -0.7771 -0.2365
vn -0.5659 -0.8037 -0.1839
vn -0.5181 -0.8501 -0.0938
vn -0.4848 -0.8717 -0.0717
vn -0.3876 -0.9135 0.1236
vn -0.4923 -0.8438 0.2136
vn -0.3819 -0.7544 0.5339
vn -0.4159 -0.7426 0.5249
vn -0.3571 -0.5765 0.7349
vn -0.5520 -0.5672 0.6112
vn -0.5065 -0.1708 0.8452
vn -0.7421 -0.0885 0.6644
vn -0.7222 -0.6270 0.2921
vn -0.9298 -0.2296 0.2876
vn -0.7329 -0.6763 -0.0740
vn -0.9651 -0.2617 0.0046
vn -0.9963 0.0832 -0.0214
vn -0.9499 0.2358 0.2052
vn -0.8289 0.3193 0.4594
vn -0.7382 0.2674 0.6194
vn -0.6409 0.2964 0.7081
vn -0.7027 0.5240 0.4813
vn -0.8024 0.5138 0.3036
vn -0.9484 0.3120 0.0557
vn -0.9789 0.0583 -0.1960
vn -0.9224 -0.1858 -0.3387
vn 0.1318 -0.9582 -0.2540
vn 0.1317 -0.9586 -0.2524
vn 0.1318 -0.9583 -0.2537
vn 0.9496 0.2357 0.2067
vn 0.9484 0.3120 0.0572
vn 0.8024 0.5138 0.3036
vn 0.9963 0.0832 -0.0214
vn 0.9792 0.0583 -0.1945
vn 0.9280 -0.2948 -0.2280
vn 0.9224 -0.1857 -0.3387
vn 0.8289 -0.4509 -0.3311
vn 0.7322 -0.6026 -0.3174
vn 0.7338 -0.6396 -0.2289
vn 0.5833 -0.7771 -0.2365
vn 0.5657 -0.8035 -0.1854
vn 0.5182 -0.8503 -0.0923
vn 0.9651 -0.2617 0.0046
vn 0.7321 -0.6771 -0.0748
vn 0.4836 -0.8724 -0.0710
vn 0.7210 -0.6280 0.2929
vn 0.4906 -0.8448 0.2136
vn 0.5525 -0.5678 0.6102
vn 0.4145 -0.7434 0.5250
vn 0.7413 -0.0884 0.6653
vn 0.8276 0.3205 0.4608
vn 0.7359 0.2694 0.6212
vn 0.9302 -0.2297 0.2862
vn 0.3865 -0.9139 0.1244
vn 0.3806 -0.7563 0.5321
vn 0.3568 -0.5759 0.7356
vn 0.5065 -0.1708 0.8452
vn 0.6368 0.2980 0.7111
vn 0.6982 0.5281 0.4834
vn 0.0702 -0.9634 -0.2589
vn 0.0702 -0.9631 -0.2597
vn 0.0702 -0.9638 -0.2572
vn -0.0147 0.2405 -0.9705
vn -0.0142 0.2411 -0.9704
vn -0.0149 0.2404 -0.9706
vn -0.0150 0.2411 -0.9704
vn -0.5155 -0.3384 -0.7872
vn -0.5162 -0.3387 -0.7866
vn -0.5165 -0.3374 -0.7870
vn -0.5162 -0.3372 -0.7873
vn 0.5797 0.8147 -0.0130
vn -0.0800 0.9968 0.0015
vn -0.0656 0.9126 0.4036
vn 0.5180 0.8186 0.2480
vn 0.9748 0.2220 -0.0221
vn -0.0377 0.8878 0.4586
vn 0.6238 0.6715 0.3999
vn 0.9413 0.2563 0.2197
vn 0.8937 -0.4482 -0.0206
vn 0.9040 -0.4158 0.0992
vn 0.4601 -0.8878 -0.0107
vn 0.5105 -0.8557 -0.0847
vn -0.2025 -0.9793 0.0046
vn -0.1261 -0.9468 -0.2960
vn 0.4478 -0.8499 -0.2777
vn -0.1934 -0.8783 -0.4373
vn 0.3418 -0.8888 -0.3052
vn 0.8290 -0.5276 -0.1854
vn 0.8830 -0.4692 -0.0153
vn 0.9559 0.1549 0.2495
vn 0.6715 0.6617 0.3335
vn 0.9961 0.0695 0.0542
vn -0.0790 0.1068 -0.9911
vn 0.0484 0.3075 -0.9503
vn -0.0887 0.1251 -0.9882
vn 0.1215 0.3969 -0.9098
vn 0.2954 0.6509 -0.6993
vn 0.2959 0.6504 -0.6996
vn 0.7417 0.6608 0.1147
vn 0.0675 0.9193 0.3878
vn 0.0523 0.9699 0.2377
vn 0.6881 0.6869 0.2339
vn 0.1975 0.8842 0.4233
vn 0.8284 0.5376 0.1573
vn 0.9923 0.0632 -0.1068
vn 0.9458 -0.1214 -0.3013
vn 0.6874 -0.5742 -0.4448
vn 0.4730 -0.6285 -0.6174
vn -0.0046 -0.8553 -0.5182
vn -0.2087 -0.8036 -0.5574
vn -0.6911 -0.6674 -0.2775
vn -0.7393 -0.6198 -0.2632
vn -0.9915 0.0175 0.1286
vn -0.9642 0.1427 0.2237
vn -0.7050 0.6104 0.3612
vn -0.6253 0.6585 0.4187
vn 0.7400 0.6542 0.1563
vn 0.7812 0.5608 0.2743
vn 0.9975 -0.0626 0.0326
vn 0.9988 -0.0473 -0.0124
vn 0.7363 0.6741 0.0584
vn 0.9978 -0.0397 -0.0540
vn 0.9964 -0.0344 -0.0779
vn 0.6675 -0.7091 -0.2271
vn -0.0519 -0.9687 -0.2426
vn -0.7421 -0.6602 -0.1159
vn -0.9965 0.0351 0.0757
vn -0.6683 0.7103 0.2210
vn 0.6691 -0.7103 -0.2186
vn 0.6731 -0.7189 -0.1735
vn 0.6712 -0.7287 -0.1360
vn -0.0449 -0.9894 -0.1380
vn -0.7370 -0.6734 -0.0590
vn -0.9978 0.0396 0.0525
vn -0.6714 0.7294 0.1310
vn 0.0455 0.9900 0.1333
vn -0.1247 -0.9333 -0.3368
vn -0.0473 -0.9710 -0.2342
vn -0.7408 -0.6531 -0.1571
vn -0.9988 0.0465 0.0137
vn -0.6728 0.7186 0.1760
vn 0.0473 0.9709 0.2346
vn 0.6079 0.6999 0.3749
vn 0.9906 0.0747 0.1144
vn 0.6672 -0.7133 -0.2146
vn -0.7849 -0.5678 -0.2480
vn -0.9976 0.0618 -0.0315
vn -0.6044 0.7501 0.2684
vn 0.1198 0.9133 0.3892
vn -0.0355 -0.9428 -0.3314
vn -0.6211 -0.7271 -0.2924
vn -0.9929 -0.0763 -0.0915
vn -0.6626 0.7064 0.2491
vn -0.0976 0.9080 0.4075
vn 0.7788 -0.6207 0.0904
vn 0.7260 -0.6863 -0.0439
vn 0.8577 -0.4801 0.1839
vn 0.6638 -0.7462 -0.0508
vn 0.6822 -0.7204 -0.1251
vn 0.6858 -0.7134 -0.1442
vn 0.6608 -0.7379 -0.1370
vn 0.6547 -0.7430 -0.1388
vn 0.6794 -0.7202 -0.1404
vn 0.7040 -0.6988 -0.1266
vn 0.8815 -0.4667 -0.0713
vn 0.9971 -0.0747 -0.0175
vn 0.9903 0.1373 0.0210
vn 0.9841 0.1778 -0.0015
vn 0.9885 0.1495 -0.0206
vn 0.9915 0.0145 0.1295
vn 0.6698 0.7087 0.2218
vn 0.9965 0.0336 0.0762
vn 0.6896 -0.6691 -0.2770
vn 0.7371 -0.6229 -0.2620
vn 0.2087 -0.8036 -0.5574
vn 0.0046 -0.8552 -0.5182
vn -0.4730 -0.6287 -0.6172
vn -0.6873 -0.5744 -0.4446
vn -0.9458 -0.1214 -0.3013
vn -0.9923 0.0633 -0.1064
vn -0.8284 0.5376 0.1573
vn -0.6874 0.6874 0.2345
vn -0.1942 0.8837 0.4258
vn -0.0656 0.9187 0.3895
vn 0.6286 0.6541 0.4208
vn 0.7056 0.6091 0.3621
vn 0.9643 0.1404 0.2247
vn 0.9975 0.0633 -0.0320
vn 0.7859 -0.5662 -0.2487
vn 0.7416 -0.6519 -0.1579
vn 0.9987 0.0496 0.0130
vn 0.6044 0.7501 0.2684
vn 0.6713 0.7201 0.1755
vn 0.9979 0.0388 0.0528
vn 0.6729 0.7280 0.1314
vn 0.7430 -0.6591 -0.1166
vn 0.0523 -0.9685 -0.2434
vn -0.6691 -0.7079 -0.2262
vn -0.9964 -0.0336 -0.0772
vn -0.7433 0.6593 0.1135
vn -0.9902 0.0770 0.1167
vn -0.6078 0.6996 0.3756
vn -0.7821 0.5601 0.2733
vn -0.1206 0.9134 0.3889
vn 0.0976 0.9080 0.4075
vn -0.0480 0.9710 0.2343
vn 0.6654 0.7035 0.2497
vn 0.9927 -0.0786 -0.0914
vn 0.6212 -0.7272 -0.2921
vn 0.1266 -0.9325 -0.3382
vn 0.0389 -0.9422 -0.3328
vn -0.6682 -0.7108 -0.2197
vn -0.6683 -0.7125 -0.2138
vn -0.9975 -0.0626 0.0317
vn -0.7417 0.6525 0.1552
vn -0.0470 0.9901 0.1323
vn -0.0537 0.9701 0.2368
vn -0.7381 0.6723 0.0569
vn -0.9987 -0.0488 -0.0148
vn -0.6713 -0.7201 -0.1755
vn 0.0481 -0.9709 -0.2348
vn -0.9978 -0.0389 -0.0534
vn -0.6722 -0.7278 -0.1355
vn 0.0465 -0.9893 -0.1383
vn 0.7384 -0.6717 -0.0596
vn 0.9744 0.2250 0.0030
vn 0.9876 0.1348 -0.0806
vn 0.9929 0.1182 -0.0130
vn 0.9218 0.2481 0.2980
vn 0.9056 -0.4158 -0.0841
vn 0.9165 0.2297 0.3276
vn 0.3955 0.7609 0.5144
vn 0.3906 0.7401 0.5475
vn -0.3619 0.8276 0.4291
vn -0.3650 0.8169 0.4466
vn -0.9076 0.4095 0.0928
vn -0.9056 0.4158 0.0841
vn -0.9218 -0.2481 -0.2978
vn -0.9164 -0.2298 -0.3276
vn -0.3958 -0.7610 -0.5140
vn -0.3905 -0.7406 -0.5469
vn 0.3606 -0.8281 -0.4292
vn 0.3636 -0.8174 -0.4467
vn 0.9076 -0.4094 -0.0928
vn -0.2693 0.9589 -0.0889
vn 0.5009 0.8347 -0.2289
vn 0.2930 0.9545 -0.0553
vn 0.8776 0.4416 -0.1866
vn 0.9167 0.2442 -0.3162
vn 0.9147 -0.2968 -0.2741
vn 0.7873 -0.5019 -0.3582
vn 0.4074 -0.8682 -0.2834
vn 0.2338 -0.9115 -0.3383
vn -0.3109 -0.9225 -0.2286
vn -0.3830 -0.8782 -0.2867
vn -0.9246 -0.3746 -0.0696
vn -0.9609 -0.2487 -0.1215
vn -0.9536 0.3006 0.0187
vn -0.8487 0.5270 -0.0442
vn -0.4447 0.8947 0.0430
vn 0.4018 0.8967 0.1858
vn -0.3565 0.9021 0.2432
vn -0.9118 0.3792 0.1578
vn -0.9289 -0.3698 -0.0186
vn -0.4019 -0.8977 -0.1805
vn 0.3561 -0.9037 -0.2378
vn 0.9119 -0.3794 -0.1565
vn 0.9289 0.3697 0.0196
vn 0.9352 0.3333 0.1197
vn 0.9113 -0.3848 -0.1464
vn 0.3549 -0.8761 -0.3263
vn -0.4096 -0.8558 -0.3160
vn -0.9350 -0.3337 -0.1202
vn -0.9115 0.3843 0.1464
vn -0.3548 0.8759 0.3270
vn 0.4096 0.8558 0.3159
vn 0.9306 0.2853 0.2293
vn 0.4058 0.8016 0.4390
vn -0.3563 0.8485 0.3913
vn -0.9101 0.3982 0.1147
vn -0.9308 -0.2853 -0.2286
vn -0.4070 -0.8016 -0.4379
vn 0.3565 -0.8487 -0.3907
vn 0.9101 -0.3982 -0.1146
vn -0.1951 -0.8133 0.5482
vn 0.9713 0.2373 -0.0144
vn 0.9704 0.2410 -0.0183
vn 0.8961 0.4381 -0.0710
vn 0.9705 0.2397 -0.0252
vn 0.9699 0.2412 -0.0336
vn 0.9426 0.3289 -0.0580
vn 0.9697 0.2419 -0.0344
vn 0.7226 0.6804 -0.1221
vn 0.7175 0.6904 -0.0923
vn 0.4734 0.8729 -0.1183
vn 0.4733 0.8727 -0.1198
vn -0.0000 0.9900 -0.1410
vn -0.0000 0.9902 -0.1396
vn -0.4680 0.8751 -0.1228
vn -0.4679 0.8750 -0.1243
vn -0.7134 0.6943 -0.0954
vn -0.7198 0.6828 -0.1251
vn -0.8970 0.4356 -0.0748
vn -0.9426 0.3289 -0.0580
vn -0.9721 0.2342 -0.0160
vn -0.9698 0.2417 -0.0328
vn -0.9692 0.2441 -0.0335
vn -0.9694 0.2442 -0.0259
vn -0.9702 0.2411 -0.0237
vn -0.9702 0.2410 -0.0236
vn -0.0284 -0.9675 0.2513
vn -0.0278 -0.9675 0.2512
vn -0.0284 -0.9675 0.2512
vn -0.9532 0.3022 -0.0031
vn -0.9930 0.1174 -0.0137
vn -0.9904 0.1381 -0.0038
vn -0.9841 0.1769 0.0168
vn -0.9807 0.1945 0.0187
vn -0.9480 0.3174 0.0252
vn -0.9816 0.1900 0.0206
vn -0.6238 0.7814 0.0175
vn -0.6098 0.7922 0.0252
vn -0.4833 0.8747 0.0366
vn -0.4101 0.9108 0.0481
vn -0.0000 0.9984 0.0560
vn -0.0000 0.9981 0.0613
vn 0.4101 0.9108 0.0484
vn 0.4833 0.8747 0.0366
vn 0.6098 0.7922 0.0237
vn 0.6238 0.7814 0.0179
vn 0.9532 0.3022 -0.0030
vn 0.9479 0.3174 0.0252
vn 0.9904 0.1381 -0.0053
vn 0.9815 0.1900 0.0221
vn 0.9807 0.1945 0.0195
vn 0.9841 0.1768 0.0169
vn 0.9930 0.1174 -0.0137
vn 0.9999 0.0053 -0.0153
vn 0.9999 0.0052 -0.0137
vn 0.9669 0.2434 0.0765
vn 0.9491 0.2183 0.2270
vn -0.0028 1.0000 -0.0038
vn -0.0029 1.0000 -0.0053
vn 0.2831 0.6724 0.6839
vn -0.2652 0.6708 0.6926
vn -0.1271 0.8323 0.5396
vn 0.4115 0.6635 0.6249
vn 0.4475 0.7108 0.5427
vn 0.1050 0.9085 0.4044
vn -0.0021 0.9994 0.0351
vn -0.0028 1.0000 -0.0053
vn -0.2439 -0.9651 0.0953
vn -0.4489 -0.8900 0.0794
vn -0.0031 1.0000 -0.0046
vn -0.0032 1.0000 -0.0031
vn -0.2717 0.6657 -0.6950
vn 0.2769 0.6667 -0.6920
vn 0.1345 0.8283 -0.5439
vn -0.4016 0.6554 -0.6397
vn -0.4391 0.7035 -0.5588
vn -0.1010 0.9052 -0.4129
vn -0.0027 0.9991 -0.0435
vn -0.0026 0.9991 -0.0420
vn -0.0030 1.0000 -0.0015
vn -0.0030 1.0000 -0.0031
vn -0.9995 -0.0328 -0.0001
vn -0.9995 -0.0328 -0.0000
vn -0.9995 -0.0328 -0.0002
vn -0.9998 -0.0217 0.0034
vn 0.0019 0.0164 -0.9999
vn 0.0053 -0.0000 -1.0000
vn 0.0027 -0.0061 -1.0000
vn 0.0030 -0.0061 -1.0000
vn 0.0028 -0.0062 -1.0000
vn -0.0068 -0.9975 0.0705
vn 0.7189 -0.6689 -0.1892
vn 0.0816 -0.9619 0.2608
vn -0.0617 -0.9903 -0.1247
vn 0.6590 -0.7273 -0.1915
vn 0.8620 0.0072 -0.5068
vn 0.7721 -0.6354 0.0145
vn 0.2510 -0.8461 0.4702
vn 0.8380 -0.2232 -0.4980
vn 0.4351 0.3829 -0.8149
vn 0.6360 0.5860 -0.5020
vn 0.9307 0.0495 -0.3623
vn 0.6516 -0.7459 -0.1381
vn -0.0626 -0.9119 -0.4056
vn 0.6715 -0.6685 0.3198
vn 0.0748 -0.7753 0.6272
vn 0.9106 -0.3787 -0.1653
vn 0.6043 0.0515 -0.7951
vn -0.0397 0.6294 -0.7761
vn -0.2282 0.8628 -0.4511
vn 0.0092 0.9638 -0.2663
vn 0.6090 0.7369 -0.2934
vn 0.9953 -0.0634 -0.0726
vn 0.6299 -0.7593 -0.1634
vn 0.2154 -0.8681 -0.4472
vn 0.7124 -0.6892 -0.1320
vn 0.9501 -0.2531 0.1824
vn 0.6882 0.7255 0.0103
vn 0.1015 0.9921 -0.0737
vn 0.8620 -0.4219 0.2811
vn 0.7966 0.3423 0.4982
vn 0.0679 0.9899 0.1244
vn 0.0267 0.9413 0.3364
vn 0.7227 0.0461 0.6896
vn -0.1129 0.9208 0.3734
vn -0.0000 -1.0000 -0.0001
vn -0.7841 -0.5357 -0.3135
vn 0.7673 -0.6294 -0.1233
vn 0.8687 -0.4889 -0.0791
vn 0.7672 -0.6293 -0.1240
vn -0.0717 0.5897 -0.8044
vn -0.0938 -0.1266 -0.9875
vn -0.0462 0.7389 -0.6722
vn 0.1064 -0.0152 -0.9942
vn 0.0526 0.6889 -0.7230
vn 0.4094 -0.0003 -0.9123
vn 0.2540 0.7152 -0.6511
vn 0.3949 0.7161 -0.5755
vn 0.5055 0.0134 -0.8627
vn 0.3425 0.7259 -0.5964
vn 0.2591 -0.0759 -0.9629
vn 0.1763 0.7336 -0.6563
vn 0.1770 0.1600 -0.9711
vn 0.0168 0.9973 -0.0721
vn -0.0343 0.9994 -0.0074
vn -0.0473 0.9988 -0.0143
vn -0.0328 0.9994 -0.0086
vn -0.0120 0.9893 -0.1457
vn -0.0027 0.9965 0.0833
vn 0.0275 0.6284 0.7774
vn -0.1007 0.7002 0.7069
vn -0.3211 0.7075 0.6295
vn -0.4451 0.6968 0.5624
vn -0.3334 0.7684 0.5463
vn -0.0244 0.9997 -0.0067
vn 0.1034 0.8114 -0.5753
vn -0.0496 0.9913 0.1220
vn -0.2148 0.7745 0.5950
vn -0.4112 -0.0034 0.9115
vn -0.1095 0.0116 0.9939
vn 0.0464 0.1267 0.9909
vn 0.0332 0.7891 0.6134
vn -0.3282 0.0742 0.9417
vn -0.2213 0.6113 0.7598
vn 0.2808 0.7871 0.5492
vn 0.2812 0.7871 0.5490
vn -0.9408 0.1908 -0.2803
vn -0.5708 -0.6102 -0.5494
vn -0.7810 -0.4734 -0.4073
vn -0.9348 0.2758 -0.2236
vn -0.6179 0.7862 -0.0091
vn -0.5588 0.8290 0.0232
vn -0.6515 0.7461 0.1375
vn -0.6609 0.7264 0.1887
vn -0.9323 -0.0504 0.3582
vn -0.8622 -0.0076 0.5066
vn -0.6366 -0.5870 0.5002
vn -0.5014 -0.5571 0.6620
vn -0.7478 -0.6627 -0.0393
vn -0.9956 0.0622 0.0703
vn -0.6728 -0.6812 0.2887
vn 0.1015 0.9921 -0.0736
vn -0.7128 0.6724 0.1997
vn -0.8807 0.1646 0.4442
vn -0.7231 -0.3197 0.6123
vn 0.0747 -0.7752 0.6273
vn 0.2510 -0.8460 0.4704
vn 0.0816 -0.9619 0.2609
vn -0.0069 -0.9975 0.0706
vn -0.0618 -0.9903 -0.1247
vn -0.0627 -0.9119 -0.4056
vn 0.2152 -0.8682 -0.4472
vn 0.0091 0.9639 -0.2662
vn -0.6821 0.7301 0.0419
vn -0.8483 0.4977 0.1810
vn -0.2283 0.8628 -0.4510
vn -0.4602 0.8693 -0.1801
vn 0.4174 0.7312 0.5395
vn 0.4173 0.7315 0.5393
vn -1.0000 -0.0001 -0.0004
vn -0.9998 0.0202 0.0078
vn -0.9990 0.0443 0.0016
vn -0.9952 0.0969 0.0146
vn -0.9995 0.0279 -0.0114
vn -0.9998 -0.0019 -0.0214
vn -0.9998 0.0057 -0.0210
vn -0.9987 0.0445 -0.0243
vn -0.7772 -0.4629 -0.4263
vn -0.7752 -0.4617 -0.4311
vn -0.7751 -0.4617 -0.4312
vn 0.9998 0.0061 -0.0210
vn 0.9987 0.0450 -0.0243
vn 0.9998 -0.0015 -0.0214
vn 0.9995 0.0278 -0.0115
vn 0.9990 0.0442 0.0016
vn 0.9952 0.0969 0.0146
vn 0.9998 0.0202 0.0074
vn 1.0000 -0.0000 -0.0010
vn -0.9988 -0.0094 -0.0489
vn -0.9988 -0.0095 -0.0489
vn -0.9990 0.0438 0.0118
vn -0.9999 -0.0000 0.0127
vn -0.9999 0.0001 0.0127
vn 0.9995 -0.0328 -0.0002
vn 0.9998 -0.0219 0.0047
vn 0.9995 -0.0328 -0.0000
vn 0.9995 -0.0328 -0.0001
vn -0.7231 0.0462 0.6892
vn -0.0267 0.9413 0.3364
vn 0.1130 0.9210 0.3728
vn -0.7966 0.3422 0.4983
vn -0.0649 0.9901 0.1244
vn -0.8622 -0.4220 0.2802
vn -0.7125 -0.6894 -0.1305
vn -0.9498 -0.2541 0.1823
vn -0.6881 0.7255 0.0095
vn -0.1045 0.9918 -0.0729
vn -0.6318 -0.7579 -0.1627
vn -0.2154 -0.8681 -0.4472
vn -0.9953 -0.0634 -0.0726
vn -0.6089 0.7370 -0.2934
vn -0.0092 0.9638 -0.2663
vn 0.0625 -0.9116 -0.4062
vn -0.6516 -0.7459 -0.1381
vn -0.9307 0.0496 -0.3624
vn -0.6363 0.5863 -0.5015
vn 0.2282 0.8628 -0.4511
vn -0.4329 0.3836 -0.8158
vn 0.0396 0.6291 -0.7763
vn -0.6043 0.0515 -0.7951
vn -0.8377 -0.2231 -0.4985
vn -0.9106 -0.3787 -0.1653
vn -0.7733 -0.6339 0.0145
vn -0.6715 -0.6685 0.3197
vn -0.2540 -0.8457 0.4693
vn -0.0748 -0.7752 0.6272
vn -0.6591 -0.7273 -0.1915
vn 0.0618 -0.9904 -0.1240
vn 0.0068 -0.9975 0.0698
vn -0.8620 0.0072 -0.5068
vn -0.7189 -0.6689 -0.1892
vn -0.0817 -0.9619 0.2609
vn 0.9997 -0.0225 0.0019
vn 0.9997 -0.0225 0.0091
vn 1.0000 -0.0051 -0.0046
vn 0.9998 -0.0000 -0.0199
vn 0.9998 -0.0210 0.0050
vn 1.0000 -0.0000 -0.0008
vn 1.0000 -0.0000 -0.0009
vn -0.0675 0.3170 -0.9460
vn -0.1106 -0.5177 -0.8484
vn -0.2499 -0.4614 -0.8513
vn -0.2466 -0.0598 -0.9673
vn 0.0808 0.6609 -0.7461
vn 0.1189 0.9084 -0.4008
vn 0.2365 0.9708 -0.0397
vn -0.0698 0.2515 -0.9653
vn -0.0988 -0.4520 -0.8865
vn 0.0782 0.2797 -0.9569
vn -0.1080 -0.5413 -0.8339
vn 0.0061 0.9446 -0.3281
vn 0.1824 0.9490 0.2572
vn 0.3156 0.8052 0.5020
vn 0.0916 0.8734 -0.4783
vn 0.1350 0.9306 -0.3402
vn 0.2976 0.3793 -0.8761
vn 0.2296 0.2780 -0.9327
vn 0.2799 -0.3340 -0.9000
vn 0.2228 -0.4826 -0.8470
vn 0.0442 0.2952 -0.9544
vn 0.0668 -0.3944 -0.9165
vn -0.0389 0.2346 -0.9713
vn -0.0687 -0.4649 -0.8827
vn 0.1293 0.3360 -0.9330
vn 0.1972 0.8641 -0.4631
vn 0.0824 0.9397 0.3319
vn 0.2234 0.5257 0.8208
vn 0.2224 0.1533 0.9628
vn -0.0847 0.9199 0.3829
vn -0.2084 0.4827 0.8506
vn -0.2267 0.3346 0.9147
vn -0.0977 0.9614 0.2571
vn -0.1232 0.5631 0.8171
vn -0.1084 0.9744 0.1969
vn -0.0336 0.8804 -0.4730
vn -0.0084 0.8405 -0.5417
vn 0.2251 0.8552 -0.4669
vn 0.1026 0.5266 0.8439
vn 0.1739 0.9123 0.3707
vn 0.2152 0.9326 0.2898
vn 0.0252 0.9761 0.2159
vn 0.0641 0.4730 0.8787
vn 0.0725 0.4728 0.8782
vn 0.0786 0.4758 0.8760
vn 0.0976 -0.3151 0.9440
vn 0.1026 0.5265 0.8440
vn 0.2234 0.5256 0.8209
vn -0.1483 -0.5368 0.8306
vn -0.1449 -0.8497 0.5069
vn -0.5247 -0.8355 0.1632
vn 0.0782 -0.4519 0.8886
vn 0.0725 0.4727 0.8782
vn -0.0908 -0.3165 0.9442
vn 0.0786 0.4758 0.8761
vn 0.0046 -0.9575 0.2884
vn -0.2987 -0.9135 -0.2762
vn -0.5299 -0.6524 -0.5418
vn -0.0694 -0.8729 0.4830
vn -0.1083 -0.9321 0.3456
vn -0.2340 -0.3829 0.8937
vn -0.1893 -0.2836 0.9401
vn -0.2269 0.3344 0.9147
vn -0.0321 -0.3125 0.9494
vn -0.1232 0.5631 0.8172
vn 0.0053 -0.4046 0.9145
vn 0.0641 0.4729 0.8788
vn -0.1148 -0.3020 0.9464
vn -0.1755 -0.9235 0.3410
vn -0.0790 -0.9362 -0.3426
vn -0.2500 -0.4615 -0.8512
vn -0.2466 -0.0599 -0.9673
vn 0.0916 -0.9195 -0.3822
vn 0.2228 -0.4827 -0.8470
vn 0.0725 -0.9795 -0.1877
vn 0.0668 -0.3945 -0.9165
vn 0.1007 -0.9759 -0.1938
vn 0.0320 -0.8842 0.4661
vn 0.0019 -0.8553 0.5181
vn -0.2086 -0.8352 0.5088
vn -0.1755 -0.9079 -0.3807
vn -0.2167 -0.9049 -0.3662
vn -0.0588 -0.9562 -0.2869
vn -0.0687 -0.4650 -0.8826
vn -0.0988 -0.4521 -0.8865
vn -0.1080 -0.5413 -0.8338
vn -0.3090 -0.8734 -0.3765
vn -0.3097 -0.8753 -0.3714
vn -0.0421 -0.5901 0.8062
vn -0.0416 -0.0699 0.9967
vn -0.0471 0.1267 0.9908
vn 0.4112 -0.0035 0.9115
vn 0.1099 0.0114 0.9939
vn 0.0377 -0.7447 0.6664
vn -0.0366 -0.7406 0.6710
vn -0.0086 -0.9892 0.1461
vn -0.0034 -1.0000 0.0057
vn 0.0540 -0.7882 -0.6131
vn 0.0545 -0.6275 -0.7767
vn 0.0938 -0.1267 -0.9875
vn 0.0725 0.0682 -0.9950
vn -0.0965 -0.7033 -0.7043
vn -0.1057 -0.0153 -0.9943
vn -0.3197 -0.7107 -0.6267
vn -0.4101 -0.0005 -0.9120
vn -0.4413 -0.6991 -0.5626
vn -0.5982 -0.0706 -0.7982
vn -0.3758 -0.7115 -0.5937
vn -0.5058 0.0133 -0.8625
vn -0.1564 -0.6148 -0.7730
vn -0.2605 -0.0759 -0.9625
vn -0.1770 0.1598 -0.9711
vn -0.1823 -0.7762 -0.6036
vn -0.0397 -0.9916 -0.1228
vn -0.0187 -0.9998 0.0055
vn 0.1343 -0.8106 0.5699
vn 0.2151 -0.7326 0.6458
vn 0.2639 -0.1617 0.9509
vn 0.3280 0.0740 0.9418
vn 0.3543 -0.7265 0.5888
vn 0.5256 -0.0145 0.8506
vn 0.3964 -0.7172 0.5731
vn 0.5958 -0.0142 0.8030
vn 0.2555 -0.7135 0.6524
vn 0.0179 -0.9974 0.0696
vn -0.0336 -0.9994 0.0069
vn -0.0469 -0.9988 0.0159
vn -0.0317 -0.9994 0.0105
vn -0.5102 -0.8600 -0.0076
vn -0.5101 -0.8601 -0.0047
vn -0.5099 -0.8602 -0.0046
vn 0.0717 0.5897 -0.8044
vn 0.0725 0.0683 -0.9950
vn 0.0938 -0.1266 -0.9875
vn -0.4100 -0.0004 -0.9121
vn -0.1056 -0.0152 -0.9943
vn -0.0526 0.6890 -0.7228
vn 0.0462 0.7389 -0.6722
vn 0.0120 0.9893 -0.1457
vn 0.0027 0.9965 0.0833
vn -0.0332 0.7891 0.6134
vn -0.0275 0.6284 0.7774
vn -0.0471 0.1268 0.9908
vn -0.0416 -0.0698 0.9967
vn 0.1007 0.7003 0.7067
vn 0.1099 0.0115 0.9939
vn 0.3211 0.7075 0.6295
vn 0.4112 -0.0034 0.9115
vn 0.4447 0.6973 0.5621
vn 0.5959 -0.0140 0.8030
vn 0.3334 0.7683 0.5463
vn 0.2213 0.6113 0.7598
vn 0.3280 0.0741 0.9418
vn 0.2147 0.7741 0.5955
vn 0.0511 0.9912 0.1220
vn 0.0244 0.9997 -0.0063
vn -0.1060 0.8112 -0.5751
vn -0.1763 0.7336 -0.6563
vn -0.1770 0.1600 -0.9711
vn -0.3425 0.7257 -0.5967
vn -0.5059 0.0134 -0.8625
vn -0.3942 0.7163 -0.5757
vn -0.5982 -0.0705 -0.7982
vn -0.2540 0.7152 -0.6511
vn -0.0168 0.9973 -0.0721
vn 0.0343 0.9994 -0.0082
vn 0.0473 0.9988 -0.0136
vn 0.0328 0.9994 -0.0089
vn 0.4626 0.8681 -0.1799
vn 0.2282 0.8629 -0.4510
vn 0.8473 0.4989 0.1822
vn 0.6821 0.7301 0.0419
vn -0.0091 0.9639 -0.2662
vn 0.7235 -0.3198 0.6118
vn 0.8810 0.1646 0.4436
vn 0.7113 0.6738 0.2002
vn -0.1045 0.9919 -0.0729
vn -0.0747 -0.7752 0.6272
vn 0.5017 -0.5575 0.6614
vn 0.8622 -0.0076 0.5066
vn 0.6591 0.7277 0.1898
vn 0.6515 0.7461 0.1375
vn 0.5567 0.8304 0.0225
vn 0.1130 0.9211 0.3727
vn 0.6179 0.7862 -0.0091
vn 0.9343 0.2765 -0.2250
vn 0.9408 0.1908 -0.2803
vn 0.7810 -0.4733 -0.4073
vn 0.5702 -0.6097 -0.5505
vn 0.0627 -0.9116 -0.4062
vn -0.2152 -0.8681 -0.4473
vn 0.7478 -0.6628 -0.0385
vn 0.9956 0.0621 0.0701
vn 0.9320 -0.0503 0.3589
vn 0.6364 -0.5867 0.5008
vn -0.2540 -0.8457 0.4694
vn 0.6728 -0.6812 0.2887
vn -0.0816 -0.9619 0.2609
vn 0.0069 -0.9975 0.0698
vn -0.8601 -0.5027 -0.0864
vn -0.8598 -0.5026 -0.0900
vn -0.9998 0.0202 0.0074
vn -0.9995 0.0278 -0.0114
vn -0.9998 -0.0015 -0.0214
vn -0.9998 0.0061 -0.0210
vn -0.9987 0.0450 -0.0243
vn -0.9744 0.2250 0.0030
vn -0.9875 0.1350 -0.0808
vn 0.9998 0.0057 -0.0210
vn 0.9987 0.0445 -0.0243
vn 0.9998 -0.0019 -0.0214
vn 0.9995 0.0278 -0.0114
vn 0.9990 0.0443 0.0016
vn 0.9998 0.0202 0.0078
vn 1.0000 -0.0000 -0.0011
vn 0.0278 -0.9675 0.2512
vn 0.9941 -0.1045 0.0286
vn 0.9941 -0.1045 0.0294
vn 0.9703 -0.2362 0.0527
vn 0.9886 0.1487 0.0252
vn 0.9618 0.2708 0.0400
vn 0.9606 0.2748 0.0412
vn 0.9724 0.2312 0.0307
vn 0.9885 0.1488 0.0252
vn 0.9812 0.1915 0.0225
vn 0.9723 0.2336 0.0111
vn 0.1951 -0.8132 0.5483
vn 0.1951 -0.8133 0.5482
vn -0.9943 -0.1030 0.0286
vn -0.9942 -0.1030 0.0294
vn -0.9883 0.1503 0.0252
vn -0.9707 -0.2343 0.0524
vn -0.9808 0.1938 0.0225
vn -0.9718 0.2357 0.0110
vn -0.9719 0.2335 0.0311
vn -0.9614 0.2724 0.0385
vn -0.9601 0.2766 0.0409
vn -0.0685 0.9356 0.3463
vn -0.1935 0.9092 0.3687
vn -0.2268 0.8446 0.4849
vn -0.0907 0.7110 0.6973
vn -0.0479 0.2412 0.9693
vn 0.0957 -0.0451 0.9944
vn -0.0466 -0.2786 0.9593
vn 0.0170 -0.2094 0.9777
vn 0.2002 0.0229 0.9795
vn 0.2982 0.0977 0.9495
vn 0.5408 0.3868 0.7469
vn 0.6193 0.4840 0.6182
vn 0.7096 0.6813 0.1796
vn 0.7098 0.6811 0.1797
vn 0.7096 0.6827 0.1745
vn 0.7095 0.6827 0.1745
vn -0.9521 0.2967 0.0740
vn -0.9898 -0.1420 -0.0107
vn -0.9780 -0.2037 -0.0450
vn -0.7000 0.7132 0.0378
vn -0.6683 0.7334 0.1244
vn -0.6934 0.7155 0.0854
vn -0.9386 0.3311 0.0969
vn -0.9966 -0.0793 0.0229
vn -0.6983 0.7001 0.1491
vn -0.6793 0.7203 0.1404
vn -0.6727 0.7269 0.1381
vn -0.6881 0.7127 0.1366
vn -0.6729 0.7340 0.0916
vn -0.7379 0.6739 -0.0363
vn -0.8088 0.5874 -0.0303
vn -0.4531 0.8833 0.1205
vn 0.5574 0.1137 -0.8224
vn 0.5726 -0.5120 -0.6403
vn 0.5334 0.3418 -0.7737
vn 0.5427 -0.6606 -0.5187
vn 0.3909 -0.6264 -0.6744
vn -0.1141 -0.9900 -0.0832
vn 0.4008 -0.9129 -0.0771
vn -0.5665 -0.7771 0.2741
vn 0.9096 -0.2609 -0.3235
vn 0.9830 -0.1762 0.0518
vn 0.6946 0.6741 -0.2511
vn 0.2167 0.9359 -0.2777
vn -0.3406 0.6455 0.6836
vn 0.6629 0.7486 -0.0160
vn 0.6520 0.4755 0.5905
vn 0.6735 0.1436 -0.7251
vn 0.4235 0.8918 -0.1594
vn -0.0000 0.9827 -0.1853
vn -0.0000 0.3302 -0.9439
vn -0.0000 -0.6289 -0.7775
vn -0.0000 -0.9956 0.0938
vn 0.7375 -0.6588 0.1487
vn 0.4978 -0.8154 0.2954
vn 0.2439 -0.9651 0.0953
vn 0.4489 -0.8901 0.0794
vn 0.7088 -0.6110 -0.3525
vn 0.6621 -0.6488 -0.3750
vn 0.4950 -0.7802 -0.3824
vn 0.8641 -0.4355 -0.2524
vn 0.6784 -0.7133 -0.1759
vn 0.9850 -0.1603 -0.0633
vn 0.6759 -0.6596 -0.3288
vn 0.4839 -0.5211 -0.7031
vn 0.9917 -0.0625 -0.1121
vn 0.9318 -0.3098 -0.1892
vn 0.9981 -0.0152 -0.0603
vn 0.8336 -0.5293 0.1579
vn 0.9765 -0.1480 -0.1564
vn 0.9946 0.0442 -0.0938
vn 0.6624 -0.6716 -0.3320
vn 0.9976 -0.0663 0.0206
vn 0.9841 -0.1777 -0.0007
vn 0.9915 0.0435 -0.1228
vn 0.9729 -0.1046 -0.2061
vn 0.9977 -0.0664 0.0156
vn 0.9999 -0.0030 -0.0164
vn 0.9981 -0.0534 0.0316
vn 0.9882 -0.1518 0.0198
vn 0.8417 -0.5232 -0.1338
vn 0.9132 -0.4074 -0.0099
vn 0.9354 -0.3536 0.0080
vn 0.9275 -0.3732 0.0227
vn 0.9590 -0.2831 -0.0154
vn 0.6035 -0.7850 -0.1401
vn 0.8072 -0.3987 -0.4353
vn 0.9691 -0.1793 -0.1692
vn 0.9927 -0.1206 -0.0058
vn 0.9759 -0.2174 0.0191
vn 0.9920 -0.0904 0.0886
vn 0.9953 0.0321 0.0910
vn 0.9792 0.2029 0.0064
vn 0.9980 0.0565 0.0290
vn 0.9981 -0.0534 0.0317
vn 0.9977 -0.0663 0.0156
vn 0.9843 0.1190 -0.1301
vn 0.9680 0.2465 0.0478
vn 0.9722 0.2145 0.0938
vn 0.9064 -0.1511 -0.3944
vn 0.8419 -0.2472 -0.4797
vn 0.8690 -0.2136 -0.4463
vn 0.8609 -0.2487 -0.4438
vn -0.2972 0.8302 0.4716
vn -0.3701 0.7985 0.4748
vn -0.2228 0.8566 0.4654
vn 0.3099 -0.9459 -0.0961
vn 0.2314 -0.9675 -0.1023
vn 0.3095 -0.9460 -0.0961
vn 0.3861 -0.9180 -0.0908
vn -0.4700 0.7073 0.5280
vn -0.4756 0.7464 0.4655
vn -0.4800 0.6982 0.5311
vn -0.4408 0.8017 0.4036
vn -0.4275 0.8382 0.3386
vn -0.3750 0.8598 0.3466
vn -0.5921 -0.7996 0.1000
vn -0.5664 -0.8171 0.1071
vn -0.5919 -0.7994 0.1030
vn -0.3329 -0.9247 0.1845
vn -0.3528 -0.9185 0.1785
vn -0.3331 -0.9253 0.1815
vn 0.7844 -0.5359 -0.3123
vn 0.6985 -0.4578 -0.5500
vn -0.6039 -0.7845 -0.1407
vn -0.8419 -0.5228 -0.1341
vn -0.9275 -0.3730 0.0227
vn -0.8072 -0.3987 -0.4353
vn -0.9132 -0.4074 -0.0099
vn -0.9590 -0.2831 -0.0154
vn -0.9354 -0.3536 0.0080
vn -0.9690 -0.1793 -0.1700
vn -0.9067 -0.1509 -0.3939
vn -0.8690 -0.2136 -0.4463
vn -0.8422 -0.2473 -0.4791
vn -0.8610 -0.2487 -0.4438
vn -0.9843 0.1190 -0.1301
vn -0.9927 -0.1205 -0.0056
vn -0.9759 -0.2174 0.0191
vn -0.9882 -0.1518 0.0198
vn -0.9920 -0.0904 0.0886
vn -0.9722 0.2145 0.0938
vn -0.9792 0.2029 0.0064
vn -0.9980 0.0565 0.0290
vn -0.9977 -0.0663 0.0149
vn -0.9954 0.0320 0.0906
vn -0.9981 -0.0534 0.0309
vn -0.5779 0.7758 -0.2532
vn -0.5574 0.1137 -0.8224
vn -0.5334 0.3418 -0.7738
vn -0.5732 -0.5125 -0.6394
vn -0.5427 -0.6606 -0.5187
vn -0.3913 -0.6271 -0.6735
vn 0.1160 -0.9897 -0.0839
vn -0.4017 -0.9124 -0.0786
vn 0.4826 -0.8550 0.1900
vn -0.4343 -0.8601 0.2676
vn -0.9102 -0.2586 -0.3235
vn -0.9834 -0.1740 0.0518
vn -0.6940 0.6742 -0.2525
vn -0.2167 0.9359 -0.2777
vn 0.3407 0.6455 0.6836
vn -0.6633 0.7482 -0.0145
vn -0.7845 0.2259 0.5775
vn -0.6526 0.4761 0.5895
vn -0.6728 0.1435 -0.7258
vn -0.4243 0.8917 -0.1579
vn 0.0002 0.6468 0.7627
vn -0.0000 0.9829 -0.1842
vn -0.0000 0.3307 -0.9437
vn -0.0000 -0.6296 -0.7769
vn -0.4954 -0.8156 0.2991
vn -0.4841 -0.5214 -0.7027
vn -0.9850 -0.1603 -0.0633
vn -0.6759 -0.6596 -0.3288
vn -0.6787 -0.7129 -0.1766
vn -0.8644 -0.4356 -0.2510
vn -0.6625 -0.6492 -0.3736
vn -0.7088 -0.6110 -0.3525
vn -0.4948 -0.7797 -0.3838
vn -0.9980 -0.0152 -0.0618
vn -0.9763 -0.1479 -0.1579
vn -0.8338 -0.5294 0.1564
vn -0.9730 -0.1044 -0.2058
vn -0.9915 0.0435 -0.1228
vn -0.9946 0.0442 -0.0938
vn -0.9919 -0.0625 -0.1106
vn -0.9318 -0.3097 -0.1892
vn -0.6621 -0.6712 -0.3333
vn -0.9976 -0.0663 0.0206
vn -0.9999 -0.0030 -0.0156
vn -0.9977 -0.0664 0.0149
vn -0.9841 -0.1777 -0.0007
vn -0.9492 0.2181 0.2268
vn -0.7672 -0.6293 -0.1240
vn -0.8687 -0.4889 -0.0795
vn 0.6861 -0.0640 0.7247
vn 0.6862 -0.0637 0.7246
vn 0.5914 0.1908 0.7835
vn 0.7283 -0.3133 0.6095
vn -0.6861 -0.0641 0.7247
vn -0.6861 -0.0637 0.7247
vn -0.7283 -0.3133 0.6095
vn -0.5919 0.1908 0.7831
vn -0.1013 0.6857 0.7208
vn -0.2276 0.7867 0.5739
vn -0.0532 0.7802 0.6233
vn 0.0237 0.8431 0.5372
vn 0.0168 0.9489 0.3150
vn -0.0311 0.9715 0.2351
vn -0.0654 0.9752 0.2114
vn -0.0805 0.9707 0.2266
vn -0.0631 0.9360 0.3463
vn -0.0399 0.9173 0.3961
vn -0.0231 0.9520 0.3051
vn -0.0215 0.9373 0.3479
vn 0.0410 0.9438 0.3281
vn 0.9773 0.0984 0.1877
vn 0.8966 0.0801 0.4356
vn 0.8965 0.0801 0.4357
vn 0.9841 0.1130 0.1374
vn 0.9918 0.1267 -0.0145
vn 0.9907 0.1296 -0.0404
vn 0.9754 0.1263 -0.1809
vn 0.9859 0.1495 -0.0748
vn 0.9222 0.3864 -0.0137
vn 0.9944 -0.0255 -0.1023
vn 0.9752 -0.0755 -0.2082
vn 0.6444 0.6159 0.4532
vn -0.8972 0.0816 0.4340
vn -0.9773 0.1007 0.1862
vn -0.9842 0.1138 0.1357
vn -0.9919 0.1266 -0.0130
vn -0.9908 0.1297 -0.0389
vn -0.9754 0.1262 -0.1808
vn -0.9859 0.1495 -0.0748
vn -0.9222 0.3864 -0.0137
vn -0.9944 -0.0255 -0.1023
vn -0.6445 0.6159 0.4532
vn -0.9748 -0.0755 -0.2097
vn 0.1013 0.6857 0.7208
vn 0.0532 0.7798 0.6237
vn 0.2276 0.7867 0.5739
vn -0.0237 0.8431 0.5372
vn -0.0168 0.9489 0.3150
vn 0.0311 0.9715 0.2351
vn 0.0647 0.9749 0.2128
vn 0.0805 0.9703 0.2281
vn 0.0599 0.9358 0.3473
vn 0.0353 0.9163 0.3990
vn 0.0200 0.9516 0.3068
vn 0.0172 0.9365 0.3502
vn -0.0418 0.9438 0.3280
vn 0.5955 0.7066 -0.3822
vn 0.4401 0.6195 -0.6500
vn 0.7786 0.6140 0.1296
vn 0.2450 0.5779 -0.7785
vn -0.0000 0.5157 -0.8568
vn -0.0000 0.4350 -0.9005
vn -0.4401 0.6195 -0.6500
vn -0.2450 0.5779 -0.7785
vn -0.5955 0.7066 -0.3822
vn -0.7786 0.6140 0.1296
vn -0.9900 0.1358 -0.0374
vn -0.9861 0.1623 -0.0366
vn -0.9783 0.2068 0.0130
vn -0.9928 0.1076 -0.0519
vn -0.9898 0.1354 -0.0435
vn -0.9966 0.0204 -0.0794
vn -0.9887 0.1476 -0.0259
vn -0.9890 0.1461 -0.0244
vn -0.9900 0.1411 -0.0038
vn -0.9690 0.2464 0.0206
vn -0.9700 0.2411 -0.0328
vn -0.9772 0.2075 -0.0443
vn -0.9811 0.1930 -0.0130
vn -0.9793 0.1785 0.0950
vn -0.9707 0.1556 0.1830
vn -0.8786 0.1236 0.4613
vn -0.8216 0.1053 0.5603
vn -0.4118 0.0741 0.9083
vn -0.3481 0.0969 0.9324
vn -0.1325 0.1488 0.9800
vn -0.2151 0.1374 0.9669
vn 0.9928 0.1076 -0.0519
vn 0.9966 0.0204 -0.0794
vn 0.9899 0.1354 -0.0420
vn 0.9887 0.1476 -0.0259
vn 0.9890 0.1461 -0.0244
vn 0.9900 0.1411 -0.0008
vn 0.9900 0.1357 -0.0389
vn 0.9783 0.2068 0.0145
vn 0.9689 0.2466 0.0222
vn 0.9700 0.2411 -0.0313
vn 0.9772 0.2075 -0.0443
vn 0.9811 0.1930 -0.0114
vn 0.9793 0.1785 0.0958
vn 0.9709 0.1556 0.1823
vn 0.8790 0.1236 0.4606
vn 0.8214 0.1060 0.5604
vn 0.4119 0.0748 0.9081
vn 0.3481 0.0977 0.9324
vn 0.1315 0.1480 0.9802
vn 0.2148 0.1372 0.9670
vn 0.9861 0.1623 -0.0366
vn -0.0000 0.4405 0.8977
vn 0.0205 0.1945 0.9807
vn -0.1277 0.5500 0.8254
vn 0.1314 0.1480 0.9802
vn -0.1737 0.5323 0.8285
vn -0.1324 0.1488 0.9800
vn 0.1288 0.5493 0.8256
vn 0.1753 0.5316 0.8286
vn -0.0212 0.1953 0.9805
vn -0.1227 0.1374 0.9829
vn -0.0213 0.1381 0.9902
vn -0.0000 0.1267 0.9919
vn -0.0000 0.2005 0.9797
vn 0.0166 0.1358 0.9906
vn 0.1180 0.1350 0.9838
vn -0.8094 0.0579 0.5844
vn -0.8971 0.0816 0.4343
vn -0.8971 0.0816 0.4342
vn 0.1415 -0.0748 -0.9871
vn 0.6692 0.0038 -0.7431
vn 0.0935 0.0150 -0.9955
vn 0.2019 -0.1057 -0.9737
vn -0.0000 -0.1587 -0.9873
vn -0.0000 -0.2042 -0.9789
vn -0.1415 -0.0748 -0.9871
vn -0.2016 -0.1057 -0.9737
vn -0.6692 0.0038 -0.7431
vn -0.0939 0.0149 -0.9955
vn -0.0000 -0.2066 -0.9784
vn -0.2480 0.8628 0.4406
vn -0.0291 0.9633 0.2670
vn -0.2709 0.7849 0.5573
vn -0.1725 0.5325 0.8286
vn -0.1277 0.5501 0.8253
vn -0.0000 0.8578 0.5139
vn -0.0000 0.4407 0.8976
vn 0.1288 0.5494 0.8255
vn 0.2709 0.7849 0.5573
vn 0.1753 0.5318 0.8285
vn 0.2473 0.8629 0.4407
vn 0.0291 0.9633 0.2670
vn -0.0753 0.9933 0.0877
vn -0.5142 0.8415 0.1656
vn -0.2806 0.9272 0.2479
vn -0.6997 0.7141 -0.0214
vn -0.0000 0.9720 -0.2350
vn -0.0000 0.9620 0.2731
vn 0.2806 0.9272 0.2479
vn -0.0000 0.9275 0.3739
vn -0.2747 0.3609 -0.8912
vn -0.0000 0.3543 -0.9351
vn -0.8992 -0.0255 -0.4368
vn -0.0000 -0.1708 -0.9853
vn 0.2748 0.3609 -0.8912
vn 0.6997 0.7141 -0.0213
vn 0.5142 0.8415 0.1656
vn 0.0761 0.9934 0.0862
vn 0.6692 0.0038 -0.7430
vn 0.8992 -0.0255 -0.4368
vn 0.8092 0.0582 0.5846
vn 0.8965 0.0801 0.4358
vt 1.975590 0.206055
vt 1.962890 0.137207
vt 1.976560 0.124512
vt 1.988280 0.205566
vt 1.958980 0.268555
vt 1.949220 0.259766
vt 1.726560 0.263184
vt 1.757810 0.363281
vt 1.783200 0.357422
vt 1.749020 0.247559
vt 1.815430 0.355957
vt 1.785160 0.257324
vt 0.544922 0.017578
vt 0.499512 0.051270
vt 0.546875 0.051270
vt 0.500977 0.017578
vt 0.479492 0.014160
vt 0.462891 0.047852
vt 0.479980 0.047852
vt 0.463623 0.014160
vt 2.000000 0.000000
vt 1.987300 0.189941
vt 1.987300 0.015625
vt 2.000000 0.202148
vt 2.000000 0.163574
vt 1.987300 0.056152
vt 1.987300 0.154785
vt 2.000000 0.049805
vt 1.688480 0.275879
vt 1.721680 0.375000
vt 1.878910 0.226563
vt 1.912110 0.324707
vt 0.443359 0.051270
vt 0.452393 0.049316
vt 0.453125 0.010742
vt 0.441650 0.017578
vt 1.925780 0.305176
vt 1.870120 0.437988
vt 1.833980 0.341309
vt 1.964840 0.400879
vt 1.738280 0.365723
vt 1.812500 0.448730
vt 1.777340 0.462402
vt 1.775390 0.351074
vt 0.630371 0.016602
vt 0.623047 0.062988
vt 0.629883 0.066895
vt 0.623047 0.005859
vt 0.613770 0.060547
vt 0.614258 0.010742
vt 0.597168 0.060547
vt 0.596680 0.010742
vt 0.587891 0.062988
vt 0.584961 0.005859
vt 0.581055 0.066895
vt 0.580566 0.016602
vt 0.556641 0.066895
vt 0.556641 0.016602
vt 1.838870 0.441406
vt 1.796880 0.333984
vt 1.827150 0.411133
vt 1.843750 0.413086
vt 1.851560 0.435059
vt 1.833980 0.384766
vt 1.820310 0.385254
vt 1.849610 0.377441
vt 1.863280 0.401367
vt 1.795900 0.324219
vt 1.809570 0.324707
vt 1.824220 0.321289
vt 0.490479 0.049316
vt 0.489746 0.010742
vt 1.838870 0.428711
vt 1.870120 0.425781
vt 1.804690 0.418457
vt 1.843750 0.427734
vt 1.810550 0.443359
vt 1.828130 0.407227
vt 1.808590 0.419922
vt 1.814450 0.440918
vt 1.765630 0.338867
vt 1.791020 0.326660
vt 1.818360 0.381836
vt 1.791020 0.395020
vt 1.791990 0.398926
vt 1.759770 0.341309
vt 0.535645 0.050781
vt 0.511719 0.038574
vt 0.556152 0.036621
vt 0.522949 0.039551
vt 0.527832 0.050781
vt 0.538574 0.048340
vt 0.531738 0.037109
vt 0.527344 0.062988
vt 0.537598 0.061035
vt 1.941410 0.306641
vt 1.882810 0.304199
vt 1.880860 0.306641
vt 1.938480 0.304199
vt 1.576170 0.037598
vt 1.543950 0.069336
vt 1.576170 0.052246
vt 1.543950 0.037598
vt 0.665039 0.466309
vt 0.757813 0.465332
vt 0.757813 0.458984
vt 0.681641 0.491211
vt 1.910160 0.250488
vt 1.893550 0.268066
vt 1.910160 0.268066
vt 1.893550 0.250488
vt 1.909180 0.296387
vt 1.893550 0.296387
vt 1.909180 0.268066
vt 1.880860 0.322754
vt 1.941410 0.322754
vt 0.375000 0.735840
vt 0.346680 0.606934
vt 0.375000 0.606934
vt 0.346680 0.735840
vt 0.346680 0.728271
vt 0.311035 0.614502
vt 0.346680 0.614502
vt 0.311035 0.728271
vt 0.643555 0.006836
vt 0.651367 0.053711
vt 0.651367 0.002441
vt 0.643555 0.052734
vt 1.927730 0.223145
vt 1.910160 0.297852
vt 1.910160 0.222656
vt 1.927730 0.297363
vt 0.311035 0.626953
vt 0.282715 0.715820
vt 0.282715 0.626953
vt 0.311035 0.715820
vt 0.473633 0.825684
vt 0.473633 0.819580
vt 0.479248 0.828125
vt 0.468262 0.828247
vt 0.464844 0.822754
vt 0.460449 0.834839
vt 0.465820 0.835327
vt 0.467529 0.844604
vt 0.462891 0.849854
vt 0.473145 0.855713
vt 0.473389 0.848755
vt 0.479492 0.844727
vt 0.483643 0.850098
vt 0.486816 0.834717
vt 0.481445 0.835205
vt 0.482910 0.822388
vt 0.643555 0.049316
vt 0.651367 0.049316
vt 0.522461 0.033691
vt 0.529785 0.019043
vt 0.529785 0.033691
vt 0.522461 0.019043
vt 0.644043 0.001465
vt 0.566895 0.006348
vt 0.635742 0.006348
vt 0.562012 0.001465
vt 0.556641 0.017090
vt 0.567871 0.027344
vt 0.557617 0.027344
vt 0.568848 0.017090
vt 0.568848 0.035645
vt 0.556641 0.035645
vt 0.511719 0.846680
vt 0.511230 0.853882
vt 0.505859 0.842651
vt 0.518066 0.842529
vt 0.521484 0.848267
vt 0.524902 0.832886
vt 0.520020 0.832886
vt 0.517090 0.825684
vt 0.520996 0.820435
vt 0.511230 0.817383
vt 0.511719 0.823486
vt 0.506348 0.826294
vt 0.502441 0.821045
vt 0.498779 0.833862
vt 0.504395 0.833496
vt 0.501465 0.848755
vt 0.774414 0.457520
vt 0.760742 0.472656
vt 0.687988 0.488770
vt 0.712402 0.519531
vt 0.774902 0.462891
vt 1.639650 0.080566
vt 1.641600 0.085449
vt 1.574220 0.085449
vt 1.631840 0.075195
vt 0.717773 0.513916
vt 0.739258 0.538330
vt 0.782227 0.494141
vt 0.835449 0.458496
vt 0.838867 0.477051
vt 0.576660 0.002441
vt 0.581055 0.006836
vt 0.643555 0.050293
vt 0.651367 0.050293
vt 0.651367 0.039551
vt 0.643555 0.039551
vt 0.638672 0.986771
vt 0.639648 0.975433
vt 0.566406 0.987511
vt 0.566895 0.994766
vt 0.530762 0.988770
vt 0.532715 0.998412
vt 0.481201 0.982071
vt 0.470703 0.993031
vt 0.447021 0.978546
vt 0.439453 0.987648
vt 0.413330 0.971741
vt 0.407715 0.979630
vt 0.379150 0.958954
vt 0.375977 0.966095
vt 0.354736 0.940857
vt 0.360596 0.936279
vt 0.052399 0.186035
vt 0.064880 0.199707
vt 0.084717 0.177246
vt 0.061066 0.145020
vt 0.149658 0.144043
vt 0.071289 0.128906
vt 0.144287 0.118652
vt 0.186646 0.151367
vt 0.182617 0.127930
vt 0.198853 0.134277
vt 0.201294 0.157227
vt 0.213745 0.146484
vt 0.201660 0.194824
vt 0.211670 0.194824
vt 1.701170 0.334473
vt 1.711910 0.357422
vt 1.709960 0.334473
vt 1.699220 0.357422
vt 1.711910 0.412109
vt 1.699220 0.419434
vt 0.192017 0.417480
vt 0.200684 0.457031
vt 0.200317 0.442383
vt 0.172974 0.417969
vt 0.115295 0.442383
vt 0.171143 0.503418
vt 0.216309 0.539063
vt 0.243042 0.491699
vt 0.396484 0.561035
vt 0.461182 0.559326
vt 0.403809 0.552246
vt 0.268799 0.568115
vt 0.294189 0.520020
vt 0.324951 0.588135
vt 0.348877 0.539307
vt 0.385498 0.548828
vt 0.388184 0.558594
vt 0.384033 0.599365
vt 0.458008 0.609863
vt 0.525879 0.560303
vt 0.530762 0.611328
vt 0.600586 0.605469
vt 0.594727 0.556152
vt 0.663086 0.545898
vt 0.669922 0.596191
vt 0.722168 0.530029
vt 0.729004 0.580322
vt 0.005661 0.425293
vt 0.000809 0.424805
vt 0.020813 0.441895
vt 0.028244 0.437988
vt 0.030869 0.469727
vt 0.039246 0.514160
vt 0.060852 0.505859
vt 0.036865 0.552734
vt 0.069153 0.554932
vt 0.022522 0.629150
vt 0.041412 0.633057
vt 0.002241 0.711670
vt 0.015282 0.706299
vt 0.635742 0.048828
vt 0.644043 0.048340
vt 0.662598 0.538574
vt 0.721680 0.521484
vt 0.594727 0.548828
vt 0.525879 0.552979
vt 0.460938 0.552002
vt 0.403564 0.544922
vt 0.398193 0.552979
vt 0.389893 0.550537
vt 0.389404 0.541504
vt 0.352539 0.531738
vt 0.297852 0.512451
vt 0.246826 0.484375
vt 0.209717 0.451172
vt 0.209717 0.439941
vt 0.200317 0.412598
vt 0.577637 0.002441
vt 0.585449 0.006836
vt 1.406250 0.700439
vt 1.398440 0.700439
vt 1.398440 0.787109
vt 1.406250 0.787109
vt 1.398440 0.844604
vt 1.406250 0.844482
vt 1.398440 0.860962
vt 1.406250 0.860962
vt 1.398440 0.917480
vt 1.406250 0.917480
vt 1.398440 0.934998
vt 1.406250 0.934937
vt 1.389650 0.934998
vt 1.389650 0.917480
vt 1.389650 0.861084
vt 1.389650 0.844604
vt 1.389650 0.787231
vt 1.389650 0.700439
vt 0.749023 0.152832
vt 0.683105 0.071289
vt 0.725586 0.063477
vt 0.729492 0.149902
vt 0.773926 0.239258
vt 0.783691 0.236816
vt 0.830078 0.319824
vt 0.823730 0.328613
vt 0.868652 0.375977
vt 0.857422 0.385742
vt 0.904785 0.430664
vt 0.891602 0.440918
vt 1.641600 0.037598
vt 1.636720 0.056641
vt 1.641600 0.060547
vt 1.636720 0.037598
vt 1.629880 0.037598
vt 1.629880 0.053223
vt 0.518555 0.071777
vt 0.520508 0.075195
vt 0.512207 0.078125
vt 0.517090 0.066895
vt 0.517578 0.065918
vt 0.510254 0.068848
vt 0.505371 0.070312
vt 0.511230 0.073242
vt 0.393555 0.938141
vt 0.400879 0.923523
vt 0.416260 0.939484
vt 0.398438 0.956085
vt 0.415283 0.963867
vt 0.432129 0.955811
vt 0.437744 0.936890
vt 0.430420 0.922791
vt 0.414063 0.918396
vt 0.547852 0.179688
vt 0.557617 0.177246
vt 0.468994 0.115723
vt 0.598145 0.259766
vt 0.602539 0.255371
vt 0.647949 0.341797
vt 0.643555 0.349609
vt 0.680664 0.399902
vt 0.670898 0.407715
vt 0.713379 0.453613
vt 0.698242 0.462891
vt 0.903809 0.367188
vt 0.893066 0.373535
vt 0.886719 0.363770
vt 0.907715 0.389648
vt 0.916504 0.373535
vt 0.929688 0.397461
vt 0.942871 0.383301
vt 0.960449 0.410645
vt 0.961914 0.384277
vt 0.993652 0.381836
vt 0.996582 0.408691
vt 0.407715 0.211426
vt 0.397949 0.213379
vt 0.348633 0.147949
vt 0.428711 0.280273
vt 0.435303 0.275391
vt 0.460938 0.347656
vt 0.454102 0.356934
vt 0.492188 0.395996
vt 0.482422 0.403320
vt 0.521973 0.441895
vt 0.509766 0.449707
vt 0.445068 0.677490
vt 0.445801 0.624756
vt 0.474365 0.620850
vt 0.476318 0.695557
vt 0.501953 0.625488
vt 0.512207 0.693359
vt 0.551270 0.625488
vt 0.564941 0.711426
vt 0.668457 0.706543
vt 0.632324 0.616699
vt 1.379880 0.967041
vt 1.395510 0.888123
vt 1.379880 0.888062
vt 1.395510 0.967041
vt 1.412110 0.888062
vt 1.412110 0.967041
vt 1.427730 0.967041
vt 1.427730 0.887939
vt 1.443360 0.887756
vt 1.443360 0.967041
vt 0.576660 0.466797
vt 0.506836 0.450195
vt 0.576660 0.451660
vt 0.507324 0.464844
vt 0.441406 0.445801
vt 0.441162 0.460938
vt 0.377686 0.434570
vt 0.378662 0.448242
vt 0.329102 0.416016
vt 0.328125 0.429688
vt 1.379880 0.878540
vt 1.395510 0.878540
vt 1.412110 0.878540
vt 1.427730 0.878479
vt 1.443360 0.878479
vt 1.379880 0.973602
vt 1.395510 0.973602
vt 1.412110 0.973602
vt 1.427730 0.973602
vt 1.443360 0.973602
vt 0.408691 0.736816
vt 0.461426 0.710693
vt 0.426025 0.684814
vt 0.464600 0.773071
vt 0.525391 0.764404
vt 0.500488 0.707275
vt 0.594238 0.784424
vt 0.558594 0.725586
vt 0.669922 0.722656
vt 0.631348 0.768311
vt 0.407959 0.983826
vt 0.416016 0.984413
vt 0.398193 0.993832
vt 0.383301 0.992718
vt 0.385742 0.994087
vt 0.321777 0.998848
vt 0.326904 0.993065
vt 0.318115 0.986862
vt 0.321045 0.985916
vt 0.925781 0.818237
vt 0.879395 0.868896
vt 0.938477 0.848999
vt 0.912109 0.808350
vt 0.860840 0.820068
vt 0.812500 0.835693
vt 0.793945 0.869995
vt 0.980957 0.823486
vt 0.971191 0.793945
vt 0.985352 0.850464
vt 0.950195 0.889404
vt 0.900879 0.922058
vt 0.882813 0.964417
vt 0.827148 0.969818
vt 0.748535 0.897461
vt 0.761230 0.968628
vt 0.691895 0.912415
vt 0.692871 0.965363
vt 0.642090 0.925354
vt 0.644531 0.959686
vt 0.595703 0.941833
vt 0.569824 0.955383
vt 0.351318 0.524414
vt 0.282471 0.452148
vt 0.240112 0.476074
vt 0.433105 0.503174
vt 0.358154 0.488770
vt 0.506836 0.503418
vt 0.594727 0.493652
vt 0.621582 0.542480
vt 0.498779 0.540771
vt 0.427979 0.540527
vt 0.422119 0.015625
vt 0.459473 0.021484
vt 0.421631 0.023438
vt 0.459229 0.013184
vt 0.493164 0.020019
vt 0.491943 0.012695
vt 0.998047 0.974503
vt 0.997559 0.894958
vt 0.959473 0.907715
vt 0.960938 0.971237
vt 0.942383 0.953033
vt 0.942871 0.927734
vt 0.766602 0.986427
vt 0.766602 0.998375
vt 0.833008 0.995365
vt 0.834473 0.984703
vt 0.884766 0.990303
vt 0.886719 0.979111
vt 0.425049 0.966919
vt 0.444092 0.936768
vt 0.440430 0.955780
vt 0.404541 0.965607
vt 0.390137 0.932068
vt 0.401855 0.916687
vt 0.420410 0.912231
vt 0.390381 0.951752
vt 0.437012 0.921265
vt 0.395020 0.920654
vt 0.392334 0.956451
vt 0.386230 0.937714
vt 0.415039 0.912109
vt 0.445313 0.935425
vt 0.441895 0.954681
vt 0.426514 0.967346
vt 0.435303 0.917908
vt 0.406494 0.967041
vt 0.976563 0.775269
vt 0.906738 0.798584
vt 0.912109 0.801392
vt 0.971191 0.794067
vt 0.924805 0.807739
vt 1.398440 0.832153
vt 1.406250 0.766113
vt 1.406250 0.832153
vt 1.398440 0.766113
vt 1.389650 0.832153
vt 1.389650 0.766113
vt 0.941895 0.194824
vt 0.940430 0.168457
vt 0.909668 0.167969
vt 0.924805 0.193848
vt 0.905762 0.176758
vt 0.003059 0.400391
vt 0.012978 0.413574
vt 0.049316 0.416992
vt 0.045319 0.401367
vt 0.107300 0.417480
vt 0.747559 -0.090820
vt 0.827637 -0.102539
vt 0.744141 -0.107422
vt 0.763184 -0.012695
vt 0.828125 -0.014648
vt 0.382080 0.707275
vt 0.398926 0.639648
vt 0.395752 0.747070
vt 0.496826 0.060547
vt 0.510742 0.058594
vt 0.514648 0.032227
vt 0.485840 0.061035
vt 0.491455 0.026856
vt 0.486816 0.066895
vt 0.494873 0.064941
vt 0.165039 0.510498
vt 0.106750 0.448242
vt 0.211060 0.546143
vt 0.263916 0.575195
vt 0.322266 0.595459
vt 0.382080 0.607422
vt 0.457764 0.617432
vt 0.530273 0.618896
vt 0.600586 0.613037
vt 0.669434 0.603760
vt 0.730957 0.588135
vt 0.837402 0.105469
vt 0.789551 0.120117
vt 0.825684 0.118164
vt 0.797852 0.102539
vt 0.390625 0.018066
vt 0.389648 0.025391
vt 0.411621 0.031250
vt 0.503418 0.060059
vt 0.415039 0.069336
vt 0.500000 0.021973
vt 0.590820 0.062012
vt 0.573242 0.015625
vt 0.573730 0.062012
vt 0.590820 0.015625
vt 0.533203 0.061035
vt 0.518066 0.014648
vt 0.518066 0.061035
vt 0.533203 0.014648
vt 0.552246 0.061523
vt 0.552246 0.015137
vt 0.888184 0.246582
vt 0.960449 0.257813
vt 0.955078 0.245605
vt 0.888672 0.258301
vt 0.532227 0.040039
vt 0.529785 0.056641
vt 0.535156 0.057617
vt 0.518066 0.037598
vt 1.906250 0.561279
vt 1.945310 0.590576
vt 1.930660 0.555908
vt 1.901370 0.596924
vt 0.453369 0.856079
vt 0.414063 0.801025
vt 0.440430 0.894592
vt 0.456055 0.794922
vt 0.461182 0.927429
vt 0.431152 0.894592
vt 0.443604 0.931396
vt 0.453613 0.904968
vt 0.685059 0.724365
vt 0.639648 0.779663
vt 0.455322 0.785034
vt 0.727051 0.529053
vt 0.735840 0.576660
vt 0.596191 0.794556
vt 0.520508 0.790771
vt 0.024963 0.773804
vt 0.050537 0.782837
vt 0.541016 0.891357
vt 0.528320 0.792358
vt 0.572754 0.803223
vt 0.530273 0.854736
vt 0.694336 0.008301
vt 0.582520 0.055176
vt 0.698730 0.045898
vt 0.578613 0.017578
vt 0.795898 0.059570
vt 0.843750 0.054688
vt 0.329834 0.978821
vt 0.331787 0.980057
vt 1.959960 0.362793
vt 1.905270 0.495605
vt 1.868160 0.398926
vt 2.000000 0.458496
vt 1.772460 0.423828
vt 1.847660 0.506592
vt 1.812500 0.520264
vt 1.810550 0.408691
vt 1.847660 0.506348
vt 1.873050 0.499512
vt 1.831050 0.391602
vt 0.100891 0.172852
vt 0.131836 0.176270
vt 0.134277 0.153809
vt 0.161011 0.177246
vt 0.167725 0.154297
vt 0.149170 0.205078
vt 0.130859 0.212891
vt 0.108704 0.200684
vt 0.100037 0.740967
vt 0.100037 0.823120
vt 0.130737 0.826050
vt 0.130737 0.740967
vt 0.150269 0.740967
vt 0.150269 0.828491
vt 0.172363 0.740967
vt 0.172363 0.825806
vt 0.204102 0.822144
vt 0.204102 0.740967
vt 0.098633 0.822876
vt 0.100159 0.824341
vt 0.130859 0.824341
vt 0.129639 0.822876
vt 0.150513 0.822876
vt 0.150391 0.824341
vt 0.172485 0.824341
vt 0.173828 0.822876
vt 0.204224 0.824341
vt 0.205933 0.822876
vt 0.098633 0.744141
vt 0.129639 0.744141
vt 0.150513 0.744141
vt 0.173828 0.744141
vt 0.206299 0.744141
vt 0.097961 0.820679
vt 0.098999 0.824219
vt 0.130005 0.824219
vt 0.131714 0.820679
vt 0.151245 0.820679
vt 0.150879 0.824219
vt 0.174194 0.824219
vt 0.172485 0.820679
vt 0.206665 0.824219
vt 0.207397 0.820679
vt 0.098084 0.763794
vt 0.131714 0.758179
vt 0.151245 0.757202
vt 0.172485 0.758179
vt 0.206909 0.763794
vt 0.557617 0.168945
vt 0.733887 0.159180
vt 0.706055 0.105957
vt 0.592285 0.218750
vt 0.763672 0.216797
vt 0.619629 0.270996
vt 0.798828 0.284180
vt 0.658691 0.333496
vt 0.826172 0.334473
vt 0.688477 0.381348
vt 0.716309 0.418945
vt 0.845703 0.372559
vt 0.718750 0.422363
vt 0.726074 0.093262
vt 0.755859 0.146973
vt 0.785645 0.204590
vt 0.820801 0.273438
vt 0.847656 0.323730
vt 0.867188 0.360840
vt 0.552246 0.157715
vt 0.700684 0.094727
vt 0.509766 0.140625
vt 0.579102 0.196777
vt 0.541016 0.129883
vt 0.566895 0.198730
vt 0.607422 0.273438
vt 0.621094 0.266113
vt 0.657715 0.326660
vt 0.644531 0.337402
vt 0.687500 0.377930
vt 0.672852 0.388184
vt 0.709473 0.427246
vt 0.694824 0.436523
vt 0.687500 0.078613
vt 0.732422 0.153809
vt 0.774414 0.234863
vt 0.810059 0.303711
vt 0.846191 0.361328
vt 0.878418 0.415527
vt 1.808590 0.379395
vt 1.826170 0.381836
vt 1.833980 0.403320
vt 1.816410 0.353516
vt 1.802730 0.354004
vt 1.832030 0.346191
vt 1.845700 0.369629
vt 1.778320 0.292969
vt 1.791990 0.292969
vt 1.806640 0.290039
vt 0.711914 0.082520
vt 0.752930 0.150391
vt 0.788086 0.231934
vt 0.820801 0.302734
vt 0.855469 0.354980
vt 0.887207 0.404785
vt 1.821290 0.397461
vt 0.720703 0.088867
vt 0.735840 0.170410
vt 0.698242 0.080078
vt 0.765625 0.182617
vt 0.776367 0.244629
vt 0.804199 0.253906
vt 0.819336 0.318359
vt 0.838867 0.326172
vt 0.852051 0.381348
vt 0.866699 0.380371
vt 0.890625 0.437988
vt 0.904785 0.428223
vt 1.851560 0.394531
vt 0.554688 0.113770
vt 0.593262 0.182129
vt 0.628418 0.250977
vt 0.658203 0.320801
vt 0.680176 0.376953
vt 0.703613 0.425293
vt 0.539551 0.117188
vt 0.572266 0.187500
vt 0.607422 0.256348
vt 0.643066 0.324219
vt 0.669434 0.378906
vt 0.694336 0.431152
vt 0.688965 0.083008
vt 0.589355 0.224121
vt 0.540527 0.121582
vt 0.745117 0.182129
vt 0.621582 0.276855
vt 0.777344 0.239746
vt 0.653320 0.337891
vt 0.811523 0.307617
vt 0.676270 0.387695
vt 0.844238 0.360840
vt 0.705078 0.440918
vt 0.875977 0.419922
vt 0.615723 0.221680
vt 0.566895 0.112305
vt 0.642090 0.270996
vt 0.672363 0.326660
vt 0.694336 0.377441
vt 0.723145 0.431152
vt 0.712891 0.085449
vt 0.770020 0.188965
vt 0.796387 0.241699
vt 0.827148 0.300781
vt 0.856934 0.354004
vt 0.884766 0.406738
vt 0.549316 0.149414
vt 0.614746 0.234375
vt 0.563965 0.148438
vt 0.599609 0.235352
vt 0.623535 0.286133
vt 0.637695 0.282227
vt 0.667480 0.336914
vt 0.654785 0.343750
vt 0.687988 0.387207
vt 0.674805 0.394043
vt 0.694824 0.437988
vt 0.708008 0.431152
vt 0.717773 0.123047
vt 0.752441 0.200684
vt 0.776855 0.250488
vt 0.809082 0.304199
vt 0.840820 0.356934
vt 0.862793 0.403809
vt 0.728516 0.125000
vt 0.762207 0.199707
vt 0.786133 0.247559
vt 0.817871 0.299316
vt 0.850098 0.352051
vt 0.870117 0.394531
vt 1.787110 0.387207
vt 1.826170 0.395996
vt 1.792970 0.411621
vt 1.810550 0.375977
vt 1.790040 0.388184
vt 1.796880 0.409180
vt 1.774410 0.367188
vt 1.742190 0.310059
vt 1.748050 0.307129
vt 1.773440 0.295410
vt 1.800780 0.350586
vt 1.773440 0.363770
vt 0.894043 0.015625
vt 0.897461 0.070312
vt 0.900391 0.039551
vt 0.884277 0.015625
vt 0.835449 0.179688
vt 0.879883 0.208984
vt 0.893066 0.127441
vt 0.330078 -0.476563
vt 0.323975 -0.459961
vt 0.157837 -0.524414
vt 0.159180 -0.563477
vt 0.083862 -0.617188
vt 0.011108 -0.582031
vt 0.888672 0.213867
vt 0.960449 0.214844
vt 0.955078 0.226563
vt 0.888184 0.224609
vt 0.250000 0.333496
vt 0.252930 0.372070
vt 0.247803 0.364746
vt 0.244629 0.336914
vt 0.244751 0.346680
vt 0.245605 0.357422
vt 1.274410 0.541992
vt 1.283200 0.566895
vt 1.193360 0.569580
vt 1.174800 0.547119
vt 1.135740 0.623291
vt 1.121090 0.581299
vt 0.563965 0.020996
vt 0.550781 0.027344
vt 0.572266 0.050781
vt 0.596191 0.040527
vt 0.571777 0.058105
vt 0.595703 0.049805
vt 0.637207 0.539307
vt 0.618652 0.486328
vt 0.597168 0.458496
vt 0.232910 0.462891
vt 0.272461 0.439941
vt 0.321533 0.416016
vt 0.711914 0.613770
vt 0.670410 0.611816
vt 0.188354 0.408203
vt 0.168579 0.408203
vt 0.110535 0.433594
vt 0.383057 0.989845
vt 0.407471 0.982834
vt 0.944336 0.135254
vt 0.957520 0.145508
vt 0.946289 0.147949
vt 0.956543 0.132813
vt 0.994141 0.134277
vt 0.993652 0.145508
vt 0.849121 0.336914
vt 0.886230 0.317871
vt 0.882813 0.343262
vt 0.853516 0.312500
vt 0.887695 0.291992
vt 0.856445 0.288086
vt 0.232788 0.582275
vt 0.281982 0.582764
vt 0.282471 0.580566
vt 0.232910 0.587646
vt 0.166260 0.585938
vt 0.166382 0.591553
vt 1.792970 0.349121
vt 1.803710 0.358887
vt 1.792970 0.364746
vt 1.803710 0.356445
vt 1.744140 0.349121
vt 1.733400 0.358887
vt 1.733400 0.356445
vt 1.744140 0.364746
vt 1.787110 0.421387
vt 1.750000 0.421387
vt 1.748050 0.399902
vt 1.790040 0.399902
vt 1.791020 0.382324
vt 1.746090 0.382324
vt 1.792970 0.287598
vt 1.744140 0.287598
vt 0.068848 0.403320
vt 0.018692 0.372070
vt 0.009445 0.396973
vt 0.070557 0.377930
vt 0.019898 0.356445
vt 0.146240 0.380859
vt 0.144775 0.398926
vt 0.199829 0.389160
vt 0.198364 0.376953
vt 0.067627 0.331055
vt 0.142090 0.311523
vt 0.062256 0.305176
vt 0.006847 0.309570
vt 0.017029 0.330566
vt 0.195435 0.361816
vt 0.194458 0.344727
vt 0.144775 0.363281
vt 0.143921 0.347168
vt 0.070496 0.361328
vt 0.069458 0.348145
vt 0.143433 0.325195
vt 0.195801 0.325684
vt 0.019058 0.344238
vt 0.197510 0.315918
vt 0.473633 0.052734
vt 0.491455 0.050293
vt 0.484619 0.023438
vt 0.468506 0.030762
vt 0.433594 0.030273
vt 0.436523 0.036621
vt 0.436279 0.059082
vt 0.412598 0.054688
vt 0.744629 0.534668
vt 0.742188 0.557861
vt 0.823730 0.536865
vt 0.825195 0.511719
vt 0.867676 0.525879
vt 0.908203 0.439941
vt 0.923828 0.489258
vt 0.895020 0.538086
vt 0.610840 0.045898
vt 0.583984 0.029785
vt 0.611328 0.031250
vt 0.583008 0.045410
vt 0.546875 0.032227
vt 0.545410 0.043457
vt 0.488525 0.025879
vt 0.487793 0.040039
vt 0.465332 0.025391
vt 0.464355 0.039551
vt 1.719730 0.416504
vt 1.731450 0.416504
vt 1.731450 0.282227
vt 1.719730 0.325195
vt 1.707030 0.301758
vt 1.720700 0.282227
vt 1.132810 0.170410
vt 1.136720 0.094727
vt 1.211910 0.084961
vt 0.770020 0.176270
vt 0.689941 0.080078
vt 0.724609 0.080566
vt 0.750977 0.182129
vt 0.796875 0.240723
vt 0.783691 0.251953
vt 0.821777 0.295410
vt 0.814941 0.312012
vt 0.856934 0.352539
vt 0.848145 0.370605
vt 0.891602 0.402832
vt 0.881348 0.422363
vt 1.206050 0.158203
vt 1.445310 0.899963
vt 1.481450 0.838501
vt 1.420900 0.833740
vt 1.423830 0.895264
vt 1.375980 0.833862
vt 1.404300 0.896851
vt 1.355470 0.838989
vt 1.384770 0.904053
vt 1.385740 0.971588
vt 1.406250 0.972076
vt 1.463870 0.907898
vt 1.500980 0.845093
vt 1.465820 0.961884
vt 1.447270 0.965332
vt 1.426760 0.969543
vt 1.134770 0.078613
vt 1.212890 0.074219
vt 1.688480 0.334473
vt 1.678710 0.334473
vt 1.676760 0.357422
vt 1.688480 0.357422
vt 1.676760 0.412109
vt 1.688480 0.412109
vt 1.699220 0.411621
vt 1.697270 0.334473
vt 0.993652 0.329590
vt 0.932129 0.350098
vt 0.930176 0.341309
vt 0.996582 0.350586
vt 0.931152 0.361816
vt 0.996094 0.368164
vt 1.041020 0.172852
vt 1.028320 0.099609
vt 0.954102 0.093262
vt 0.153809 0.643311
vt 0.167603 0.689941
vt 0.126709 0.710938
vt 0.104309 0.496582
vt 0.146362 0.558594
vt 0.967773 0.173340
vt 1.031250 0.080566
vt 0.953125 0.080566
vt 0.537109 0.180664
vt 0.572266 0.229980
vt 0.603027 0.281250
vt 0.637207 0.346680
vt 0.669434 0.393066
vt 0.695801 0.430664
vt 0.972168 0.755005
vt 0.980469 0.718506
vt 0.990234 0.744141
vt 0.949219 0.720215
vt 0.901367 0.736816
vt 0.909180 0.769287
vt 0.850098 0.782959
vt 0.857910 0.809692
vt 0.810547 0.797363
vt 0.805664 0.828003
vt 0.957520 0.197754
vt 0.927246 0.418457
vt 0.927246 0.197754
vt 0.957520 0.418457
vt 1.001950 0.197754
vt 1.001950 0.418457
vt 0.070312 0.359375
vt 0.126953 0.320313
vt 0.127197 0.358398
vt 0.070068 0.321289
vt 0.914551 0.045898
vt 0.932617 0.022461
vt 0.932617 0.054199
vt 0.914551 0.030273
vt 0.935059 0.022949
vt 0.935547 0.052246
vt 0.974121 0.295410
vt 0.898438 0.280273
vt 0.899902 0.300293
vt 0.971680 0.280273
vt 0.027512 0.359375
vt 0.027176 0.323730
vt 0.169800 0.319824
vt 0.170166 0.355957
vt -0.023025 -0.261719
vt 0.007828 -0.270508
vt 0.016403 -0.243164
vt -0.016052 -0.302734
vt -0.035553 -0.285156
vt -0.018387 -0.233398
vt 0.025314 -0.221680
vt -0.004669 -0.203125
vt 0.748535 0.993080
vt 0.691895 0.980759
vt 0.641602 0.968231
vt 0.569336 0.968414
vt 0.461182 0.957428
vt 0.474854 0.952423
vt 0.482666 0.979645
vt 0.489502 0.968140
vt 0.556641 0.954102
vt 0.586426 0.932556
vt 0.635742 0.914124
vt 0.685547 0.901245
vt 0.741211 0.886047
vt 0.785156 0.861816
vt 0.776855 0.838745
vt 0.726074 0.861938
vt 0.674316 0.880920
vt 0.620117 0.900085
vt 0.570801 0.920898
vt 0.533691 0.941498
vt 0.520020 0.921570
vt 0.508301 0.903748
vt 0.767090 0.813477
vt 0.555664 0.910034
vt 0.603027 0.888855
vt 0.657227 0.864380
vt 0.713867 0.840698
vt 0.763672 0.781006
vt 0.807617 0.762451
vt 0.843262 0.753418
vt 0.676270 0.787842
vt 0.660645 0.810791
vt 0.631836 0.841797
vt 0.583496 0.869995
vt 0.541016 0.892578
vt 0.300293 0.951111
vt 0.323242 0.958130
vt 0.321777 0.908569
vt 0.301270 0.906738
vt 0.317627 0.868164
vt 0.297363 0.864990
vt 0.314697 0.829956
vt 0.295654 0.824585
vt 0.310303 0.764526
vt 0.277832 0.748291
vt 0.305908 0.719482
vt 0.310059 0.997898
vt 0.290527 0.992458
vt 0.299316 -0.243164
vt 0.299561 -0.215820
vt 0.291260 -0.215820
vt 0.617676 0.046387
vt 0.619141 0.026856
vt 0.286377 -0.241211
vt 0.993164 0.383301
vt 0.927734 0.375000
vt 0.042511 -0.218750
vt 0.054413 -0.212891
vt 0.058868 -0.210938
vt 0.893066 0.205566
vt 0.960938 0.176270
vt 0.992676 0.175781
vt 0.911621 0.071289
vt 0.957520 0.093262
vt 0.996094 0.096680
vt 0.959961 0.002441
vt 0.915039 0.013184
vt 0.778320 0.649658
vt 0.830078 0.720947
vt 0.886719 0.706543
vt 0.856445 0.627686
vt 0.934570 0.686035
vt 0.709473 0.670654
vt 0.769531 0.730713
vt 0.722656 0.650146
vt 0.730469 0.622314
vt 0.838867 0.588867
vt 0.915527 0.611084
vt 0.971191 0.662354
vt 0.956055 0.693359
vt 0.968262 0.595703
vt 0.998535 0.588135
vt 0.963867 0.542725
vt 0.995605 0.634277
vt 0.897949 0.569092
vt 0.152710 0.108887
vt 0.208862 0.120605
vt 0.279297 0.098145
vt 0.040100 0.086426
vt 0.162842 0.074707
vt 0.349854 0.058105
vt 0.194214 0.002441
vt -0.000313 0.008301
vt 0.070618 0.125977
vt 0.078613 0.209961
vt 0.044312 0.245117
vt 0.037262 0.190918
vt 0.115356 0.270020
vt 0.125366 0.306641
vt 0.110229 0.303223
vt 0.084045 0.262695
vt 0.074585 0.301270
vt 0.036530 0.286621
vt 0.122314 0.216797
vt 0.141602 0.270508
vt 0.156616 0.210449
vt 0.182739 0.266113
vt 0.202881 0.198730
vt 0.240479 0.190430
vt 0.245728 0.262207
vt 0.222168 0.276855
vt 0.161133 0.309570
vt 0.034454 -0.207031
vt 0.010056 -0.202148
vt 0.023132 -0.180664
vt 0.008568 -0.183594
vt 0.059143 -0.210938
vt 0.037689 -0.177734
vt 0.815918 0.237305
vt 0.791504 0.186035
vt 0.415039 0.024902
vt 0.404053 0.037109
vt 0.405518 0.020019
vt 0.414063 0.037109
vt 0.312012 -0.245117
vt 0.308105 -0.216797
vt 0.123413 0.851318
vt 0.062408 0.788452
vt 0.048828 0.812500
vt 0.036652 0.921997
vt 0.033478 0.842285
vt 0.024948 0.875366
vt 0.105103 0.870605
vt 1.398440 0.737793
vt 1.389650 0.869019
vt 1.389650 0.737793
vt 1.406250 0.906860
vt 1.406250 0.934998
vt 1.398440 0.906921
vt 1.398440 0.869019
vt 1.406250 0.869019
vt 1.406250 0.737549
vt 1.389650 0.906921
vt 1.389650 0.952484
vt 1.398440 0.952454
vt 1.406250 0.952454
vt 1.406250 0.983429
vt 1.398440 0.983414
vt 1.389650 0.983444
vt 0.284668 0.593750
vt 0.231812 0.613525
vt 0.230835 0.659912
vt 0.269531 0.645020
vt 0.249634 0.680420
vt 0.224243 0.710449
vt 0.197021 0.726807
vt 0.168701 0.669922
vt 0.169800 0.738037
vt 0.167358 0.618896
vt 1.408200 0.856934
vt 1.394530 0.858765
vt 1.397460 0.834961
vt 1.413090 0.837891
vt 1.421880 0.855957
vt 1.441410 0.840698
vt 1.444340 0.796021
vt 1.432620 0.795654
vt 1.435550 0.855469
vt 1.427730 0.839966
vt 1.418950 0.798096
vt 1.381840 0.859497
vt 1.381840 0.831665
vt 1.390630 0.798218
vt 1.404300 0.799683
vt 1.389650 0.950012
vt 1.395510 0.978195
vt 1.389650 0.978195
vt 1.395510 0.854736
vt 1.389650 0.901611
vt 1.389650 0.854736
vt 1.395510 0.901611
vt 1.395510 0.816162
vt 1.389650 0.816162
vt 1.403320 0.816162
vt 1.403320 0.854614
vt 1.403320 0.901611
vt 1.395510 0.950012
vt 1.402340 0.950012
vt 1.402340 0.978180
vt 0.117126 0.975082
vt 0.144287 0.937500
vt 0.091980 0.963165
vt 0.122070 0.905334
vt 0.070373 0.935852
vt 0.056946 0.911804
vt 0.104553 0.877747
vt 0.179321 0.881897
vt 0.161255 0.845459
vt 0.029190 0.933777
vt 0.045898 0.957275
vt 0.056519 0.994442
vt 0.105957 0.997776
vt 0.032684 0.971909
vt 0.032745 0.988327
vt 0.000658 0.960663
vt 0.011665 0.948944
vt 0.137329 0.995831
vt 0.163940 0.964478
vt 0.179932 0.990494
vt 0.205933 0.955139
vt 0.228516 0.979294
vt 0.253418 0.948853
vt 0.264893 0.969452
vt 0.287842 0.957306
vt 0.295410 0.935425
vt 0.249023 0.913940
vt 0.295410 0.908020
vt 0.296143 0.849487
vt 0.228149 0.816772
vt 0.277100 0.799316
vt 0.241089 0.862427
vt 0.193359 0.919678
vt 0.254150 0.213379
vt 0.259766 0.252930
vt 0.230835 0.156250
vt 0.414551 0.086426
vt 0.259766 0.302246
vt 0.254883 0.353027
vt 0.250977 0.394531
vt -0.008965 -0.189453
vt -0.010887 -0.210938
vt 0.492432 0.856812
vt 0.491699 0.793823
vt 0.492920 0.896179
vt 0.472900 0.858032
vt 0.510254 0.856689
vt 0.056396 -0.171875
vt 0.075623 -0.208008
vt -0.058258 -0.189453
vt -0.068115 -0.214844
vt -0.080017 -0.235352
vt -0.079773 -0.272461
vt -0.090271 -0.267578
vt -0.099915 -0.265625
vt -0.103760 -0.264648
vt 0.312012 -0.213867
vt 0.320801 -0.239258
vt 0.278076 -0.235352
vt 0.287354 -0.210938
vt 0.033264 -0.323242
vt 0.011635 -0.365234
vt 0.010429 -0.314453
vt 0.031342 -0.364258
vt 0.006294 -0.620117
vt 0.027802 -0.632813
vt 0.146851 -0.433594
vt 0.146973 -0.386719
vt 0.133911 -0.386719
vt 0.133911 -0.433594
vt 0.120972 -0.386719
vt 0.120972 -0.433594
vt -0.108643 -0.263672
vt -0.095276 -0.268555
vt -0.094482 -0.254883
vt -0.106567 -0.252930
vt -0.104553 -0.242188
vt -0.093689 -0.242188
vt 0.374756 -0.616211
vt 0.378174 -0.609375
vt 0.372070 -0.611328
vt 0.370117 -0.617188
vt 0.365723 -0.612305
vt 0.365479 -0.618164
vt 1.339840 0.845947
vt 1.364260 0.912659
vt 1.359380 0.968719
vt -0.024765 -0.309570
vt -0.020706 -0.370117
vt -0.010811 -0.615234
vt 0.352051 -0.622070
vt 0.360840 -0.615234
vt 0.365479 -0.622070
vt 0.362793 -0.667969
vt 0.351563 -0.666992
vt 0.350342 -0.688477
vt 0.362061 -0.689453
vt -0.036377 -0.213867
vt -0.025436 -0.191406
vt -0.034912 -0.188477
vt -0.044403 -0.184570
vt -0.077576 -0.205078
vt -0.077393 -0.206055
vt -0.034882 -0.213867
vt 0.369385 -0.666016
vt 0.371826 -0.691406
vt 0.366943 -0.690430
vt 0.376221 -0.665039
vt 0.371826 -0.620117
vt 0.377930 -0.619141
vt 0.951172 0.981232
vt 0.995117 0.997019
vt 0.952148 0.995892
vt 0.995605 0.978546
vt 0.917969 0.983826
vt 0.903809 0.999557
vt 0.917969 0.977005
vt 0.902344 0.974915
vt 0.929199 0.943268
vt 0.915527 0.936035
vt 0.929688 0.910156
vt 0.941406 0.919434
vt 0.961914 0.902344
vt 0.954102 0.888367
vt 0.979980 0.890320
vt 0.978516 0.871338
vt 0.998535 0.886169
vt 0.999512 0.860962
vt 0.520508 0.138672
vt 0.540039 0.139160
vt 0.096619 0.186523
vt 0.063171 0.100098
vt 0.159668 0.091797
vt -0.007843 0.179688
vt -0.015884 0.085449
vt 0.196655 0.178711
vt 0.183105 0.085938
vt 0.133057 0.009277
vt 0.108948 0.009277
vt -0.024658 0.024414
vt -0.093506 0.173340
vt -0.066162 0.036133
vt 0.223511 0.172852
vt 0.597656 0.212891
vt 0.643066 0.274902
vt 0.675781 0.334961
vt 0.699219 0.398438
vt 0.717773 0.442383
vt 0.581055 0.219727
vt 0.626465 0.290039
vt 0.662109 0.356934
vt 0.685059 0.413086
vt 0.708008 0.463379
vt 0.748535 0.994976
vt 0.008835 0.026856
vt 0.046936 0.096680
vt 0.897949 0.346191
vt -0.023010 -0.632813
vt -0.003496 -0.642578
vt 0.515625 0.072266
vt -0.027023 -0.171875
vt 0.514160 0.067871
vt 0.319092 -0.618164
vt 0.326416 -0.618164
vt 0.318115 -0.612305
vt 0.333008 -0.660156
vt 0.325684 -0.661133
vt 0.317871 -0.664063
vt 0.312988 -0.619141
vt 0.310791 -0.613281
vt 0.327393 -0.696289
vt 0.335449 -0.695313
vt 0.319336 -0.695313
vt 0.339355 -0.620117
vt 0.342285 -0.663086
vt 0.343018 -0.691406
vt 0.044525 0.785889
vt 0.022980 0.814819
vt 0.009277 0.847412
vt 0.002398 0.883362
vt 0.006924 0.907593
vt 0.014214 0.930115
vt -0.057983 -0.320313
vt -0.050232 -0.375000
vt -0.033020 -0.620117
vt 0.895996 0.001465
vt 0.903809 0.037109
vt 0.880859 0.002930
vt 0.839844 0.040039
vt 0.794922 0.044922
vt 0.000255 0.388184
vt 0.016891 0.371582
vt 0.018646 0.357422
vt 0.018677 0.343750
vt 0.016556 0.330078
vt -0.000585 0.316895
vt 0.456543 0.068359
vt 0.440186 0.089355
vt 0.411865 0.073730
vt 0.471680 0.074219
vt 0.468994 0.059570
vt 0.487305 0.056152
vt 0.501465 0.068848
vt 0.502930 0.054688
vt 0.882324 0.205566
vt 0.895020 0.177246
vt 0.878906 0.214844
vt 0.889160 0.227051
vt 0.878906 0.227051
vt 0.878418 0.242188
vt 0.888672 0.244141
vt 0.876953 0.250977
vt 0.991211 0.364258
vt 0.990723 0.362793
vt 0.885254 0.355469
vt 0.996094 0.339844
vt 0.991211 0.254395
vt 0.259277 0.689209
vt 0.234253 0.719238
vt 0.200806 0.740234
vt 0.170044 0.747314
vt 0.281982 0.647705
vt 0.293213 0.591797
vt 0.691406 0.986526
vt 0.637207 0.973022
vt 0.574219 0.970154
vt 1.639650 0.426270
vt 1.630860 0.465820
vt 1.533200 0.431152
vt 1.254880 0.432129
vt 1.224610 0.440430
vt 1.300780 0.442383
vt 1.215820 0.377930
vt 1.284180 0.448730
vt 1.250000 0.377930
vt 1.215820 0.341797
vt 1.031250 0.941101
vt 1.000980 0.933594
vt 1.031250 0.844360
vt 1.251950 0.341797
vt 1.000980 0.844360
vt 0.492676 0.078613
vt 0.509277 0.078613
vt 0.492676 0.072266
vt 0.492676 0.006348
vt 0.492676 0.012695
vt 0.509277 0.006348
vt 0.509277 0.072266
vt 0.509277 0.012695
vt 1.386720 0.407715
vt 1.405270 0.401367
vt 1.397460 0.414063
vt 1.407230 0.408691
vt 0.584473 0.045898
vt 0.584473 0.035645
vt 0.584473 0.063965
vt 0.584473 0.017578
vt 0.391113 0.043945
vt 0.391113 0.046875
vt 0.510742 0.043945
vt 1.336910 0.353027
vt 1.337890 0.312988
vt 1.296880 0.357422
vt 0.510742 0.047852
vt 1.299800 0.305664
vt 1.313480 0.450195
vt 0.560059 0.051758
vt 0.534180 0.057617
vt 0.548340 0.060059
vt 0.528320 0.030762
vt 0.525879 0.045410
vt 0.554199 0.024902
vt 0.562500 0.037109
vt 0.540039 0.022461
vt 0.590332 0.042969
vt 0.389893 0.027344
vt 0.389893 0.042969
vt 0.590332 0.027344
vt 1.637700 0.351074
vt 1.575200 0.422852
vt 1.575200 0.352051
vt 1.645510 0.422852
vt 1.204100 0.198242
vt 1.159180 0.270020
vt 1.200200 0.270508
vt 1.159180 0.197754
vt 0.472900 0.021973
vt 0.375732 0.059082
vt 0.472900 0.058105
vt 0.375732 0.001953
vt 0.564941 0.031250
vt 0.576660 0.011719
vt 0.563965 0.012207
vt 0.577637 0.030762
vt 1.282230 0.406738
vt 1.292970 0.379883
vt 1.282230 0.379883
vt 1.292970 0.406738
vt 0.621094 0.059082
vt 0.621094 0.001953
vt 1.292970 0.304199
vt 1.282230 0.248535
vt 1.292970 0.248535
vt 1.282230 0.304199
vt 1.723630 0.068359
vt 1.660160 0.049316
vt 1.723630 0.049316
vt 1.655270 0.066895
vt 1.644530 0.037109
vt 1.649410 0.018066
vt 1.687500 0.978378
vt 1.653320 0.991463
vt 1.692380 0.984207
vt 1.653320 0.985626
vt 1.043950 0.741211
vt 1.031250 0.867188
vt 1.043950 0.867188
vt 1.031250 0.741211
vt 1.043950 0.613525
vt 1.031250 0.664551
vt 1.043950 0.664551
vt 1.031250 0.613525
vt 1.031250 0.819214
vt 1.043950 0.819214
vt 1.043950 0.723877
vt 1.031250 0.723877
vt 1.043950 0.660889
vt 1.031250 0.706299
vt 1.043950 0.706299
vt 1.031250 0.660889
vt 1.031250 0.844116
vt 1.043950 0.844116
vt 1.031250 0.882141
vt 1.043950 0.882141
vt 1.031250 0.895203
vt 1.043950 0.895203
vt 1.000980 0.793091
vt 1.031250 0.694580
vt 1.000980 0.694580
vt 1.031250 0.793091
vt 1.031250 0.681885
vt 1.000980 0.681885
vt 1.000980 0.613525
vt 1.418950 0.403809
vt 1.460940 0.380371
vt 1.418950 0.380371
vt 1.460940 0.404785
vt 1.614260 0.993553
vt 1.614260 0.984207
vt 1.653320 0.999519
vt 1.292970 0.189453
vt 1.282230 0.240234
vt 1.292970 0.240234
vt 1.282230 0.189453
vt 1.282230 0.195801
vt 1.292970 0.195801
vt 1.910160 0.072266
vt 1.783200 0.079590
vt 1.910160 0.079590
vt 1.783200 0.072266
vt 1.732420 0.039062
vt 1.910160 0.038574
vt 1.555660 0.005859
vt 1.561520 0.018066
vt 1.649410 0.005859
vt 1.678710 0.024414
vt 1.678710 0.036621
vt 1.747070 0.036621
vt 1.747070 0.024414
vt 1.852540 0.129883
vt 1.800780 0.096191
vt 1.800780 0.130371
vt 1.851560 0.096191
vt 1.853520 0.182617
vt 1.794920 0.135742
vt 1.791020 0.182129
vt 1.857420 0.135742
vt 1.794920 0.088379
vt 1.863280 0.087891
vt 0.506348 0.027832
vt 0.556152 0.040039
vt 0.556152 0.027832
vt 0.506348 0.040039
vt 0.522461 0.040039
vt 0.522461 0.027832
vt 0.507813 0.017578
vt 0.411133 0.028320
vt 0.417236 0.020996
vt 0.507813 0.030762
vt 0.325684 0.005371
vt 0.665527 0.026367
vt 0.666992 0.005371
vt 0.324707 0.026367
vt 0.334717 0.030762
vt 0.532227 0.039551
vt 0.540039 0.032227
vt 0.342773 0.038086
vt 0.341553 0.030273
vt 0.524902 0.040039
vt 0.546875 0.031738
vt 0.363525 0.039062
vt 1.907230 0.010254
vt 1.852540 0.021973
vt 1.908200 0.023926
vt 1.850590 0.008301
vt 1.750980 0.030762
vt 1.750000 0.017090
vt 0.479004 0.002930
vt 0.506836 0.042969
vt 0.506836 0.002930
vt 0.479004 0.042969
vt 0.646973 0.058105
vt 0.646973 0.018066
vt 1.637700 0.314941
vt 1.596680 0.314941
vt 1.692380 0.944611
vt 1.688480 0.944611
vt 1.620120 0.944611
vt 1.619140 0.978378
vt 1.614260 0.944611
vt 1.624020 0.919617
vt 1.658200 0.922424
vt 1.624020 0.916626
vt 1.658200 0.925415
vt 0.571777 0.650146
vt 0.599609 0.623779
vt 0.556152 0.625488
vt 0.608398 0.645264
vt 1.494140 0.451172
vt 1.494140 0.403809
vt 1.460940 0.451660
vt 0.559082 0.623535
vt 0.604492 0.643555
vt 0.596680 0.615723
vt 0.567383 0.651367
vt 1.503910 0.380371
vt 1.503910 0.403809
vt 1.429690 0.451172
vt 1.429690 0.403809
vt 1.214840 0.320801
vt 1.251950 0.320801
vt 0.468262 0.073242
vt 0.509277 0.002441
vt 0.468262 0.002441
vt 0.509277 0.073242
vt 0.575195 0.002441
vt 0.575195 0.073242
vt 0.590820 0.002441
vt 0.590820 0.073242
vt 1.573240 0.158691
vt 1.617190 0.287109
vt 1.573240 0.287109
vt 1.617190 0.155273
vt 0.366455 0.006348
vt 0.666992 0.036621
vt 0.666992 0.006348
vt 0.366455 0.036621
vt 0.500000 0.031250
vt 0.528809 0.001465
vt 0.500488 0.015137
vt 0.539551 0.031250
vt 0.454102 0.031250
vt 0.506836 0.066406
vt 0.452148 0.066406
vt 0.454102 0.015137
vt 1.692380 0.993481
vt 1.693360 0.916626
vt 1.693360 0.919617
vt 0.535645 0.063965
vt 0.535645 0.017578
vt 1.213870 0.349121
vt 1.205080 0.379395
vt 1.213870 0.378906
vt 1.205080 0.349121
vt 1.213870 0.399902
vt 1.205080 0.399902
vt 1.205080 0.373047
vt 1.213870 0.402832
vt 1.205080 0.402832
vt 1.213870 0.373047
vt 0.447754 0.047363
vt 0.476074 0.053223
vt 1.732420 0.084473
vt 1.732420 0.075684
vt 1.760740 0.016113
vt 1.760740 0.023926
vt 0.564453 0.074219
vt 0.576660 0.055664
vt 0.564453 0.055176
vt 0.576660 0.074707
vt 1.551760 0.037109
vt 1.551760 0.018066
vt 1.962890 0.006348
vt 1.913090 0.003906
vt 1.913090 0.008789
vt 1.964840 0.046387
vt 1.913090 0.037598
vt 1.765630 0.007324
vt 1.765630 0.037109
vt 1.947270 0.063965
vt 1.925780 0.069336
vt 0.523438 0.020996
vt 0.467529 0.043945
vt 0.468018 0.020019
vt 0.522949 0.045898
vt 0.525391 0.056152
vt 0.525391 0.045898
vt 0.414063 0.056641
vt 0.414551 0.042969
vt 0.531738 0.047852
vt 0.531250 0.062012
vt 0.628906 0.056641
vt 0.628906 0.044922
vt 1.311520 0.374023
vt 1.302730 0.365234
vt 1.312500 0.417969
vt 0.561035 0.046875
vt 0.555176 0.034180
vt 0.541992 0.043945
vt 0.558105 0.039062
vt 0.584961 0.048828
vt 0.585449 0.042969
vt 0.560059 0.034668
vt 1.648440 0.486816
vt 1.543950 0.484375
vt 1.533200 0.467285
vt 1.338870 0.421875
vt 1.365230 0.417969
vt 1.365230 0.374023
vt 1.527340 0.292480
vt 1.608400 0.284668
vt 1.608400 0.183105
vt 1.527340 0.222656
vt 1.560550 0.184082
vt 1.373050 0.365234
vt 1.336910 0.360840
vt 1.374020 0.425293
vt 1.338870 0.428711
vt 1.303710 0.424316
vt 1.575200 0.314941
vt 0.428223 0.058105
vt 0.418213 0.047852
vt 0.418213 0.021973
vt 1.569340 0.295898
vt 1.652340 0.295898
vt 1.656250 0.194336
vt 1.569340 0.178223
vt 1.652340 0.171875
vt 1.688480 0.927429
vt 1.655270 0.927734
vt 1.621090 0.927551
vt 1.139650 0.269531
vt 1.139650 0.197266
vt 1.115230 0.268555
vt 1.115230 0.196289
vt 1.675780 0.240234
vt 1.657230 0.233398
vt 1.657230 0.240234
vt 1.675780 0.233398
vt 1.657230 0.224609
vt 1.675780 0.224609
vt 1.657230 0.217773
vt 1.675780 0.217773
vt 1.657230 0.210938
vt 1.675780 0.210938
vt 1.698240 0.217773
vt 1.698240 0.210938
vt 1.718750 0.217773
vt 1.718750 0.210938
vt 1.740230 0.217773
vt 1.740230 0.210938
vt 1.766600 0.217773
vt 1.766600 0.210938
vt 1.791990 0.217773
vt 1.791990 0.210938
vt 1.826170 0.217773
vt 1.826170 0.210938
vt 1.835940 0.210938
vt 1.835940 0.217773
vt 1.826170 0.224609
vt 1.835940 0.224609
vt 1.826170 0.233398
vt 1.835940 0.233398
vt 1.826170 0.240234
vt 1.835940 0.240234
vt 1.791990 0.224609
vt 1.791990 0.232910
vt 1.791990 0.240234
vt 1.766600 0.232910
vt 1.766600 0.240234
vt 1.740230 0.232910
vt 1.740230 0.240234
vt 1.718750 0.232910
vt 1.718750 0.240234
vt 1.698240 0.232910
vt 1.698240 0.240234
vt 1.766600 0.224609
vt 1.740230 0.224609
vt 1.718750 0.224609
vt 1.698240 0.224609
vt 1.205080 0.348145
vt 1.213870 0.348145
vt 1.213870 0.304199
vt 1.127930 0.348145
vt 1.119140 0.304199
vt 1.119140 0.348145
vt 1.282230 0.296387
vt 1.292970 0.296387
vt 1.278320 0.304199
vt 1.255860 0.379395
vt 1.251950 0.304199
vt 1.281250 0.380859
vt 1.208010 0.286133
vt 1.207030 0.290039
vt 0.514160 0.006348
vt 0.514160 0.078613
vt 0.541504 0.006348
vt 0.541504 0.078613
vt 1.130860 0.450684
vt 1.128910 0.418457
vt 1.182620 0.419434
vt 1.184570 0.448730
vt 1.233400 0.453125
vt 1.233400 0.447266
vt 1.031250 0.821533
vt 1.043950 0.821533
vt 1.031250 0.767334
vt 1.043950 0.767334
vt 0.418457 0.031250
vt 0.397461 0.058105
vt 0.418457 0.002930
vt 1.141600 0.409668
vt 1.191410 0.409668
vt 1.194340 0.379883
vt 1.138670 0.379883
vt 1.140630 0.356445
vt 1.192380 0.356445
vt 1.957030 0.009277
vt 1.607420 0.146484
vt 1.563480 0.146484
vt 0.409912 0.060059
vt 0.411621 0.075195
vt 0.409668 0.038086
vt 0.375000 0.059570
vt 0.371094 0.038086
vt 0.375000 0.016113
vt 0.409912 0.016113
vt 0.411621 0.000977
vt 1.352540 0.448730
vt 1.322270 0.477539
vt 1.355470 0.472656
vt 1.333010 0.441895
vt 1.313480 0.440430
vt 1.331050 0.432129
vt 1.289060 0.437500
vt 1.289060 0.432129
vt 1.397460 0.400879
vt 1.398440 0.327148
vt 1.392580 0.410645
vt 1.653320 0.284668
vt 1.608400 0.183594
vt 1.653320 0.183594
vt 1.613280 0.181641
vt 1.650390 0.181641
vt 1.615230 0.159668
vt 1.646480 0.159668
vt 1.392580 0.333008
vt 0.822754 0.268555
vt 0.661133 0.262695
vt 0.661133 0.268555
vt 0.822754 0.262695
vt 0.822754 0.254883
vt 0.661133 0.254883
vt 0.822754 0.249023
vt 0.661133 0.249023
vt 0.661133 0.186523
vt 0.822754 0.186523
vt 1.374020 0.420898
vt 1.378910 0.420898
vt 1.378910 0.357422
vt 1.296880 0.420898
vt 1.303710 0.420898
vt 1.198240 0.501221
vt 1.182620 0.484863
vt 1.277340 0.480469
vt 1.247070 0.499023
vt 1.346680 0.480957
vt 1.274410 0.530518
vt 1.469730 0.474121
vt 1.471680 0.521729
vt 1.536130 0.521973
vt 1.533200 0.567871
vt 1.661130 0.531494
vt 1.694340 0.583008
vt 1.677730 0.545410
vt 1.716800 0.601807
vt 1.765630 0.543457
vt 1.826170 0.545654
vt 1.858400 0.603027
vt 1.405270 0.326660
vt 1.386720 0.333496
vt 1.376950 0.305664
vt 1.282230 0.426758
vt 1.921880 0.070801
vt 1.965820 0.045410
vt 1.910160 0.029785
vt 1.962890 0.020019
vt 1.876950 0.089844
vt 1.872070 0.089844
vt 1.872070 0.082031
vt 1.945310 0.089844
vt 1.950200 0.082031
vt 1.950200 0.089844
vt 1.702150 0.316406
vt 1.709960 0.316406
vt 1.712890 0.325195
vt 1.698240 0.325195
vt 1.688480 0.419434
vt 1.676760 0.419434
vt 1.872070 0.214355
vt 1.854490 0.202148
vt 1.872070 0.199707
vt 1.854490 0.205566
vt 1.739260 0.160645
vt 1.772460 0.129395
vt 1.754880 0.160645
vt 1.767580 0.127441
vt 1.777340 0.131348
vt 1.772460 0.160645
vt 1.872070 0.104492
vt 1.876950 0.104492
vt 1.872070 0.122070
vt 1.876950 0.122070
vt 1.950200 0.214844
vt 1.967770 0.202148
vt 1.967770 0.205566
vt 1.950200 0.199707
vt 1.950200 0.180176
vt 1.969730 0.196777
vt 1.950200 0.104492
vt 1.945310 0.104492
vt 1.950200 0.122070
vt 1.945310 0.122070
vt 1.887700 0.266113
vt 1.893550 0.266113
vt 1.888670 0.298340
vt 1.883790 0.257324
vt 1.887700 0.257324
vt 1.885740 0.301758
vt 1.932620 0.298340
vt 1.937500 0.257324
vt 1.934570 0.266113
vt 1.934570 0.257324
vt 1.936520 0.301758
vt 1.928710 0.266113
vt 1.880860 0.207520
vt 1.941410 0.207520
vt 1.774410 0.125000
vt 1.782230 0.124023
vt 1.782230 0.131348
vt 1.968750 0.199219
vt 1.950200 0.189453
vt 1.683590 0.085938
vt 1.635740 0.121582
vt 1.635740 0.085938
vt 1.683590 0.108887
vt 1.790040 0.112793
vt 1.732420 0.102539
vt 1.790040 0.085938
vt 1.732420 0.085938
vt 1.742190 0.145996
vt 1.768550 0.134277
vt 1.759770 0.154785
vt 1.759770 0.131836
vt 1.773440 0.136230
vt 1.950200 0.176270
vt 1.771480 0.129883
vt 1.779300 0.128906
vt 1.779300 0.136230
vt 1.950200 0.185059
vt 1.278320 0.818237
vt 1.211910 0.763062
vt 1.253910 0.757324
vt 1.273440 0.758911
vt 1.262700 0.719727
vt 1.229490 0.710938
vt 1.191410 0.657959
vt 1.172850 0.685791
vt 1.092770 0.717529
vt 1.149410 0.716797
vt 1.098630 0.801514
vt 1.097660 0.910034
vt 1.282230 0.919678
vt 1.277340 0.997337
vt 1.086910 0.992264
vt 1.203130 0.175781
vt 1.226560 0.173828
vt 1.238280 0.206543
vt 1.190430 0.161621
vt 1.217770 0.153320
vt 1.257810 0.129395
vt 1.210940 0.128418
vt 1.257810 0.111816
vt 1.213870 0.099609
vt 1.258790 0.095215
vt 1.253910 0.050781
vt 1.208980 0.056152
vt 1.243160 0.016602
vt 1.201170 0.030273
vt -0.017685 0.051758
vt -0.085449 0.096680
vt -0.085449 0.053223
vt -0.017807 0.098633
vt -0.017288 0.164551
vt -0.085327 0.161621
vt -0.017258 0.226563
vt -0.085327 0.220703
vt -0.017716 0.284668
vt -0.085449 0.280273
vt -0.018097 0.355469
vt -0.085571 0.353027
vt -0.085510 0.409668
vt -0.017914 0.411133
vt -0.009102 0.051758
vt -0.009300 0.099609
vt -0.008507 0.166016
vt -0.008774 0.224121
vt -0.009155 0.284668
vt -0.009491 0.355469
vt -0.009331 0.411133
vt 1.447270 0.958771
vt 1.429690 0.951935
vt 1.447270 0.951935
vt 1.429690 0.958771
vt 1.412110 0.951935
vt 1.412110 0.958771
vt 1.391600 0.951935
vt 1.391600 0.958771
vt 1.373050 0.951935
vt 1.373050 0.958771
vt 1.355470 0.951935
vt 1.354490 0.958771
vt 1.365230 0.967041
vt 1.365230 0.973602
vt 1.365230 0.887939
vt 1.365230 0.878479
vt 1.447270 0.877380
vt 1.429690 0.877380
vt 1.412110 0.877441
vt 1.391600 0.877441
vt 1.373050 0.877441
vt 1.355470 0.877380
vt 1.235350 0.258301
vt 1.250000 0.228027
vt 1.219730 0.252930
vt 1.264650 0.233398
vt 1.273440 0.201172
vt 1.256840 0.196777
vt 1.259770 0.166504
vt 1.279300 0.153320
vt 1.282230 0.069824
vt 1.262700 0.082520
vt 1.247070 0.017090
vt 1.267580 0.004395
vt 1.182620 0.558838
vt 1.301760 0.677490
vt 1.207030 0.541016
vt 1.262700 0.692139
vt 1.277340 0.804565
vt 1.314450 0.762695
vt 1.281250 0.909485
vt 1.332030 0.878540
vt 1.347660 0.968170
vt 1.373050 0.877380
vt 1.692380 0.681885
vt 1.681640 0.696289
vt 1.716800 0.718262
vt 1.722660 0.709473
vt 1.805660 0.716797
vt 1.803710 0.710205
vt 1.825200 0.702881
vt 1.825200 0.693848
vt 1.909180 0.689453
vt 1.889650 0.719482
vt 1.915040 0.810059
vt 1.951170 0.782471
vt 1.937500 0.910339
vt 1.982420 0.893372
vt 2.000000 0.981140
vt 1.948240 0.998590
vt 1.906250 0.686523
vt 1.884770 0.705811
vt 1.911130 0.801514
vt 1.944340 0.803467
vt 1.938480 0.915222
vt 1.971680 0.905396
vt 1.982420 0.991196
vt 1.670900 0.614746
vt 1.687500 0.586670
vt 1.766600 0.635986
vt 1.759770 0.658936
vt 1.769530 0.653320
vt 1.895510 0.718994
vt 1.909180 0.713867
vt 0.783691 0.094238
vt 0.769531 0.048828
vt 0.827148 -0.040039
vt 0.816895 0.096191
vt 0.850586 -0.040039
vt 0.848633 0.078125
vt 0.866699 0.018555
vt 1.679690 0.595703
vt 1.601560 0.620117
vt 1.509770 0.607422
vt 1.579100 0.588135
vt 1.533200 0.571289
vt 1.463870 0.593750
vt 1.053710 0.196289
vt 1.097660 0.195801
vt 1.055660 0.207031
vt 1.092770 0.179199
vt 1.135740 0.178223
vt 1.134770 0.192871
vt 1.108400 0.612793
vt 1.100590 0.614258
vt 1.135740 0.636719
vt 1.141600 0.629150
vt 1.218750 0.654053
vt 1.214840 0.651611
vt 1.140630 0.638916
vt 1.150390 0.634277
vt 1.152340 0.615967
vt 1.143550 0.611328
vt 1.166020 0.605957
vt 1.166990 0.595703
vt 1.253910 0.757202
vt 1.214840 0.755859
vt 1.152340 0.716553
vt 1.599610 1.834960
vt 1.620120 1.873050
vt 1.716800 1.903320
vt 1.748050 1.878910
vt 1.762700 1.945800
vt 1.806640 1.939450
vt 1.091800 0.168457
vt 1.057620 0.179688
vt 1.136720 0.166992
vt 1.445310 0.847290
vt 1.437500 0.837891
vt 1.444340 0.835327
vt 1.437500 0.846191
vt 1.430660 0.844849
vt 1.430660 0.840454
vt 1.422850 0.843262
vt 1.422850 0.840942
vt 1.416990 0.841064
vt 1.168950 0.303711
vt 1.187500 0.284668
vt 1.163090 0.295898
vt 1.194340 0.294922
vt 1.735350 0.684082
vt 1.723630 0.697510
vt 1.774410 0.729492
vt 1.779300 0.716553
vt 1.866210 0.729980
vt 1.863280 0.724121
vt 1.633790 0.667236
vt 1.628910 0.693848
vt 1.907230 0.652344
vt 1.751950 0.667725
vt 1.628910 0.660645
vt 0.641113 1.899410
vt 0.679688 1.894530
vt 0.646973 1.855960
vt 0.573242 1.871580
vt 0.593262 1.837890
vt 1.561520 0.946686
vt 1.622070 0.924194
vt 1.557620 0.987190
vt 1.492190 0.927551
vt 1.478520 0.991417
vt 1.907230 0.793579
vt 1.903320 0.791992
vt 1.973630 0.914124
vt 1.868160 0.705811
vt 1.689450 0.646729
vt 1.666990 0.687256
vt 1.803710 0.633301
vt 1.902340 0.619873
vt 1.816410 0.500244
vt 1.762700 0.494141
vt 1.762700 0.500244
vt 1.816410 0.494141
vt 1.761720 0.494141
vt 1.710940 0.494141
vt 1.711910 0.500244
vt 1.707030 0.500244
vt 1.679690 0.494141
vt 1.679690 0.500244
vt 1.707030 0.494141
vt 1.747070 0.500244
vt 1.747070 0.494141
vt 1.760740 0.500244
vt 1.706050 0.494141
vt 1.706050 0.500244
vt 1.760740 0.494141
vt 1.811520 0.500244
vt 1.811520 0.494141
vt 1.815430 0.500244
vt 1.815430 0.494141
vt 1.757810 0.500244
vt 1.757810 0.494141
vt 1.726560 0.500244
vt 1.726560 0.494141
vt 1.177730 0.687012
vt 0.573730 1.860840
vt 0.628418 1.910160
vt 0.587402 1.850590
vt 0.572266 1.878910
vt 1.166020 0.583496
vt 1.162110 0.597412
vt 1.873050 0.711426
vt 1.650390 1.877440
vt 1.740230 1.874510
vt 1.612300 1.843750
vt 1.733400 1.892090
vt 1.617190 1.842290
vt 1.722660 1.889650
vt 1.746090 1.876950
vt 1.642580 1.874510
vt 1.779300 0.695557
vt 1.787110 0.688232
vt 1.852540 0.737793
vt 1.859380 0.734863
vt 1.873050 0.774170
vt 1.877930 0.771729
vt 0.716309 1.906740
vt 0.737305 1.875000
vt 0.682617 1.890630
vt 0.789551 1.929200
vt 1.756840 0.500244
vt 1.728520 0.500244
vt 1.109380 0.423828
vt 1.117190 0.425293
vt 1.115230 0.464355
vt 1.728520 0.494141
vt 1.104490 0.465820
vt 1.678710 0.494141
vt 1.678710 0.500244
vt 1.064450 0.501953
vt 1.070310 0.500488
vt 1.104490 0.527344
vt 1.950200 0.492676
vt 1.954100 0.473145
vt 1.938480 0.477051
vt 1.936520 0.496094
vt 1.923830 0.479980
vt 1.916990 0.495117
vt 1.951170 0.455078
vt 1.937500 0.457031
vt 1.927730 0.465332
vt 1.912110 0.477539
vt 1.906250 0.489258
vt 1.890630 0.505127
vt 1.904300 0.515869
vt 1.890630 0.508545
vt 1.934570 0.514893
vt 1.966800 0.510742
vt 1.097660 0.528809
vt 1.014650 0.370605
vt 1.010740 0.375000
vt 1.011720 0.357910
vt 1.173830 0.417480
vt 1.203130 0.417480
vt 1.159180 0.417480
vt 1.129880 0.417480
vt 1.129880 0.380371
vt 1.140630 0.355957
vt 1.192380 0.355957
vt 1.203130 0.380371
vt 1.003910 0.355957
vt 1.122070 0.414063
vt 1.114260 0.412598
vt 1.108400 0.538330
vt 1.101560 0.539795
vt 1.059570 0.401855
vt 1.062500 0.522461
vt 1.034180 0.496094
vt 1.041990 0.470215
vt 1.072270 0.481445
vt 1.068360 0.448730
vt 1.035160 0.509277
vt 1.078130 0.484863
vt 1.101560 0.539063
vt 1.097660 0.528076
vt 1.063480 0.501221
vt 1.062500 0.521729
vt 1.035160 0.508545
vt 1.034180 0.495605
vt 1.071290 0.485352
vt 1.041020 0.474121
vt 1.108400 0.465332
vt 1.072270 0.448242
vt 1.110350 0.425781
vt 1.059570 0.404785
vt 1.115230 0.415039
vt 1.004880 0.358398
vt 1.003910 0.375488
vt 1.300780 0.677246
vt 1.172850 0.542969
vt 1.189450 0.527344
vt 1.263670 0.696045
vt 1.278320 0.797607
vt 1.324220 0.761230
vt 1.280270 0.910034
vt 1.337890 0.884888
vt 1.353520 0.977539
vt 1.360350 0.186523
vt 1.412110 0.191895
vt 1.359380 0.197266
vt 1.163090 0.196289
vt 1.149410 0.161133
vt 1.150390 0.173828
vt 1.199220 0.125488
vt 1.142580 0.159668
vt 1.151370 0.138672
vt 1.206050 0.083496
vt 1.158200 0.102539
vt 1.195310 0.042969
vt 1.156250 0.059570
vt 1.173830 0.006836
vt 1.138670 0.029785
vt 1.352540 0.195313
vt 1.778320 0.237793
vt 1.802730 0.254395
vt 1.777340 0.250000
vt 1.805660 0.242188
vt 1.822270 0.259277
vt 1.825200 0.246582
vt 1.808590 0.229980
vt 1.828130 0.233887
vt 1.810550 0.216797
vt 1.831050 0.220703
vt 1.799800 0.267090
vt 1.818360 0.271484
vt 1.718750 0.236328
vt 1.681640 0.239258
vt 1.678710 0.226074
vt 1.717770 0.223633
vt 1.752930 0.235352
vt 1.753910 0.223633
vt 1.780270 0.225586
vt 1.782230 0.213379
vt 1.775390 0.262695
vt 1.677730 0.212402
vt 1.717770 0.211426
vt 1.754880 0.211426
vt 1.751950 0.247559
vt 1.751950 0.260254
vt 1.719730 0.249023
vt 1.721680 0.261719
vt 1.666020 0.241211
vt 1.663090 0.226074
vt 1.660160 0.210449
vt 1.685550 0.252441
vt 1.687500 0.265137
vt 1.667970 0.256348
vt 1.668950 0.271973
vt 1.352540 0.268066
vt 1.349610 0.147461
vt 1.308590 0.192871
vt 1.069340 0.520996
vt 1.041990 0.507813
vt 1.041020 0.494629
vt 1.047850 0.473633
vt 1.079100 0.447266
vt 1.066410 0.404297
vt 1.308590 0.279297
vt 1.286130 0.144043
vt 1.368160 0.857666
vt 1.368160 0.827759
vt 1.377930 0.795654
vt 1.803710 0.207520
vt 1.846680 0.218750
vt 1.846680 0.207520
vt 1.846680 0.237793
vt 1.846680 0.227539
vt 1.803710 0.227539
vt 1.803710 0.218750
vt 1.774410 0.207520
vt 1.774410 0.218750
vt 1.748050 0.207520
vt 1.748050 0.218750
vt 1.724610 0.207520
vt 1.724610 0.218750
vt 1.702150 0.207520
vt 1.702150 0.218750
vt 1.678710 0.207520
vt 1.678710 0.218750
vt 1.662110 0.214355
vt 1.663090 0.223633
vt 1.678710 0.227051
vt 1.663090 0.231934
vt 1.678710 0.248535
vt 1.662110 0.240723
vt 1.661130 0.250000
vt 1.678710 0.237793
vt 1.702150 0.248535
vt 1.702150 0.237793
vt 1.724610 0.248535
vt 1.724610 0.237793
vt 1.748050 0.248535
vt 1.748050 0.237793
vt 1.774410 0.248535
vt 1.774410 0.237793
vt 1.803710 0.248535
vt 1.803710 0.237793
vt 1.846680 0.248535
vt 1.702150 0.227539
vt 1.724610 0.227539
vt 1.748050 0.227539
vt 1.774410 0.227539
vt 1.280270 0.181641
vt 1.708010 0.793823
vt 1.726560 0.903259
vt 1.731450 0.991394
vt 1.517580 0.851929
vt 1.505860 0.908203
vt 1.589840 0.918884
vt 1.596680 0.864868
vt 1.623050 0.866821
vt 1.623050 0.917664
vt 1.535160 0.660645
vt 1.466800 0.600830
vt 1.491210 0.684570
vt 1.544920 0.698242
vt 1.502930 0.733887
vt 1.511720 0.787109
vt 1.637700 0.807861
vt 1.598630 0.858154
vt 1.632810 0.872925
vt 1.705080 0.828369
vt 1.700200 0.892822
vt 1.786130 0.923462
vt 1.720700 0.748779
vt 1.646480 0.725342
vt 1.581050 0.793213
vt 1.796880 0.772217
vt 1.786130 0.851563
vt 1.795900 0.981735
vt 1.761720 0.468750
vt 1.746090 0.421387
vt 1.763670 0.503174
vt 1.675780 0.502197
vt 1.875000 0.500000
vt 1.875000 0.506348
vt 1.822270 0.501221
vt 1.820310 0.470215
vt 1.353520 0.267578
vt 1.308590 0.278809
vt 1.308590 0.192383
vt 0.492676 0.027832
vt 0.395508 0.031738
vt 0.492676 0.057129
vt 0.395508 0.053223
vt 1.207030 0.665527
vt 1.212890 0.680908
vt 1.349610 0.146973
vt 1.228520 0.713623
vt 1.417970 0.700439
vt 1.417970 0.766113
vt 1.417970 0.832153
vt 1.389650 0.787109
vt 1.398440 0.787231
vt 1.406250 0.787231
vt 1.417970 0.917480
vt 1.417970 0.934998
vt 1.412110 0.934937
vt 1.412110 0.917480
vt 1.389650 0.860962
vt 1.398440 0.844482
vt 1.389650 0.844482
vt 1.417970 0.787231
vt 1.417970 0.844482
vt 1.417970 0.860962
vt 1.416020 0.838257
vt 1.419920 0.854370
vt 1.413090 0.851563
vt 1.407230 0.869019
vt 1.414060 0.871948
vt 1.408200 0.885986
vt 1.416990 0.888062
vt 1.414060 0.905823
vt 1.423830 0.904602
vt 1.424800 0.928772
vt 1.433590 0.925049
vt 1.440430 0.951355
vt 1.430660 0.956818
vt 1.447270 0.972046
vt 1.439450 0.981247
vt 1.421880 0.962402
vt 1.432620 0.994907
vt 1.412110 0.965851
vt 1.420900 0.999562
vt 1.402340 0.966736
vt 1.408200 0.994221
vt 1.397460 0.931702
vt 1.406250 0.932556
vt 1.416020 0.932312
vt 1.431640 0.902466
vt 1.425780 0.888977
vt 1.420900 0.874390
vt 1.427730 0.857666
vt 1.429690 0.876648
vt 1.433590 0.888123
vt 1.405270 0.904053
vt 1.396480 0.901611
vt 1.434570 0.860718
vt 1.436520 0.876953
vt 1.401370 0.882935
vt 1.441410 0.862793
vt 1.035160 0.028320
vt 1.080080 0.015137
vt 1.131840 0.013184
vt 1.072270 0.388184
vt 1.004880 0.306152
vt 1.025390 0.344238
vt 1.005860 0.021973
vt 1.005860 0.157227
vt 1.032230 0.156250
vt 1.005860 0.249512
vt 1.033200 0.250977
vt 1.032230 0.300293
vt 1.058590 0.350098
vt 1.113280 0.368652
vt 1.108400 0.405762
vt 1.065430 0.337402
vt 1.114260 0.359863
vt 1.114260 0.349121
vt 1.416990 0.185547
vt 1.460940 0.185059
vt 1.460940 0.286133
vt 1.416990 0.285156
vt 1.417970 0.328125
vt 1.503910 0.328125
vt 1.503910 0.285156
vt 1.503910 0.185547
vt 1.460940 0.068359
vt 1.416990 0.066895
vt 1.504880 0.066895
vt 1.508790 0.150879
vt 1.522460 0.334961
vt 1.505860 0.337402
vt 1.521480 0.147949
vt 1.523440 0.313965
vt 1.598630 0.299316
vt 1.530270 0.322266
vt 1.600590 0.285156
vt 1.688480 0.316895
vt 1.692380 0.331055
vt 1.561520 0.370117
vt 1.552730 0.375977
vt 1.333980 0.014648
vt 1.537110 0.003906
vt 1.533200 0.014648
vt 1.330080 0.003906
vt 0.447510 0.022949
vt 0.526367 0.067871
vt 0.447510 0.061035
vt 0.526367 0.016113
vt 0.532227 0.073730
vt 0.532227 0.010254
vt 0.629883 0.013184
vt 0.629883 0.070801
vt 1.508790 0.361816
vt 1.413090 0.361816
vt 1.510740 0.377441
vt 1.410160 0.377441
vt 0.435547 0.074219
vt 0.435547 0.009766
vt 1.420900 0.034180
vt 1.459960 0.030762
vt 1.500980 0.034180
vt 1.582030 0.105957
vt 1.583010 0.139648
vt 1.514650 0.146484
vt 1.547850 0.100586
vt 1.503910 0.030762
vt 1.433590 0.029785
vt 1.363280 0.030762
vt 1.352540 0.146484
vt 1.319340 0.100586
vt 1.285160 0.105469
vt 1.283200 0.139648
vt 1.389650 0.949982
vt 1.389650 0.901550
vt 1.403320 0.901550
vt 1.410160 0.901611
vt 1.403320 0.854736
vt 1.410160 0.854736
vt 1.410160 0.816162
vt 1.410160 0.978180
vt 1.410160 0.950012
vt 1.664060 0.783447
vt 1.693360 0.894104
vt 1.702150 0.971130
vt 1.074220 0.337891
vt 1.077150 0.288574
vt 1.093750 0.305664
vt 1.114260 0.342285
vt 1.112300 0.309570
vt 1.040040 0.300781
vt 1.051760 0.292969
vt 1.035160 0.256836
vt 1.074220 0.323730
vt 1.072270 0.268066
vt 1.048830 0.261230
vt 1.055660 0.240723
vt 1.037110 0.229492
vt 1.074220 0.208008
vt 1.074220 0.216309
vt 1.081050 0.249023
vt 1.095700 0.233887
vt 1.110350 0.201172
vt 1.109380 0.230469
vt 0.824707 -0.010742
vt 0.906738 0.080566
vt 0.907227 -0.009766
vt 0.821289 0.080566
vt 0.744141 -0.006836
vt 0.740723 0.084473
vt 1.113280 0.276367
vt 1.079100 0.288086
vt 1.075200 0.269043
vt 1.111330 0.232910
vt 1.082030 0.250488
vt 1.096680 0.235840
vt 1.113280 0.307617
vt 1.094730 0.300781
vt 1.443360 0.609619
vt 1.453130 0.586914
vt 1.448240 0.567139
vt 1.427730 0.570801
vt 1.416020 0.544434
vt 1.410160 0.550049
vt 1.375980 0.539795
vt 1.377930 0.545166
vt 1.319340 0.544189
vt 1.327150 0.549561
vt 1.292970 0.562744
vt 1.300780 0.566162
vt 1.278320 0.588623
vt 1.294920 0.584717
vt 1.278320 0.618408
vt 1.299800 0.616699
vt 1.341800 0.571777
vt 1.353520 0.609863
vt 1.389650 0.567139
vt 1.401370 0.611572
vt 1.432620 0.646240
vt 1.398440 0.651123
vt 1.359380 0.651367
vt 1.322270 0.643311
vt 1.301760 0.649658
vt 1.354490 0.667969
vt 1.398440 0.667480
vt 1.440430 0.653320
vt 1.451170 0.631592
vt 1.459960 0.613281
vt 1.708980 0.232910
vt 1.688480 0.252930
vt 1.708980 0.252930
vt 1.688480 0.232910
vt 1.671880 0.252441
vt 1.674800 0.232910
vt 1.688480 0.212891
vt 1.677730 0.213867
vt 1.688480 0.192871
vt 1.680660 0.193359
vt 1.688480 0.272949
vt 1.671880 0.272461
vt 1.770510 0.232910
vt 1.805660 0.232910
vt 1.805660 0.212891
vt 1.770510 0.212891
vt 1.742190 0.232910
vt 1.742190 0.212891
vt 1.708980 0.212891
vt 1.708980 0.192871
vt 1.708980 0.272949
vt 1.805660 0.192871
vt 1.770510 0.192871
vt 1.742190 0.192871
vt 1.742190 0.252930
vt 1.742190 0.272949
vt 1.770510 0.252930
vt 1.770510 0.272949
vt 1.830080 0.232910
vt 1.830080 0.212891
vt 1.830080 0.192871
vt 1.805660 0.252930
vt 1.805660 0.272949
vt 1.830080 0.252930
vt 1.830080 0.272949
vt 2.000000 0.349609
vt 1.961910 0.371582
vt 1.978520 0.328613
vt 0.714844 0.080078
vt 0.738281 0.124512
vt 1.004880 0.519287
vt 1.089840 0.685547
vt 1.098630 0.772339
vt 1.096680 0.900940
vt 1.082030 0.552734
vt 1.048830 0.639893
vt 1.056640 0.740479
vt 1.049800 0.859741
vt 1.039060 0.952240
vt 1.971680 0.201172
vt 1.972660 0.205566
vt 1.915040 0.687256
vt 1.889650 0.663574
vt 1.909180 0.680664
vt 1.872070 0.185059
vt 1.169920 0.008789
vt 1.872070 0.189453
vt 1.856450 0.149902
vt 1.793950 0.148926
vt 1.761720 0.207520
vt 1.779300 0.218750
vt 1.779300 0.207520
vt 1.730470 0.207520
vt 1.761720 0.218750
vt 1.780270 0.227539
vt 1.780270 0.237793
vt 1.761720 0.227539
vt 1.729490 0.218750
vt 1.696290 0.207520
vt 1.833010 0.216797
vt 1.837890 0.206543
vt 1.825200 0.227539
vt 1.817380 0.236328
vt 1.812500 0.242676
vt 1.780270 0.248535
vt 1.761720 0.237793
vt 1.730470 0.227539
vt 1.696290 0.218750
vt 1.677730 0.189941
vt 1.666020 0.204102
vt 1.696290 0.227539
vt 1.730470 0.237793
vt 1.761720 0.248535
vt 1.668950 0.221680
vt 1.696290 0.237793
vt 1.730470 0.248535
vt 1.696290 0.248535
vt 1.677730 0.236816
vt 1.685550 0.245605
vt 1.662110 0.208496
vt 1.662110 0.218262
vt 1.662110 0.228027
vt 1.663090 0.238281
vt 1.662110 0.248047
vt 1.673830 0.467773
vt 1.668950 0.235352
vt 1.656250 0.243652
vt 1.680660 0.222656
vt 1.683590 0.209473
vt 1.831050 0.245605
vt 1.833980 0.252930
vt 1.650390 0.252441
vt 1.823240 0.233398
vt 1.817380 0.219238
vt 1.818360 0.208496
vt 1.514650 0.437012
vt 1.533200 0.437500
vt 1.515630 0.466797
vt 1.497070 0.454590
vt 1.421880 0.458008
vt 1.356450 0.477051
vt 1.400390 0.432129
vt 1.401370 0.310547
vt 1.380860 0.314941
vt 1.375980 0.040527
vt 1.388670 0.034180
vt 1.415040 0.092285
vt 1.412110 0.048828
vt 1.412110 0.952484
vt 1.406250 0.952484
vt 1.412110 0.934998
vt 1.412110 0.906921
vt 1.417970 0.906921
vt 1.412110 0.869019
vt 1.417970 0.869019
vt 1.417970 0.737793
vt 1.412110 0.737549
vt 1.406250 0.737793
vt 1.389650 0.952454
vt 1.406250 0.906921
vt 1.398440 0.983429
vt 1.412110 0.983429
vt 1.417970 0.983414
vt 1.417970 0.952484
vt 1.931640 0.333984
vt 1.875980 0.378906
vt 1.876950 0.365234
vt 1.940430 0.354492
vt 1.875000 0.382324
vt 1.890630 0.414551
vt 1.874020 0.383789
vt 1.866210 0.378906
vt 1.945310 0.371582
vt 1.967770 0.380371
vt 1.955080 0.425293
vt 1.919920 0.428711
vt 1.971680 0.316406
vt 1.899410 0.449219
vt 1.879880 0.433105
vt 1.936520 0.443359
vt 1.958010 0.430664
vt 1.956050 0.455078
vt 1.879880 0.470703
vt 1.911130 0.461426
vt 1.891600 0.485352
vt 1.865230 0.451660
vt 1.964840 0.547607
vt 1.987300 0.613770
vt 1.976560 0.615234
vt 1.999020 0.545898
vt 1.992190 0.614258
vt 2.000000 0.511230
vt 1.933590 0.551270
vt 1.939450 0.615234
vt 1.977540 0.630859
vt 1.954100 0.685791
vt 1.988280 0.645996
vt 1.999020 0.669189
vt 1.907230 0.632324
vt 1.899410 0.600586
vt 1.916990 0.611328
vt 1.909180 0.678955
vt 1.928710 0.681885
vt 1.904300 0.556152
vt 1.894530 0.596924
vt 1.878910 0.562256
vt 1.933590 0.531250
vt 1.901370 0.533203
vt 0.915527 -0.857422
vt 0.998535 -0.908203
vt 0.924316 -0.859375
vt 0.994629 -0.939453
vt 0.000000 -0.999023
vt 0.105652 -0.892578
vt 0.202637 -0.855469
vt 0.177734 -0.987305
vt 0.291260 -0.840820
vt 0.318604 -0.949219
vt 0.506348 -0.834961
vt 0.527832 -0.920898
vt 0.735352 -0.843750
vt 0.739746 -0.944336
vt 0.926270 -1.000000
vt 0.988281 -0.993164
vt 0.765625 -0.464844
vt 0.847656 -0.486328
vt 0.789063 -0.532227
vt 0.874512 -0.393555
vt 0.743164 -0.362305
vt 0.881836 -0.301758
vt 0.866699 -0.198242
vt 0.746582 -0.256836
vt 0.766602 -0.162109
vt 0.822754 -0.127930
vt 0.917480 -0.115234
vt 0.760254 -0.131836
vt 0.115051 -0.738281
vt 0.214722 -0.546875
vt -0.003168 -0.704102
vt 0.252441 -0.626953
vt 0.487549 -0.562500
vt 0.479492 -0.463867
vt 0.574707 -0.406250
vt 0.495117 -0.403320
vt 0.482178 -0.420898
vt 0.749512 -0.409180
vt 0.649414 -0.452148
vt 0.754883 -0.433594
vt 0.645996 -0.404297
vt 0.556641 -0.468750
vt 0.551758 -0.467773
vt 0.453857 -0.451172
vt 0.387695 -0.405273
vt 0.328857 -0.436523
vt 0.311035 -0.384766
vt 0.210693 -0.430664
vt 0.196777 -0.375977
vt 0.161621 -0.434570
vt 0.136963 -0.392578
vt 0.106995 -0.451172
vt 0.056610 -0.412109
vt 0.044708 -0.504883
vt 0.001863 -0.436523
vt 0.697754 -0.365234
vt 0.306152 -0.254883
vt 0.722656 -0.246094
vt 0.334473 -0.109375
vt 0.747559 -0.130859
vt 0.077881 -0.125977
vt 0.002581 -0.265625
vt 0.003529 -0.382813
vt 0.309082 -0.372070
vt 0.158203 0.000000
vt 0.570313 -0.002930
vt 0.261230 -0.843750
vt 0.283691 -0.833008
vt 0.492676 -0.712891
vt 0.497070 -0.809570
vt 0.936523 -0.269531
vt 0.904297 -0.384766
vt 0.883301 -0.505859
vt 0.956543 -0.402344
vt 0.919922 -0.524414
vt 0.928223 -0.193359
vt 0.985352 -0.108398
vt 0.986328 -0.195313
vt 0.983887 -0.287109
vt 0.908691 -0.085938
vt 0.973633 -0.058594
vt 0.878906 -0.065430
vt 0.942383 -0.004883
s 1
usemtl rc_predmobile_front
f 4305/1/1 4304/2/2 4303/3/3
f 4302/4/4 4301/5/4 4300/6/5
f 4299/3/6 4298/4/7 4297/1/8
f 4295/7/9 4296/8/10 4294/9/11
f 4294/9/11 4293/10/12 4295/7/9
f 4293/10/12 4294/9/11 4292/11/13
f 4293/10/12 4292/11/13 4291/12/14
f 4290/6/15 4289/1/16 4288/4/17
f 4286/7/18 4285/9/19 4287/8/20
f 4285/9/19 4286/7/18 4283/10/21
f 4283/10/21 4284/11/22 4285/9/19
f 4284/11/22 4283/10/21 4282/12/23
f 4279/13/24 4280/14/25 4281/15/26
f 4280/14/25 4279/13/24 4278/16/24
f 4275/17/27 4276/18/27 4277/19/28
f 4276/18/27 4275/17/27 4274/20/27
f 4271/21/29 4272/22/29 4273/23/30
f 4272/22/29 4271/21/29 4270/24/31
f 4267/25/32 4268/26/33 4269/27/33
f 4268/26/33 4267/25/32 4266/28/34
f 4263/29/35 4264/8/36 4265/30/37
f 4264/8/36 4263/29/35 4262/7/38
f 4259/31/39 4260/11/40 4261/12/41
f 4260/11/40 4259/31/39 4258/32/42
f 4257/5/43 4256/4/43 4255/1/43
f 4254/33/44 4253/34/44 4252/35/45
f 4251/1/46 4250/6/47 4249/5/48
f 4248/35/49 4247/36/50 4246/33/50
f 4245/4/51 4244/3/52 4243/2/53
f 4242/34/54 4241/18/54 4240/20/55
f 4239/2/56 4238/1/57 4237/4/58
f 4234/37/59 4235/38/60 4236/39/61
f 4235/38/60 4234/37/59 4233/40/62
f 4230/41/63 4231/42/64 4232/43/65
f 4231/42/64 4230/41/63 4229/44/66
f 4226/25/67 4227/26/68 4228/27/69
f 4227/26/68 4226/25/67 4225/28/70
f 4222/21/71 4223/22/72 4224/23/73
f 4223/22/72 4222/21/71 4221/24/74
f 4218/45/75 4219/46/76 4220/47/76
f 4219/46/76 4218/45/75 4217/48/77
f 4214/48/78 4215/49/79 4216/46/80
f 4215/49/79 4214/48/78 4213/50/81
f 4210/50/82 4211/51/83 4212/49/84
f 4211/51/83 4210/50/82 4209/52/85
f 4206/52/86 4207/53/87 4208/51/88
f 4207/53/87 4206/52/86 4205/54/86
f 4202/54/89 4203/55/90 4204/53/91
f 4203/55/90 4202/54/89 4201/56/92
f 4198/56/93 4199/57/94 4200/55/95
f 4199/57/94 4198/56/93 4197/58/96
f 4195/44/97 4196/42/98 4194/59/99
f 4194/59/99 4193/60/100 4195/44/97
f 4193/60/100 4194/59/99 4192/38/101
f 4193/60/100 4192/38/101 4191/39/102
f 4190/20/103 4189/35/104 4188/34/105
f 4186/44/106 4185/59/107 4187/42/108
f 4185/59/107 4186/44/106 4183/60/109
f 4183/60/109 4184/38/110 4185/59/107
f 4184/38/110 4183/60/109 4182/39/111
f 4179/61/112 4181/62/113 4180/63/113
f 4174/64/114 4179/61/112 4176/65/115
f 4174/64/114 4177/62/116 4179/61/112
f 4177/62/116 4174/64/114 4173/66/117
f 4173/66/117 4178/67/118 4177/62/116
f 4174/64/114 4176/65/115 4175/68/119
f 4174/64/114 4175/68/119 4172/69/120
f 4172/69/120 4173/66/117 4174/64/114
f 4173/66/117 4172/69/120 4171/70/121
f 4170/19/122 4169/71/123 4168/72/124
f 4167/63/125 4166/73/126 4165/61/127
f 4164/72/128 4163/17/129 4162/19/130
f 4161/62/131 4160/67/132 4159/74/133
f 4158/71/134 4157/14/135 4156/16/135
f 4155/74/136 4154/63/137 4153/62/138
f 4152/16/139 4151/72/140 4150/71/141
f 4149/62/142 4148/61/143 4147/73/144
f 4146/2/145 4145/1/146 4144/4/147
f 4143/73/148 4142/63/149 4141/62/150
f 4140/4/151 4139/3/152 4138/2/152
f 4137/63/153 4136/74/153 4135/67/154
f 4132/75/155 4133/76/156 4134/77/157
f 4133/76/156 4132/75/155 4131/78/158
f 4128/79/159 4129/73/160 4130/80/161
f 4129/73/160 4128/79/159 4127/61/162
f 4125/81/163 4126/82/164 4124/83/165
f 4124/83/165 4123/84/166 4125/81/163
f 4123/84/166 4124/83/165 4122/78/167
f 4123/84/166 4122/78/167 4121/75/168
f 4119/61/169 4120/79/170 4118/85/171
f 4118/85/171 4117/65/172 4119/61/169
f 4117/65/172 4118/85/171 4116/86/173
f 4117/65/172 4116/86/173 4115/68/174
f 4114/1/175 4113/6/176 4112/5/177
f 4111/87/178 4110/88/179 4109/89/178
f 4108/5/180 4107/4/181 4106/1/182
f 4105/87/183 4104/89/184 4103/88/183
f 4102/6/185 4101/1/186 4100/4/185
f 4099/90/187 4098/91/188 4097/92/189
f 4096/4/190 4095/5/191 4094/6/192
f 4093/92/193 4092/93/193 4091/90/194
f 4090/1/195 4089/2/196 4088/3/197
f 4087/94/198 4086/91/198 4085/92/199
f 4084/3/200 4083/4/201 4082/1/202
f 4081/92/203 4080/95/203 4079/94/204
f 4076/96/205 4077/97/206 4078/98/207
f 4077/97/206 4076/96/205 4075/99/208
f 4072/100/209 4073/101/210 4074/102/211
f 4073/101/210 4072/100/209 4071/103/212
f 4068/104/213 4069/105/214 4070/106/215
f 4069/105/214 4068/104/213 4067/107/216
f 4064/108/217 4065/109/218 4066/110/219
f 4065/109/218 4064/108/217 4063/111/220
f 4060/104/221 4061/105/222 4062/107/223
f 4061/105/222 4060/104/221 4059/106/224
f 4056/108/220 4057/109/225 4058/111/226
f 4057/109/225 4056/108/220 4055/110/227
f 4052/109/228 4053/112/229 4054/113/230
f 4053/112/229 4052/109/228 4051/114/231
f 4048/115/232 4049/96/233 4050/98/234
f 4049/96/233 4048/115/232 4047/116/235
f 4044/117/236 4045/118/237 4046/119/236
f 4045/118/237 4044/117/236 4043/120/238
f 4040/121/239 4041/122/240 4042/123/241
f 4041/122/240 4040/121/239 4039/124/242
f 4036/125/243 4037/126/244 4038/127/245
f 4037/126/244 4036/125/243 4035/128/246
f 4032/109/247 4033/112/248 4034/114/247
f 4033/112/248 4032/109/247 4031/113/247
f 4028/129/249 4029/130/250 4030/131/251
f 4029/130/250 4028/129/249 4027/132/250
f 4024/133/252 4025/134/253 4026/135/254
f 4025/134/253 4024/133/252 4023/136/255
f 4022/137/256 4007/138/257 4008/139/258
f 4007/138/257 4022/137/256 4020/140/259
f 4020/140/259 4021/141/260 4007/138/257
f 4020/140/259 4018/142/261 4021/141/260
f 4018/142/261 4020/140/259 4019/143/262
f 4018/142/261 4019/143/262 4016/144/263
f 4016/144/263 4017/145/264 4018/142/261
f 4016/144/263 4014/146/265 4017/145/264
f 4014/146/265 4016/144/263 4015/147/266
f 4014/146/265 4015/147/266 4012/148/267
f 4012/148/267 4013/149/268 4014/146/265
f 4012/148/267 4010/150/269 4013/149/268
f 4010/150/269 4012/148/267 4011/151/270
f 4010/150/269 4011/151/270 4008/139/258
f 4008/139/258 4009/152/271 4010/150/269
f 4009/152/271 4008/139/258 4007/138/257
f 4005/127/272 4003/153/273 4006/125/274
f 4003/153/273 4005/127/272 4004/154/275
f 4002/127/276 4003/153/273 4004/154/275
f 4003/153/273 4002/127/276 4001/125/277
f 3998/155/278 3999/156/279 4000/157/280
f 3999/156/279 3998/155/278 3997/158/278
f 3994/91/281 3995/93/282 3996/92/283
f 3995/93/282 3994/91/281 3993/90/284
f 3990/154/285 3991/125/286 3992/153/287
f 3991/125/286 3990/154/285 3989/127/288
f 3986/159/289 3987/160/290 3988/161/286
f 3987/160/290 3986/159/289 3985/162/272
f 3982/91/291 3983/95/292 3984/92/293
f 3983/95/292 3982/91/291 3981/94/294
f 3978/156/295 3979/155/296 3980/158/297
f 3979/155/296 3978/156/295 3977/157/297
f 3974/163/298 3975/164/299 3976/165/300
f 3975/164/299 3974/163/298 3973/166/298
f 3970/167/301 3971/165/302 3972/164/303
f 3971/165/302 3970/167/301 3969/168/304
f 3968/169/305 3953/170/306 3954/171/307
f 3953/170/306 3968/169/305 3966/172/308
f 3966/172/308 3967/173/309 3953/170/306
f 3966/172/308 3964/174/310 3967/173/309
f 3964/174/310 3966/172/308 3965/175/311
f 3964/174/310 3965/175/311 3962/176/312
f 3962/176/312 3963/177/313 3964/174/310
f 3962/176/312 3960/178/314 3963/177/313
f 3960/178/314 3962/176/312 3961/179/315
f 3960/178/314 3961/179/315 3958/180/316
f 3958/180/316 3959/181/317 3960/178/314
f 3958/180/316 3956/182/318 3959/181/317
f 3956/182/318 3958/180/316 3957/183/319
f 3956/182/318 3957/183/319 3954/171/307
f 3954/171/307 3955/184/320 3956/182/318
f 3955/184/320 3954/171/307 3953/170/306
f 3951/105/321 3946/185/178 3952/106/322
f 3946/185/178 3951/105/321 3948/186/323
f 3950/187/324 3948/186/323 3951/105/321
f 3948/186/323 3950/187/324 3949/188/325
f 3948/186/323 3947/189/179 3946/185/178
f 3944/190/326 3945/191/327 3942/192/328
f 3942/192/328 3943/193/329 3944/190/326
f 3943/193/329 3942/192/328 3941/102/330
f 3939/193/331 3940/102/332 3937/192/333
f 3937/192/333 3938/190/334 3939/193/331
f 3938/190/334 3937/192/333 3936/191/335
f 3935/143/336 3920/142/337 3921/144/338
f 3920/142/337 3935/143/336 3933/140/339
f 3933/140/339 3934/141/340 3920/142/337
f 3933/140/339 3931/138/341 3934/141/340
f 3931/138/341 3933/140/339 3932/137/342
f 3931/138/341 3932/137/342 3929/139/343
f 3929/139/343 3930/152/344 3931/138/341
f 3929/139/343 3927/150/345 3930/152/344
f 3927/150/345 3929/139/343 3928/151/346
f 3927/150/345 3928/151/346 3925/148/347
f 3925/148/347 3926/149/348 3927/150/345
f 3925/148/347 3923/146/349 3926/149/348
f 3923/146/349 3925/148/347 3924/147/350
f 3923/146/349 3924/147/350 3921/144/338
f 3921/144/338 3922/145/351 3923/146/349
f 3922/145/351 3921/144/338 3920/142/337
f 3918/194/352 3919/195/353 3914/196/354
f 3914/196/354 3917/186/355 3918/194/352
f 3917/186/355 3914/196/354 3916/189/356
f 3912/197/357 3916/189/356 3914/196/354
f 3916/189/356 3912/197/357 3915/185/358
f 3914/196/354 3913/198/359 3912/197/357
f 3910/194/360 3908/196/361 3911/195/362
f 3908/196/361 3910/194/360 3909/186/363
f 3909/186/363 3906/189/364 3908/196/361
f 3904/197/365 3908/196/361 3906/189/364
f 3908/196/361 3904/197/365 3907/198/366
f 3906/189/364 3905/185/367 3904/197/365
f 3902/126/368 3903/128/369 3899/125/370
f 3899/125/370 3901/127/371 3902/126/368
f 3899/125/370 3900/199/245 3901/127/371
f 3900/199/245 3899/125/370 3898/200/243
f 3896/201/372 3897/202/373 3895/203/374
f 3895/203/374 3894/204/375 3896/201/372
f 3894/204/375 3895/203/374 3893/127/376
f 3894/204/375 3893/127/376 3892/125/377
f 3891/169/378 3876/170/379 3877/172/380
f 3876/170/379 3891/169/378 3889/171/381
f 3889/171/381 3890/184/382 3876/170/379
f 3889/171/381 3887/182/383 3890/184/382
f 3887/182/383 3889/171/381 3888/183/384
f 3887/182/383 3888/183/384 3885/180/385
f 3885/180/385 3886/181/386 3887/182/383
f 3885/180/385 3883/178/387 3886/181/386
f 3883/178/387 3885/180/385 3884/179/388
f 3883/178/387 3884/179/388 3881/176/389
f 3881/176/389 3882/177/390 3883/178/387
f 3881/176/389 3879/174/391 3882/177/390
f 3879/174/391 3881/176/389 3880/175/392
f 3879/174/391 3880/175/392 3877/172/380
f 3877/172/380 3878/173/393 3879/174/391
f 3878/173/393 3877/172/380 3876/170/379
f 3874/205/394 3875/206/395 3873/207/396
f 3873/207/396 3872/208/397 3874/205/394
f 3872/208/397 3873/207/396 3871/209/398
f 3871/209/398 3870/210/399 3872/208/397
f 3870/210/399 3871/209/398 3869/211/400
f 3869/211/400 3868/212/401 3870/210/399
f 3868/212/401 3869/211/400 3867/213/402
f 3867/213/402 3866/214/403 3868/212/401
f 3866/214/403 3867/213/402 3865/215/404
f 3865/215/404 3864/216/405 3866/214/403
f 3864/216/405 3865/215/404 3862/217/406
f 3862/217/406 3863/218/407 3864/216/405
f 3862/217/406 3860/219/408 3863/218/407
f 3860/219/408 3862/217/406 3861/220/408
f 3860/219/408 3861/220/408 3858/217/409
f 3858/217/409 3859/218/410 3860/219/408
f 3858/217/409 3857/216/411 3859/218/410
f 3857/216/411 3858/217/409 3856/215/412
f 3856/215/412 3855/214/413 3857/216/411
f 3855/214/413 3856/215/412 3854/213/414
f 3854/213/414 3853/212/415 3855/214/413
f 3853/212/415 3854/213/414 3852/211/416
f 3852/211/416 3851/210/417 3853/212/415
f 3851/210/417 3852/211/416 3850/209/418
f 3850/209/418 3849/208/419 3851/210/417
f 3849/208/419 3850/209/418 3847/207/420
f 3847/207/420 3848/205/421 3849/208/419
f 3848/205/421 3847/207/420 3846/206/422
f 3844/221/423 3845/222/424 3843/223/425
f 3843/223/425 3842/224/426 3844/221/423
f 3842/224/426 3843/223/425 3840/225/427
f 3840/225/427 3841/226/428 3842/224/426
f 3840/225/427 3839/227/429 3841/226/428
f 3839/227/429 3840/225/427 3837/228/430
f 3837/228/430 3838/229/431 3839/227/429
f 3837/228/430 3836/230/432 3838/229/431
f 3836/230/432 3837/228/430 3835/231/433
f 3835/231/433 3834/232/434 3836/230/432
f 3834/232/434 3835/231/433 3833/233/435
f 3834/232/434 3833/233/435 3832/234/436
f 3830/235/437 3829/236/438 3831/237/439
f 3829/236/438 3830/235/437 3827/238/440
f 3827/238/440 3828/239/441 3829/236/438
f 3828/239/441 3827/238/440 3826/240/442
f 3824/221/443 3823/223/444 3825/222/445
f 3823/223/444 3824/221/443 3822/224/446
f 3822/224/446 3820/225/447 3823/223/444
f 3820/225/447 3822/224/446 3821/226/448
f 3820/225/447 3821/226/448 3819/227/449
f 3819/227/449 3817/228/450 3820/225/447
f 3817/228/450 3819/227/449 3818/229/451
f 3817/228/450 3818/229/451 3816/230/452
f 3816/230/452 3815/231/453 3817/228/450
f 3815/231/453 3816/230/452 3813/232/454
f 3813/232/454 3814/233/455 3815/231/453
f 3814/233/455 3813/232/454 3812/234/456
f 3810/241/457 3806/242/458 3811/243/459
f 3806/242/458 3810/241/457 3809/244/460
f 3806/242/458 3809/244/460 3808/245/461
f 3806/242/458 3808/245/461 3807/246/462
f 3806/242/458 3807/246/462 3804/247/463
f 3804/247/463 3803/248/464 3806/242/458
f 3796/249/465 3794/250/466 3805/251/467
f 3803/248/464 3804/247/463 3802/252/468
f 3802/252/468 3801/253/469 3803/248/464
f 3801/253/469 3802/252/468 3798/254/470
f 3798/254/470 3800/255/471 3801/253/469
f 3798/254/470 3799/256/472 3800/255/471
f 3798/254/470 3797/257/473 3799/256/472
f 3797/257/473 3798/254/470 3795/258/474
f 3795/258/474 3796/249/465 3797/257/473
f 3794/250/466 3796/249/465 3795/258/474
f 3794/250/466 3795/258/474 3793/259/475
f 3793/259/475 3791/260/476 3794/250/466
f 3791/260/476 3793/259/475 3792/261/477
f 3791/260/476 3792/261/477 3789/262/478
f 3789/262/478 3790/263/479 3791/260/476
f 3789/262/478 3788/264/480 3790/263/479
f 3788/264/480 3789/262/478 3786/265/480
f 3786/265/480 3787/266/481 3788/264/480
f 3787/266/481 3786/265/480 3785/267/481
f 3783/268/482 3784/269/483 3782/270/484
f 3782/270/484 3780/271/485 3783/268/482
f 3780/271/485 3782/270/484 3781/272/486
f 3780/271/485 3781/272/486 3779/273/487
f 3779/273/487 3778/274/488 3780/271/485
f 3778/274/488 3779/273/487 3777/275/489
f 3777/275/489 3776/276/490 3778/274/488
f 3776/276/490 3777/275/489 3775/277/491
f 3775/277/491 3774/278/492 3776/276/490
f 3774/278/492 3775/277/491 3773/279/493
f 3774/278/492 3773/279/493 3772/280/494
f 3770/162/495 3769/161/496 3771/160/277
f 3769/161/496 3770/162/495 3767/159/497
f 3767/159/497 3768/281/498 3769/161/496
f 3768/281/498 3767/159/497 3766/282/499
f 3764/268/500 3763/270/501 3765/269/502
f 3763/270/501 3764/268/500 3761/271/503
f 3761/271/503 3762/272/504 3763/270/501
f 3761/271/503 3760/273/505 3762/272/504
f 3760/273/505 3761/271/503 3759/274/506
f 3759/274/506 3758/275/507 3760/273/505
f 3758/275/507 3759/274/506 3757/276/508
f 3757/276/508 3756/277/509 3758/275/507
f 3756/277/509 3757/276/508 3754/278/510
f 3754/278/510 3755/279/511 3756/277/509
f 3755/279/511 3754/278/510 3753/280/511
f 3749/283/512 3751/266/513 3752/284/513
f 3749/283/512 3750/264/514 3751/266/513
f 3749/283/512 3748/263/515 3750/264/514
f 3748/263/515 3749/283/512 3747/285/516
f 3747/285/516 3745/260/517 3748/263/515
f 3745/260/517 3747/285/516 3746/286/517
f 3745/260/517 3746/286/517 3744/287/518
f 3744/287/518 3743/250/519 3745/260/517
f 3743/250/519 3744/287/518 3742/288/520
f 3742/288/520 3741/251/521 3743/250/519
f 3741/251/521 3742/288/520 3740/289/522
f 3740/289/522 3739/249/523 3741/251/521
f 3739/249/523 3740/289/522 3738/290/524
f 3738/290/524 3737/257/525 3739/249/523
f 3737/257/525 3738/290/524 3736/291/526
f 3736/291/526 3735/256/527 3737/257/525
f 3735/256/527 3736/291/526 3733/292/528
f 3733/292/528 3734/255/529 3735/256/527
f 3733/292/528 3732/253/530 3734/255/529
f 3732/253/530 3733/292/528 3731/293/531
f 3731/293/531 3730/248/532 3732/253/530
f 3730/248/532 3731/293/531 3729/294/533
f 3729/294/533 3728/242/534 3730/248/532
f 3728/242/534 3729/294/533 3727/295/535
f 3727/295/535 3723/243/536 3728/242/534
f 3723/243/536 3727/295/535 3726/296/537
f 3723/243/536 3726/296/537 3725/297/538
f 3725/297/538 3724/241/539 3723/243/536
f 3721/298/540 3720/125/541 3722/299/377
f 3720/125/541 3721/298/540 3719/127/542
f 3719/127/542 3718/204/543 3720/125/541
f 3718/204/543 3719/127/542 3716/203/544
f 3716/203/544 3717/201/373 3718/204/543
f 3717/201/373 3716/203/544 3715/202/545
f 3714/300/546 3699/301/547 3700/302/548
f 3700/302/548 3713/303/549 3714/300/546
f 3713/303/549 3700/302/548 3702/304/550
f 3702/304/550 3712/305/551 3713/303/549
f 3712/305/551 3702/304/550 3704/306/552
f 3704/306/552 3710/307/553 3712/305/551
f 3710/307/553 3704/306/552 3706/308/554
f 3709/309/555 3708/310/556 3711/311/557
f 3710/307/553 3706/308/554 3709/309/555
f 3708/310/556 3709/309/555 3706/308/554
f 3706/308/554 3707/312/558 3708/310/556
f 3706/308/554 3705/313/559 3707/312/558
f 3705/313/559 3706/308/554 3704/306/552
f 3704/306/552 3703/314/560 3705/313/559
f 3703/314/560 3704/306/552 3702/304/550
f 3702/304/550 3701/315/561 3703/314/560
f 3701/315/561 3702/304/550 3700/302/548
f 3700/302/548 3697/316/562 3701/315/561
f 3697/316/562 3700/302/548 3699/301/547
f 3699/301/547 3698/317/563 3697/316/562
f 3693/318/564 3695/319/565 3696/320/566
f 3693/318/564 3694/321/567 3695/319/565
f 3693/318/564 3691/322/568 3694/321/567
f 3691/322/568 3693/318/564 3692/323/569
f 3691/322/568 3692/323/569 3690/324/570
f 3690/324/570 3689/325/571 3691/322/568
f 3689/325/571 3690/324/570 3688/326/572
f 3688/326/572 3687/327/572 3689/325/571
f 3687/327/572 3688/326/572 3685/328/573
f 3685/328/573 3686/329/573 3687/327/572
f 3685/328/573 3684/327/574 3686/329/573
f 3684/327/574 3685/328/573 3683/326/574
f 3683/326/574 3682/325/575 3684/327/574
f 3682/325/575 3683/326/574 3681/324/576
f 3681/324/576 3679/322/577 3682/325/575
f 3679/322/577 3681/324/576 3680/323/578
f 3679/322/577 3680/323/578 3676/318/579
f 3676/318/579 3678/321/580 3679/322/577
f 3676/318/579 3677/319/581 3678/321/580
f 3677/319/581 3676/318/579 3675/320/582
f 3673/330/583 3671/331/584 3674/332/585
f 3671/331/584 3673/330/583 3672/333/586
f 3671/331/584 3672/333/586 3668/334/587
f 3668/334/587 3670/335/588 3671/331/584
f 3668/334/587 3669/102/589 3670/335/588
f 3669/102/589 3668/334/587 3667/100/590
f 3659/336/591 3666/337/592 3661/338/593
f 3666/337/592 3659/336/591 3665/339/594
f 3665/339/594 3664/340/595 3666/337/592
f 3664/340/595 3665/339/594 3663/341/596
f 3663/341/596 3662/342/597 3664/340/595
f 3662/342/597 3663/341/596 3660/343/593
f 3660/343/593 3661/338/593 3662/342/597
f 3661/338/593 3660/343/593 3659/336/591
f 3658/3/598 3657/4/599 3656/1/600
f 3648/337/601 3655/339/602 3650/336/601
f 3655/339/602 3648/337/601 3654/340/603
f 3654/340/603 3653/341/604 3655/339/602
f 3653/341/604 3654/340/603 3652/342/605
f 3652/342/605 3651/343/606 3653/341/604
f 3651/343/606 3652/342/605 3649/338/607
f 3649/338/607 3650/336/601 3651/343/606
f 3650/336/601 3649/338/607 3648/337/601
f 3647/344/608 3639/345/609 3640/346/610
f 3640/346/610 3646/347/611 3647/344/608
f 3640/346/610 3645/348/612 3646/347/611
f 3640/346/610 3644/349/613 3645/348/612
f 3640/346/610 3643/350/614 3644/349/613
f 3640/346/610 3642/351/615 3643/350/614
f 3640/346/610 3641/352/616 3642/351/615
f 3641/352/616 3640/346/610 3639/345/609
f 3638/348/617 3630/347/618 3631/346/619
f 3631/346/619 3637/349/620 3638/348/617
f 3631/346/619 3636/350/621 3637/349/620
f 3631/346/619 3635/351/622 3636/350/621
f 3631/346/619 3634/352/623 3635/351/622
f 3631/346/619 3633/345/624 3634/352/623
f 3631/346/619 3632/344/625 3633/345/624
f 3632/344/625 3631/346/619 3630/347/618
f 3629/1/626 3628/2/627 3627/3/627
f 3625/353/628 3624/354/629 3626/355/630
f 3624/354/629 3625/353/628 3622/356/631
f 3622/356/631 3623/357/632 3624/354/629
f 3622/356/631 3621/358/633 3623/357/632
f 3621/358/633 3622/356/631 3620/359/634
f 3620/359/634 3619/360/635 3621/358/633
f 3619/360/635 3620/359/634 3618/361/635
f 3618/361/635 3616/362/636 3619/360/635
f 3616/362/636 3618/361/635 3617/363/637
f 3616/362/636 3617/363/637 3615/361/638
f 3615/361/638 3614/360/638 3616/362/636
f 3614/360/638 3615/361/638 3613/359/639
f 3613/359/639 3612/358/640 3614/360/638
f 3612/358/640 3613/359/639 3610/356/641
f 3610/356/641 3611/357/642 3612/358/640
f 3610/356/641 3609/354/643 3611/357/642
f 3609/354/643 3610/356/641 3608/353/644
f 3609/354/643 3608/353/644 3607/355/645
f 3606/352/646 3598/345/647 3599/346/648
f 3599/346/648 3605/351/649 3606/352/646
f 3599/346/648 3604/350/650 3605/351/649
f 3599/346/648 3603/349/651 3604/350/650
f 3599/346/648 3602/348/652 3603/349/651
f 3599/346/648 3601/347/653 3602/348/652
f 3599/346/648 3600/344/654 3601/347/653
f 3600/344/654 3599/346/648 3598/345/647
f 3595/364/655 3596/365/656 3597/366/657
f 3595/364/655 3594/367/658 3596/365/656
f 3594/367/658 3595/364/655 3593/368/659
f 3593/368/659 3592/369/660 3594/367/658
f 3592/369/660 3593/368/659 3591/370/661
f 3591/370/661 3589/371/662 3592/369/660
f 3589/371/662 3591/370/661 3590/372/663
f 3589/371/662 3590/372/663 3587/373/664
f 3587/373/664 3588/374/665 3589/371/662
f 3587/373/664 3585/371/666 3588/374/665
f 3585/371/666 3587/373/664 3586/372/667
f 3585/371/666 3586/372/667 3584/370/668
f 3584/370/668 3583/369/669 3585/371/666
f 3583/369/669 3584/370/668 3582/368/670
f 3582/368/670 3581/367/671 3583/369/669
f 3581/367/671 3582/368/670 3579/364/672
f 3579/364/672 3580/365/673 3581/367/671
f 3580/365/673 3579/364/672 3578/366/674
f 3575/375/675 3576/376/676 3577/377/677
f 3575/375/675 3573/378/678 3576/376/676
f 3573/378/678 3575/375/675 3574/379/679
f 3573/378/678 3574/379/679 3572/380/680
f 3572/380/680 3571/381/681 3573/378/678
f 3571/381/681 3572/380/680 3570/382/682
f 3570/382/682 3569/383/683 3571/381/681
f 3569/383/683 3570/382/682 3567/384/684
f 3567/384/684 3568/385/685 3569/383/683
f 3567/384/684 3566/383/686 3568/385/685
f 3566/383/686 3567/384/684 3565/382/687
f 3565/382/687 3564/381/688 3566/383/686
f 3564/381/688 3565/382/687 3563/380/689
f 3563/380/689 3561/378/690 3564/381/688
f 3561/378/690 3563/380/689 3562/379/691
f 3561/378/690 3562/379/691 3559/375/692
f 3559/375/692 3560/376/693 3561/378/690
f 3560/376/693 3559/375/692 3558/377/694
f 3557/344/695 3549/347/696 3550/346/697
f 3550/346/697 3556/345/698 3557/344/695
f 3550/346/697 3555/352/699 3556/345/698
f 3550/346/697 3554/351/700 3555/352/699
f 3550/346/697 3553/350/701 3554/351/700
f 3550/346/697 3552/349/702 3553/350/701
f 3550/346/697 3551/348/703 3552/349/702
f 3551/348/703 3550/346/697 3549/347/696
f 3547/386/704 3548/387/705 3546/388/706
f 3546/388/706 3545/389/707 3547/386/704
f 3545/389/707 3546/388/706 3544/390/708
f 3544/390/708 3543/391/709 3545/389/707
f 3543/391/709 3544/390/708 3540/392/710
f 3540/392/710 3542/393/711 3543/391/709
f 3540/392/710 3541/394/712 3542/393/711
f 3541/394/712 3540/392/710 3539/395/713
f 3538/4/714 3537/5/715 3536/6/716
f 3534/396/717 3533/397/718 3535/398/719
f 3533/397/718 3534/396/717 3532/399/718
f 3532/399/718 3530/400/720 3533/397/718
f 3530/400/720 3532/399/718 3531/401/721
f 3530/400/720 3531/401/721 3527/402/722
f 3527/402/722 3529/403/723 3530/400/720
f 3527/402/722 3528/404/724 3529/403/723
f 3528/404/724 3527/402/722 3526/405/725
f 3525/6/726 3524/1/727 3523/4/728
f 3521/406/729 3520/407/730 3522/408/731
f 3520/407/730 3521/406/729 3519/409/732
f 3519/409/732 3518/410/733 3520/407/730
f 3518/410/733 3519/409/732 3517/411/734
f 3517/411/734 3516/412/735 3518/410/733
f 3516/412/735 3517/411/734 3514/413/736
f 3514/413/736 3515/414/737 3516/412/735
f 3515/414/737 3514/413/736 3513/415/737
f 3511/416/738 3512/398/738 3510/397/739
f 3510/397/739 3509/417/740 3511/416/738
f 3509/417/740 3510/397/739 3508/400/741
f 3508/400/741 3507/418/742 3509/417/740
f 3507/418/742 3508/400/741 3506/403/743
f 3506/403/743 3505/419/744 3507/418/742
f 3505/419/744 3506/403/743 3504/404/745
f 3505/419/744 3504/404/745 3503/420/745
f 3501/396/746 3502/421/747 3500/422/748
f 3500/422/748 3499/399/749 3501/396/746
f 3499/399/749 3500/422/748 3498/423/750
f 3498/423/750 3497/401/751 3499/399/749
f 3497/401/751 3498/423/750 3496/424/752
f 3496/424/752 3495/402/753 3497/401/751
f 3495/402/753 3496/424/752 3494/425/754
f 3495/402/753 3494/425/754 3493/405/755
f 3491/406/756 3492/408/756 3490/407/757
f 3490/407/757 3489/409/758 3491/406/756
f 3489/409/758 3490/407/757 3488/410/759
f 3488/410/759 3487/411/760 3489/409/758
f 3487/411/760 3488/410/759 3486/412/761
f 3486/412/761 3485/413/762 3487/411/760
f 3485/413/762 3486/412/761 3484/414/763
f 3485/413/762 3484/414/763 3483/415/764
f 3481/394/765 3482/395/766 3479/392/767
f 3479/392/767 3480/393/768 3481/394/765
f 3479/392/767 3478/391/769 3480/393/768
f 3478/391/769 3479/392/767 3477/390/770
f 3477/390/770 3476/389/771 3478/391/769
f 3476/389/771 3477/390/770 3474/388/772
f 3474/388/772 3475/386/773 3476/389/771
f 3475/386/773 3474/388/772 3473/387/774
f 3472/5/775 3471/4/776 3470/1/775
f 3468/426/777 3466/427/778 3469/428/779
f 3466/427/778 3468/426/777 3467/429/780
f 3466/427/778 3467/429/780 3465/430/781
f 3465/430/781 3464/431/782 3466/427/778
f 3464/431/782 3465/430/781 3461/432/783
f 3461/432/783 3463/433/784 3464/431/782
f 3461/432/783 3462/434/785 3463/433/784
f 3462/434/785 3461/432/783 3460/435/786
f 3458/436/787 3459/437/788 3457/438/789
f 3457/438/789 3455/439/790 3458/436/787
f 3455/439/790 3457/438/789 3456/440/791
f 3455/439/790 3456/440/791 3454/441/792
f 3454/441/792 3453/442/793 3455/439/790
f 3453/442/793 3454/441/792 3452/443/794
f 3453/442/793 3452/443/794 3451/444/795
f 3450/1/796 3449/6/797 3448/5/798
f 3446/436/799 3445/438/800 3447/437/801
f 3445/438/800 3446/436/799 3443/439/802
f 3443/439/802 3444/440/803 3445/438/800
f 3443/439/802 3442/441/804 3444/440/803
f 3442/441/804 3443/439/802 3440/442/805
f 3440/442/805 3441/443/806 3442/441/804
f 3441/443/806 3440/442/805 3439/444/807
f 3434/445/808 3429/446/809 3431/447/810
f 3429/446/809 3434/445/808 3438/448/811
f 3429/446/809 3438/448/811 3437/449/812
f 3429/446/809 3437/449/812 3436/450/813
f 3429/446/809 3436/450/813 3426/451/814
f 3433/452/815 3435/453/816 3434/445/808
f 3434/445/808 3431/447/810 3433/452/815
f 3432/454/817 3433/452/815 3431/447/810
f 3431/447/810 3430/455/818 3432/454/817
f 3430/455/818 3431/447/810 3429/446/809
f 3430/455/818 3429/446/809 3428/456/819
f 3426/451/814 3428/456/819 3429/446/809
f 3426/451/814 3427/457/820 3428/456/819
f 3426/451/814 3425/458/821 3427/457/820
f 3425/458/821 3426/451/814 3424/459/822
f 3424/459/822 3423/460/823 3425/458/821
f 3423/460/823 3424/459/822 3422/461/824
f 3422/461/824 3421/462/825 3423/460/823
f 3421/462/825 3422/461/824 3420/463/826
f 3420/463/826 3419/464/827 3421/462/825
f 3419/464/827 3420/463/826 3418/465/828
f 3419/464/827 3418/465/828 3417/466/829
f 3416/4/830 3415/3/831 3414/2/832
f 3403/467/833 3401/468/834 3413/469/835
f 3405/470/836 3400/413/837 3402/471/838
f 3405/470/836 3412/411/839 3400/413/837
f 3405/470/836 3411/409/840 3412/411/839
f 3411/409/840 3405/470/836 3407/472/841
f 3407/472/841 3410/406/842 3411/409/840
f 3407/472/841 3409/473/843 3410/406/842
f 3407/472/841 3408/474/844 3409/473/843
f 3407/472/841 3406/475/845 3408/474/844
f 3406/475/845 3407/472/841 3405/470/836
f 3405/470/836 3404/476/846 3406/475/845
f 3402/471/838 3404/476/846 3405/470/836
f 3404/476/846 3402/471/838 3403/467/833
f 3401/468/834 3403/467/833 3402/471/838
f 3401/468/834 3402/471/838 3400/413/837
f 3401/468/834 3400/413/837 3399/415/847
f 3398/2/848 3397/1/849 3396/4/850
f 3394/477/851 3393/478/852 3395/479/853
f 3393/478/852 3394/477/851 3391/480/854
f 3391/480/854 3392/481/855 3393/478/852
f 3392/481/855 3391/480/854 3390/482/856
f 3388/483/857 3389/484/857 3385/485/857
f 3385/485/857 3387/486/857 3388/483/857
f 3385/485/857 3386/487/857 3387/486/857
f 3386/487/857 3385/485/857 3384/488/857
f 3382/489/858 3383/490/859 3381/491/860
f 3381/491/860 3380/492/861 3382/489/858
f 3380/492/861 3381/491/860 3379/493/395
f 3380/492/861 3379/493/395 3378/494/394
f 3377/45/862 3376/48/863 3375/46/864
f 3373/489/865 3372/491/866 3374/490/867
f 3372/491/866 3373/489/865 3370/492/868
f 3370/492/868 3371/493/422 3372/491/866
f 3371/493/422 3370/492/868 3369/494/869
f 3368/46/870 3367/47/871 3366/45/871
f 3364/495/872 3359/496/873 3365/497/874
f 3359/496/873 3364/495/872 3361/498/875
f 3360/499/876 3363/500/877 3358/501/874
f 3360/499/876 3361/498/875 3362/502/878
f 3361/498/875 3360/499/876 3359/496/873
f 3358/501/874 3359/496/873 3360/499/876
f 3359/496/873 3358/501/874 3357/503/873
f 3356/48/879 3355/50/880 3354/49/881
f 3352/504/882 3347/505/883 3353/506/884
f 3347/505/883 3352/504/882 3349/507/882
f 3348/508/883 3351/509/883 3346/510/883
f 3348/508/883 3349/507/882 3350/511/885
f 3349/507/882 3348/508/883 3347/505/883
f 3346/510/883 3347/505/883 3348/508/883
f 3347/505/883 3346/510/883 3345/512/883
f 3339/496/886 3344/503/887 3337/501/888
f 3340/498/889 3338/499/890 3343/502/891
f 3341/495/892 3342/497/893 3339/496/886
f 3339/496/886 3340/498/889 3341/495/892
f 3340/498/889 3339/496/886 3338/499/890
f 3337/501/888 3338/499/890 3339/496/886
f 3338/499/890 3337/501/888 3336/500/894
f 3330/505/895 3335/512/895 3328/510/895
f 3331/507/896 3329/508/895 3334/511/897
f 3332/504/896 3333/506/898 3330/505/895
f 3330/505/895 3331/507/896 3332/504/896
f 3331/507/896 3330/505/895 3329/508/895
f 3328/510/895 3329/508/895 3330/505/895
f 3329/508/895 3328/510/895 3327/509/895
f 3325/513/899 3326/514/900 3323/515/901
f 3323/515/901 3324/516/902 3325/513/899
f 3324/516/902 3323/515/901 3322/517/903
f 3319/518/904 3318/519/905 3321/520/906
f 3316/521/907 3320/522/908 3315/523/909
f 3320/522/908 3316/521/907 3319/518/904
f 3318/519/905 3319/518/904 3316/521/907
f 3316/521/907 3317/300/910 3318/519/905
f 3316/521/907 3313/301/911 3317/300/910
f 3313/301/911 3316/521/907 3315/523/909
f 3315/523/909 3314/317/912 3313/301/911
f 3311/524/913 3312/525/914 3309/526/915
f 3309/526/915 3310/527/916 3311/524/913
f 3310/527/916 3309/526/915 3308/528/917
f 3306/445/918 3307/517/919 3304/515/920
f 3304/515/920 3305/448/921 3306/445/918
f 3305/448/921 3304/515/920 3303/514/922
f 3301/529/923 3302/530/924 3299/531/925
f 3299/531/925 3300/532/926 3301/529/923
f 3300/532/926 3299/531/925 3298/533/927
f 3297/49/928 3296/46/929 3295/48/929
f 3293/534/930 3292/535/931 3294/536/932
f 3292/535/931 3293/534/930 3290/537/933
f 3290/537/933 3291/538/934 3292/535/931
f 3290/537/933 3287/535/935 3291/538/934
f 3287/535/935 3290/537/933 3289/534/936
f 3289/534/936 3288/536/937 3287/535/935
f 3285/448/938 3286/514/939 3283/515/940
f 3283/515/940 3284/445/941 3285/448/938
f 3284/445/941 3283/515/940 3282/517/942
f 3280/527/943 3281/528/944 3278/526/945
f 3278/526/945 3279/524/946 3280/527/943
f 3279/524/946 3278/526/945 3277/525/947
f 3275/532/948 3276/533/949 3273/531/950
f 3273/531/950 3274/529/951 3275/532/948
f 3274/529/951 3273/531/950 3272/530/952
f 3270/516/953 3271/517/954 3268/515/955
f 3268/515/955 3269/513/956 3270/516/953
f 3269/513/956 3268/515/955 3267/514/957
f 3261/428/958 3264/387/959 3266/386/960
f 3263/539/961 3265/540/962 3264/387/959
f 3264/387/959 3261/428/958 3263/539/961
f 3261/428/958 3262/541/963 3263/539/961
f 3262/541/963 3261/428/958 3260/426/964
f 3259/52/965 3258/54/965 3257/53/965
f 3252/542/966 3256/543/967 3254/544/968
f 3253/545/969 3254/544/968 3255/546/970
f 3254/544/968 3253/545/969 3252/542/966
f 3251/547/971 3252/542/966 3253/545/969
f 3252/542/966 3251/547/971 3250/548/972
f 3249/53/973 3248/51/973 3247/52/974
f 3243/428/975 3246/386/976 3241/387/977
f 3243/428/975 3244/541/978 3245/426/979
f 3244/541/978 3243/428/975 3242/539/980
f 3241/387/977 3242/539/980 3243/428/975
f 3242/539/980 3241/387/977 3240/540/981
f 3237/549/982 3238/245/983 3239/550/984
f 3238/245/983 3237/549/982 3236/246/985
f 3236/246/985 3237/549/982 3235/551/986
f 3235/551/986 3234/247/987 3236/246/985
f 3234/247/987 3235/551/986 3233/552/988
f 3233/552/988 3232/252/989 3234/247/987
f 3232/252/989 3233/552/988 3231/553/990
f 3231/553/990 3230/254/991 3232/252/989
f 3230/254/991 3231/553/990 3229/554/992
f 3229/554/992 3228/258/993 3230/254/991
f 3228/258/993 3229/554/992 3227/555/994
f 3227/555/994 3226/259/995 3228/258/993
f 3226/259/995 3227/555/994 3225/556/996
f 3225/556/996 3224/261/997 3226/259/995
f 3224/261/997 3225/556/996 3223/557/998
f 3223/557/998 3222/262/999 3224/261/997
f 3222/262/999 3223/557/998 3221/558/1000
f 3221/558/1000 3220/265/1001 3222/262/999
f 3220/265/1001 3221/558/1000 3219/559/1002
f 3220/265/1001 3219/559/1002 3218/267/1003
f 3217/54/1004 3216/56/1005 3215/55/1006
f 3213/560/1007 3211/561/1008 3214/562/1007
f 3211/561/1008 3213/560/1007 3212/563/1008
f 3210/560/1009 3211/561/1008 3212/563/1008
f 3211/561/1008 3210/560/1009 3209/562/1010
f 3206/479/1011 3207/564/1011 3208/565/1012
f 3207/564/1011 3206/479/1011 3205/477/1013
f 3200/566/1014 3203/567/1015 3204/568/1016
f 3203/567/1015 3200/566/1014 3202/569/1017
f 3200/566/1014 3201/567/1018 3202/569/1017
f 3201/567/1018 3200/566/1014 3199/568/1019
f 3196/570/1020 3197/571/1021 3198/572/1020
f 3197/571/1021 3196/570/1020 3195/573/1022
f 3192/574/1023 3193/575/1024 3194/576/1025
f 3193/575/1024 3192/574/1023 3191/577/1024
f 3188/578/1026 3189/577/1027 3190/574/1028
f 3189/577/1027 3188/578/1026 3187/579/1028
f 3184/572/1029 3185/579/1029 3186/578/1030
f 3185/579/1029 3184/572/1029 3183/571/1031
f 3180/580/1032 3181/581/1033 3182/582/1034
f 3181/581/1033 3180/580/1032 3179/583/1035
f 3176/584/1036 3177/585/1037 3178/586/1038
f 3177/585/1037 3176/584/1036 3175/587/1039
f 3172/588/1040 3173/589/1041 3174/590/1042
f 3173/589/1041 3172/588/1040 3171/591/1043
f 3168/592/1044 3169/593/1045 3170/594/857
f 3169/593/1045 3168/592/1044 3167/595/1044
f 3164/578/1028 3165/577/1046 3166/579/1046
f 3165/577/1046 3164/578/1028 3163/574/1027
f 3160/596/1047 3161/597/1048 3162/598/1049
f 3161/597/1048 3160/596/1047 1382/599/1050
f 3157/435/1051 3158/600/1052 3159/434/1053
f 3158/600/1052 3157/435/1051 3156/601/1054
f 3153/429/1055 3154/541/1055 3155/602/1056
f 3154/541/1055 3153/429/1055 3152/426/1057
f 3149/267/1058 3150/603/1059 3151/266/1059
f 3150/603/1059 3149/267/1058 3148/604/1060
f 3145/605/1061 3146/435/1062 3147/432/1061
f 3146/435/1062 3145/605/1061 3144/601/1063
f 3141/605/1064 3142/430/1064 3143/606/1065
f 3142/430/1064 3141/605/1064 3140/432/1066
f 3137/606/1067 3138/429/1068 3139/602/1069
f 3138/429/1068 3137/606/1067 3136/430/1070
f 3133/269/1071 3134/530/1072 3135/529/1073
f 3134/530/1072 3133/269/1071 3132/268/1074
f 3129/607/1075 3130/280/1076 3131/279/1077
f 3130/280/1076 3129/607/1075 3128/608/1078
f 3125/427/1079 3126/386/1079 3127/428/1080
f 3126/386/1079 3125/427/1079 3124/389/1081
f 3121/431/1082 3122/389/1083 3123/427/1084
f 3122/389/1083 3121/431/1082 3120/391/1085
f 3117/433/1086 3118/391/1086 3119/431/1087
f 3118/391/1086 3117/433/1086 3116/393/1088
f 3113/434/1089 3114/393/1090 3115/433/1091
f 3114/393/1090 3113/434/1089 3112/394/1092
f 3109/609/1093 3110/610/1093 3111/611/1093
f 3110/610/1093 3109/609/1093 3108/612/1093
f 3103/613/1094 3106/614/1095 3107/615/1096
f 3106/614/1095 3103/613/1094 3105/616/1097
f 3103/613/1094 3104/614/1098 3105/616/1097
f 3104/614/1098 3103/613/1094 3102/615/1099
f 3099/592/1100 3100/593/1101 3101/595/1102
f 3100/593/1101 3099/592/1100 3098/594/857
f 3093/617/1103 3096/560/1104 3097/618/1105
f 3096/560/1104 3093/617/1103 3095/563/1106
f 3093/617/1103 3094/560/1107 3095/563/1106
f 3094/560/1107 3093/617/1103 3092/618/1108
f 3089/442/1109 3090/619/1109 3091/620/1110
f 3090/619/1109 3089/442/1109 3088/444/1111
f 3085/267/1112 3086/603/1113 3087/604/1114
f 3086/603/1113 3085/267/1112 3084/266/1115
f 3081/479/1116 3082/564/1116 3083/477/1117
f 3082/564/1116 3081/479/1116 3080/565/1118
f 3077/570/1119 3078/571/1119 3079/573/1119
f 3078/571/1119 3077/570/1119 3076/572/1120
f 3073/574/1121 3074/575/1122 3075/577/1024
f 3074/575/1122 3073/574/1121 3072/576/1123
f 3069/572/1124 3070/579/1125 3071/571/1126
f 3070/579/1125 3069/572/1124 3068/578/1125
f 3065/580/1127 3066/581/1127 3067/583/1128
f 3066/581/1127 3065/580/1127 3064/582/1129
f 3063/55/1130 3062/53/1131 3061/54/1131
f 3058/50/1132 3059/51/1133 3060/49/1134
f 3059/51/1133 3058/50/1132 3057/52/1135
f 3054/621/1136 3055/622/1137 3056/623/1138
f 3055/622/1137 3054/621/1136 3053/624/1139
f 3050/625/1140 3051/626/1141 3052/627/1142
f 3051/626/1141 3050/625/1140 3049/628/1143
f 3046/25/1144 3047/26/1145 3048/27/1146
f 3047/26/1145 3046/25/1144 3045/28/1144
f 3042/21/1147 3043/22/1148 3044/23/1148
f 3043/22/1148 3042/21/1147 3041/24/1149
f 3038/56/1150 3039/57/1151 3040/55/1152
f 3039/57/1151 3038/56/1150 3037/58/1153
f 3035/628/1154 3036/629/1155 3034/630/1156
f 3034/630/1156 3033/631/1157 3035/628/1154
f 3033/631/1157 3034/630/1156 3032/622/1158
f 3033/631/1157 3032/622/1158 3031/623/1159
f 3029/343/1160 3027/336/1125 3030/336/1161
f 3027/336/1125 3029/343/1160 3028/343/1125
f 3026/343/1125 3027/336/1125 3028/343/1125
f 3027/336/1125 3026/343/1125 3025/336/1125
f 3022/584/1162 3023/585/1163 3024/587/1164
f 3023/585/1163 3022/584/1162 3021/586/1165
f 3018/588/1166 3019/589/1167 3020/591/1168
f 3019/589/1167 3018/588/1166 3017/590/1169
f 3015/596/1170 3016/597/1171 1485/599/1172
f 3016/597/1171 3015/596/1170 3014/598/1173
f 3011/435/1174 3012/600/1175 3013/601/1176
f 3012/600/1175 3011/435/1174 3010/434/1177
f 3007/429/1178 3008/541/1178 3009/426/1179
f 3008/541/1178 3007/429/1178 3006/602/1180
f 3003/605/1181 3004/430/1182 3005/432/1183
f 3004/430/1182 3003/605/1181 3002/606/1184
f 2999/269/1185 3000/530/1185 3001/268/1186
f 3000/530/1185 2999/269/1185 2998/529/1187
f 2995/427/1188 2996/386/1188 2997/389/1189
f 2996/386/1188 2995/427/1188 2994/428/1190
f 2991/431/1191 2992/389/1191 2993/391/1192
f 2992/389/1191 2991/431/1191 2990/427/1193
f 2987/433/1194 2988/391/1194 2989/393/1195
f 2988/391/1194 2987/433/1194 2986/431/1196
f 2983/434/1197 2984/393/1198 2985/394/1199
f 2984/393/1198 2983/434/1197 2982/433/1200
f 2979/609/1093 2980/610/1093 2981/612/1093
f 2980/610/1093 2979/609/1093 2978/611/1093
f 2975/605/1201 2976/435/1202 2977/601/1203
f 2976/435/1202 2975/605/1201 2974/432/1204
f 2971/607/1205 2972/280/1206 2973/608/1207
f 2972/280/1206 2971/607/1205 2970/279/1208
f 2967/606/1209 2968/429/1209 2969/430/1210
f 2968/429/1209 2967/606/1209 2966/602/1211
f 2960/632/1093 2961/633/1093 2964/634/1093
f 2964/634/1093 2963/635/1093 2965/636/1093
f 2963/635/1093 2964/634/1093 2961/633/1093
f 2961/633/1093 2962/637/1093 2963/635/1093
f 2961/633/1093 2958/638/1093 2962/637/1093
f 2961/633/1093 2960/632/1093 2958/638/1093
f 2960/632/1093 2959/639/1093 2958/638/1093
f 2952/634/1093 2953/633/1093 2956/632/1093
f 2956/632/1093 2955/638/1093 2957/639/1093
f 2955/638/1093 2956/632/1093 2953/633/1093
f 2953/633/1093 2954/637/1093 2955/638/1093
f 2953/633/1093 2950/635/1093 2954/637/1093
f 2953/633/1093 2952/634/1093 2950/635/1093
f 2952/634/1093 2951/636/1093 2950/635/1093
f 2948/640/1212 2949/641/1213 2946/642/1214
f 2946/642/1214 2947/643/1214 2948/640/1212
f 2946/642/1214 2945/644/1215 2947/643/1214
f 2945/644/1215 2946/642/1214 2944/645/1216
f 2944/645/1216 2942/646/1217 2945/644/1215
f 2942/646/1217 2944/645/1216 2943/647/1218
f 2942/646/1217 2943/647/1218 2941/648/1219
f 2942/646/1217 2941/648/1219 2940/649/1220
f 2938/650/1221 2939/651/1222 2936/652/1223
f 2936/652/1223 2937/653/1224 2938/650/1221
f 2936/652/1223 2934/654/1225 2937/653/1224
f 2934/654/1225 2936/652/1223 2935/655/1226
f 2934/654/1225 2935/655/1226 2933/656/1227
f 2933/656/1227 2932/657/1228 2934/654/1225
f 2932/657/1228 2933/656/1227 2931/658/1229
f 2932/657/1228 2931/658/1229 2930/659/1230
f 2928/660/1231 2929/650/1232 2926/653/1233
f 2926/653/1233 2927/661/1234 2928/660/1231
f 2926/653/1233 2925/662/1235 2927/661/1234
f 2925/662/1235 2926/653/1233 2924/654/1235
f 2924/654/1235 2922/663/1236 2925/662/1235
f 2922/663/1236 2924/654/1235 2923/657/1237
f 2922/663/1236 2923/657/1237 2921/659/1238
f 2922/663/1236 2921/659/1238 2920/664/1239
f 2918/628/1240 2917/630/1241 2919/626/1242
f 2917/630/1241 2918/628/1240 2915/631/1243
f 2915/631/1243 2916/622/1244 2917/630/1241
f 2916/622/1244 2915/631/1243 2914/623/1245
f 2912/640/1213 2910/642/1246 2913/641/1247
f 2910/642/1246 2912/640/1213 2911/643/1248
f 2910/642/1246 2911/643/1248 2909/644/1249
f 2909/644/1249 2908/645/1250 2910/642/1246
f 2908/645/1250 2909/644/1249 2905/646/1251
f 2905/646/1251 2907/647/1252 2908/645/1250
f 2905/646/1251 2906/648/1220 2907/647/1252
f 2906/648/1220 2905/646/1251 2904/649/1220
f 2903/3/1253 2902/4/1254 2901/1/1255
f 2899/660/1231 2897/653/1233 2900/650/1256
f 2897/653/1233 2899/660/1231 2898/661/1257
f 2897/653/1233 2898/661/1257 2896/662/1235
f 2896/662/1235 2895/654/1235 2897/653/1233
f 2895/654/1235 2896/662/1235 2892/663/1258
f 2892/663/1258 2894/657/1259 2895/654/1235
f 2892/663/1258 2893/659/1260 2894/657/1259
f 2893/659/1260 2892/663/1258 2891/664/1261
f 2890/1/1262 2889/2/1262 2888/3/1263
f 2886/650/1264 2884/652/1265 2887/651/1266
f 2884/652/1265 2886/650/1264 2885/653/1267
f 2884/652/1265 2885/653/1267 2882/654/1268
f 2882/654/1268 2883/655/1269 2884/652/1265
f 2882/654/1268 2881/656/1270 2883/655/1269
f 2881/656/1270 2882/654/1268 2879/657/1271
f 2879/657/1271 2880/658/1272 2881/656/1270
f 2880/658/1272 2879/657/1271 2878/659/1273
f 2876/665/1274 2877/666/1275 2874/667/1276
f 2874/667/1276 2875/668/1277 2876/665/1274
f 2874/667/1276 2872/669/1278 2875/668/1277
f 2872/669/1278 2874/667/1276 2873/670/1279
f 2872/669/1278 2873/670/1279 2871/671/1280
f 2871/671/1280 2870/672/1281 2872/669/1278
f 2870/672/1281 2871/671/1280 2869/673/1282
f 2870/672/1281 2869/673/1282 2868/674/1283
f 2866/675/1284 2867/665/1285 2864/668/1286
f 2864/668/1286 2865/676/1286 2866/675/1284
f 2864/668/1286 2863/677/1287 2865/676/1286
f 2863/677/1287 2864/668/1286 2862/669/1288
f 2862/669/1288 2860/678/1289 2863/677/1287
f 2860/678/1289 2862/669/1288 2861/672/1290
f 2860/678/1289 2861/672/1290 2859/674/1291
f 2860/678/1289 2859/674/1291 2858/679/1291
f 2857/4/1292 2856/5/1293 2855/6/1294
f 2853/675/1295 2851/668/1296 2854/665/1284
f 2851/668/1296 2853/675/1295 2852/676/1296
f 2851/668/1296 2852/676/1296 2850/677/1287
f 2850/677/1287 2849/669/1288 2851/668/1296
f 2849/669/1288 2850/677/1287 2846/678/1297
f 2846/678/1297 2848/672/1298 2849/669/1288
f 2846/678/1297 2847/674/1299 2848/672/1298
f 2847/674/1299 2846/678/1297 2845/679/1300
f 2844/6/1301 2843/1/1301 2842/4/1302
f 2840/665/1303 2838/667/1304 2841/666/1305
f 2838/667/1304 2840/665/1303 2839/668/1306
f 2838/667/1304 2839/668/1306 2836/669/1307
f 2836/669/1307 2837/670/1308 2838/667/1304
f 2836/669/1307 2835/671/1309 2837/670/1308
f 2835/671/1309 2836/669/1307 2833/672/1310
f 2833/672/1310 2834/673/1311 2835/671/1309
f 2834/673/1311 2833/672/1310 2832/674/1312
f 2831/5/1313 2830/4/1314 2829/1/1315
f 2827/680/1316 2826/681/1317 2828/682/1318
f 2826/681/1317 2827/680/1316 2825/683/1319
f 2825/683/1319 2824/684/1320 2826/681/1317
f 2824/684/1320 2825/683/1319 2823/685/1321
f 2823/685/1321 2822/686/1322 2824/684/1320
f 2822/686/1322 2823/685/1321 2821/687/1323
f 2821/687/1323 2819/688/1324 2822/686/1322
f 2819/688/1324 2821/687/1323 2820/689/1325
f 2819/688/1324 2820/689/1325 2817/690/1326
f 2817/690/1326 2818/691/1327 2819/688/1324
f 2817/690/1326 2815/688/1328 2818/691/1327
f 2815/688/1328 2817/690/1326 2816/689/1329
f 2815/688/1328 2816/689/1329 2814/687/1330
f 2814/687/1330 2813/686/1331 2815/688/1328
f 2813/686/1331 2814/687/1330 2812/685/1332
f 2812/685/1332 2811/684/1333 2813/686/1331
f 2811/684/1333 2812/685/1332 2810/683/1334
f 2810/683/1334 2807/681/1335 2811/684/1333
f 2807/681/1335 2810/683/1334 2809/680/1336
f 2809/680/1336 2808/682/1337 2807/681/1335
f 2806/1/1338 2805/6/1338 2804/5/1338
f 2802/680/1339 2800/681/1340 2803/682/1341
f 2800/681/1340 2802/680/1339 2801/683/1342
f 2800/681/1340 2801/683/1342 2799/685/1343
f 2799/685/1343 2798/684/1344 2800/681/1340
f 2798/684/1344 2799/685/1343 2797/687/1345
f 2797/687/1345 2796/686/1346 2798/684/1344
f 2796/686/1346 2797/687/1345 2795/689/1347
f 2795/689/1347 2794/688/1348 2796/686/1346
f 2794/688/1348 2795/689/1347 2792/692/1349
f 2792/692/1349 2793/691/1350 2794/688/1348
f 2792/692/1349 2791/688/1351 2793/691/1350
f 2791/688/1351 2792/692/1349 2790/689/1352
f 2790/689/1352 2789/686/1353 2791/688/1351
f 2789/686/1353 2790/689/1352 2788/687/1354
f 2788/687/1354 2787/684/1355 2789/686/1353
f 2787/684/1355 2788/687/1354 2786/685/1356
f 2786/685/1356 2782/681/1357 2787/684/1355
f 2782/681/1357 2786/685/1356 2785/683/1358
f 2782/681/1357 2785/683/1358 2784/680/1359
f 2784/680/1359 2783/682/1360 2782/681/1357
f 2780/693/1361 2781/682/1362 2778/681/1363
f 2778/681/1363 2779/694/1364 2780/693/1361
f 2778/681/1363 2777/695/1365 2779/694/1364
f 2777/695/1365 2778/681/1363 2776/684/1366
f 2776/684/1366 2775/696/1367 2777/695/1365
f 2775/696/1367 2776/684/1366 2774/686/1368
f 2774/686/1368 2773/697/1369 2775/696/1367
f 2773/697/1369 2774/686/1368 2772/688/1370
f 2772/688/1370 2770/698/1371 2773/697/1369
f 2770/698/1371 2772/688/1370 2771/691/1371
f 2770/698/1371 2771/691/1371 2769/688/1372
f 2769/688/1372 2768/697/1373 2770/698/1371
f 2768/697/1373 2769/688/1372 2767/686/1374
f 2767/686/1374 2766/696/1375 2768/697/1373
f 2766/696/1375 2767/686/1374 2765/684/1376
f 2765/684/1376 2764/695/1377 2766/696/1375
f 2764/695/1377 2765/684/1376 2761/681/1378
f 2761/681/1378 2763/694/1379 2764/695/1377
f 2761/681/1378 2762/693/1380 2763/694/1379
f 2762/693/1380 2761/681/1378 2760/682/1381
f 2757/682/1382 2758/699/1383 2759/680/1384
f 2758/699/1383 2757/682/1382 2756/700/1385
f 2753/682/1386 2754/699/1387 2755/700/1388
f 2754/699/1387 2753/682/1386 2752/680/1389
f 2751/4/1390 2750/3/1391 2749/2/1392
f 2747/701/1393 2745/702/1394 2748/703/1395
f 2745/702/1394 2747/701/1393 2746/704/1396
f 2745/702/1394 2746/704/1396 2743/705/1397
f 2743/705/1397 2744/706/1398 2745/702/1394
f 2743/705/1397 2742/707/1399 2744/706/1398
f 2742/707/1399 2743/705/1397 2741/708/1400
f 2741/708/1400 2740/709/1401 2742/707/1399
f 2740/709/1401 2741/708/1400 2739/710/1402
f 2739/710/1402 2737/711/1403 2740/709/1401
f 2737/711/1403 2739/710/1402 2738/712/1404
f 2737/711/1403 2738/712/1404 2736/710/1405
f 2736/710/1405 2735/709/1406 2737/711/1403
f 2735/709/1406 2736/710/1405 2734/708/1407
f 2734/708/1407 2733/707/1408 2735/709/1406
f 2733/707/1408 2734/708/1407 2731/705/1409
f 2731/705/1409 2732/706/1410 2733/707/1408
f 2731/705/1409 2729/702/1411 2732/706/1410
f 2729/702/1411 2731/705/1409 2730/704/1412
f 2729/702/1411 2730/704/1412 2728/701/1413
f 2729/702/1411 2728/701/1413 2727/703/1414
f 2726/2/1415 2725/1/1416 2724/4/1417
f 2721/56/1418 2722/57/1419 2723/55/1420
f 2722/57/1419 2721/56/1418 2720/58/1421
f 2717/48/1422 2718/49/1423 2719/46/1424
f 2718/49/1423 2717/48/1422 2716/50/1425
f 2713/41/1426 2714/42/1427 2715/43/1428
f 2714/42/1427 2713/41/1426 2712/44/1429
f 2709/50/1430 2710/51/1431 2711/49/1432
f 2710/51/1431 2709/50/1430 2708/52/1433
f 2705/37/1434 2706/38/1435 2707/39/1436
f 2706/38/1435 2705/37/1434 2704/40/1437
f 2701/25/1438 2702/26/1439 2703/27/1439
f 2702/26/1439 2701/25/1438 2700/28/1439
f 2697/21/1440 2698/22/1439 2699/23/1441
f 2698/22/1439 2697/21/1440 2696/24/1440
f 2693/45/1442 2694/46/1443 2695/47/1444
f 2694/46/1443 2693/45/1442 2692/48/1443
f 2689/52/1445 2690/53/1446 2691/51/1447
f 2690/53/1446 2689/52/1445 2688/54/1448
f 2685/54/1449 2686/55/1450 2687/53/1450
f 2686/55/1450 2685/54/1449 2684/56/1451
f 2682/44/1452 2683/42/1453 2681/59/1454
f 2681/59/1454 2680/60/1455 2682/44/1452
f 2680/60/1455 2681/59/1454 2679/38/1456
f 2680/60/1455 2679/38/1456 2678/39/1456
f 2676/713/1457 2675/704/1458 2677/701/1459
f 2675/704/1458 2676/713/1457 2674/714/1460
f 2674/714/1460 2673/705/1461 2675/704/1458
f 2673/705/1461 2674/714/1460 2672/715/1462
f 2672/715/1462 2671/708/1463 2673/705/1461
f 2671/708/1463 2672/715/1462 2670/716/1464
f 2670/716/1464 2669/710/1465 2671/708/1463
f 2669/710/1465 2670/716/1464 2668/717/1466
f 2668/717/1466 2666/712/1467 2669/710/1465
f 2666/712/1467 2668/717/1466 2667/718/1468
f 2666/712/1467 2667/718/1468 2665/717/1469
f 2665/717/1469 2664/710/1470 2666/712/1467
f 2664/710/1470 2665/717/1469 2663/716/1471
f 2663/716/1471 2662/708/1472 2664/710/1470
f 2662/708/1472 2663/716/1471 2661/715/1473
f 2661/715/1473 2660/705/1474 2662/708/1472
f 2660/705/1474 2661/715/1473 2659/714/1475
f 2659/714/1475 2658/704/1476 2660/705/1474
f 2658/704/1476 2659/714/1475 2657/713/1477
f 2658/704/1476 2657/713/1477 2656/701/1478
f 2654/44/1479 2653/59/1480 2655/42/1481
f 2653/59/1480 2654/44/1479 2651/60/1482
f 2651/60/1482 2652/38/1483 2653/59/1480
f 2652/38/1483 2651/60/1482 2650/39/1484
f 2647/719/1485 2649/720/1486 2648/721/1487
f 2642/722/1488 2647/719/1485 2644/723/1489
f 2642/722/1488 2645/720/1490 2647/719/1485
f 2645/720/1490 2642/722/1488 2641/724/1491
f 2641/724/1491 2646/725/1492 2645/720/1490
f 2642/722/1488 2644/723/1489 2643/726/1493
f 2642/722/1488 2643/726/1493 2640/727/1494
f 2640/727/1494 2641/724/1491 2642/722/1488
f 2641/724/1491 2640/727/1494 2639/728/1495
f 2637/729/1496 2635/714/1497 2638/713/1498
f 2635/714/1497 2637/729/1496 2636/730/1499
f 2635/714/1497 2636/730/1499 2634/731/1500
f 2634/731/1500 2633/715/1501 2635/714/1497
f 2633/715/1501 2634/731/1500 2631/732/1502
f 2631/732/1502 2632/716/1503 2633/715/1501
f 2631/732/1502 2629/717/1504 2632/716/1503
f 2629/717/1504 2631/732/1502 2630/733/1505
f 2630/733/1505 2627/734/1506 2629/717/1504
f 2627/734/1506 2628/718/1507 2629/717/1504
f 2625/717/1508 2628/718/1507 2627/734/1506
f 2626/733/1509 2625/717/1508 2627/734/1506
f 2625/717/1508 2626/733/1509 2623/732/1510
f 2623/732/1510 2624/716/1511 2625/717/1508
f 2623/732/1510 2622/715/1512 2624/716/1511
f 2622/715/1512 2623/732/1510 2621/731/1513
f 2621/731/1513 2617/714/1514 2622/715/1512
f 2617/714/1514 2621/731/1513 2620/730/1515
f 2617/714/1514 2620/730/1515 2619/729/1516
f 2619/729/1516 2618/713/1517 2617/714/1514
f 2616/721/1518 2615/735/1519 2614/719/1520
f 2612/736/1521 2611/737/1522 2613/738/1523
f 2611/737/1522 2612/736/1521 2610/739/1524
f 2610/739/1524 2609/740/1525 2611/737/1522
f 2609/740/1525 2610/739/1524 2608/741/1526
f 2608/741/1526 2607/742/1527 2609/740/1525
f 2607/742/1527 2608/741/1526 2606/743/1528
f 2606/743/1528 2605/744/1529 2607/742/1527
f 2605/744/1529 2606/743/1528 2604/745/1530
f 2604/745/1530 2602/746/1531 2605/744/1529
f 2602/746/1531 2604/745/1530 2603/747/1532
f 2602/746/1531 2603/747/1532 2601/745/1533
f 2601/745/1533 2600/744/1534 2602/746/1531
f 2600/744/1534 2601/745/1533 2599/743/1535
f 2599/743/1535 2598/742/1536 2600/744/1534
f 2598/742/1536 2599/743/1535 2597/741/1537
f 2597/741/1537 2596/740/1538 2598/742/1536
f 2596/740/1538 2597/741/1537 2595/739/1539
f 2595/739/1539 2594/737/1540 2596/740/1538
f 2594/737/1540 2595/739/1539 2593/736/1541
f 2594/737/1540 2593/736/1541 2592/738/1542
f 2591/720/1543 2590/725/1544 2589/748/1545
f 2587/749/1546 2586/739/1547 2588/736/1548
f 2586/739/1547 2587/749/1546 2585/750/1549
f 2585/750/1549 2584/741/1550 2586/739/1547
f 2584/741/1550 2585/750/1549 2583/751/1551
f 2583/751/1551 2582/743/1552 2584/741/1550
f 2582/743/1552 2583/751/1551 2581/752/1553
f 2581/752/1553 2579/745/1554 2582/743/1552
f 2579/745/1554 2581/752/1553 2580/753/1555
f 2579/745/1554 2580/753/1555 2577/754/1556
f 2577/754/1556 2578/747/1557 2579/745/1554
f 2577/754/1556 2575/745/1558 2578/747/1557
f 2575/745/1558 2577/754/1556 2576/753/1559
f 2575/745/1558 2576/753/1559 2574/752/1560
f 2574/752/1560 2573/743/1561 2575/745/1558
f 2573/743/1561 2574/752/1560 2572/751/1562
f 2572/751/1562 2571/741/1563 2573/743/1561
f 2571/741/1563 2572/751/1562 2570/750/1564
f 2570/750/1564 2567/739/1565 2571/741/1563
f 2567/739/1565 2570/750/1564 2569/749/1566
f 2569/749/1566 2568/736/1567 2567/739/1565
f 2565/755/1568 2566/738/1569 2563/737/1570
f 2563/737/1570 2564/756/1571 2565/755/1568
f 2563/737/1570 2562/757/1572 2564/756/1571
f 2562/757/1572 2563/737/1570 2561/740/1573
f 2561/740/1573 2560/758/1574 2562/757/1572
f 2560/758/1574 2561/740/1573 2559/742/1575
f 2559/742/1575 2558/759/1576 2560/758/1574
f 2558/759/1576 2559/742/1575 2557/744/1577
f 2557/744/1577 2555/760/1578 2558/759/1576
f 2555/760/1578 2557/744/1577 2556/746/1579
f 2555/760/1578 2556/746/1579 2554/744/1580
f 2554/744/1580 2553/759/1581 2555/760/1578
f 2553/759/1581 2554/744/1580 2552/742/1582
f 2552/742/1582 2551/758/1583 2553/759/1581
f 2551/758/1583 2552/742/1582 2550/740/1584
f 2550/740/1584 2549/757/1585 2551/758/1583
f 2549/757/1585 2550/740/1584 2546/737/1586
f 2546/737/1586 2548/756/1587 2549/757/1585
f 2546/737/1586 2547/755/1588 2548/756/1587
f 2547/755/1588 2546/737/1586 2545/738/1589
f 2543/755/1590 2544/749/1591 2542/750/1592
f 2542/750/1592 2541/756/1593 2543/755/1590
f 2541/756/1593 2542/750/1592 2540/751/1594
f 2540/751/1594 2539/757/1595 2541/756/1593
f 2539/757/1595 2540/751/1594 2538/752/1596
f 2538/752/1596 2537/758/1597 2539/757/1595
f 2537/758/1597 2538/752/1596 2535/753/1598
f 2535/753/1598 2536/759/1599 2537/758/1597
f 2535/753/1598 2533/760/1600 2536/759/1599
f 2533/760/1600 2535/753/1598 2534/754/1600
f 2533/760/1600 2534/754/1600 2531/753/1601
f 2531/753/1601 2532/759/1602 2533/760/1600
f 2531/753/1601 2530/758/1603 2532/759/1602
f 2530/758/1603 2531/753/1601 2529/752/1604
f 2529/752/1604 2528/757/1605 2530/758/1603
f 2528/757/1605 2529/752/1604 2527/751/1606
f 2527/751/1606 2526/756/1607 2528/757/1605
f 2526/756/1607 2527/751/1606 2524/750/1608
f 2524/750/1608 2525/755/1609 2526/756/1607
f 2525/755/1609 2524/750/1608 2523/749/1610
f 2522/748/1611 2521/721/1612 2520/720/1612
f 2518/761/1613 2517/762/1614 2519/763/1615
f 2517/762/1614 2518/761/1613 2516/764/1616
f 2516/764/1616 2515/765/1617 2517/762/1614
f 2515/765/1617 2516/764/1616 2514/766/1618
f 2514/766/1618 2513/767/1619 2515/765/1617
f 2513/767/1619 2514/766/1618 2512/768/1620
f 2512/768/1620 2511/769/1621 2513/767/1619
f 2511/769/1621 2512/768/1620 2510/770/1622
f 2510/770/1622 2508/771/1623 2511/769/1621
f 2508/771/1623 2510/770/1622 2509/772/1624
f 2508/771/1623 2509/772/1624 2507/770/1625
f 2507/770/1625 2506/769/1626 2508/771/1623
f 2506/769/1626 2507/770/1625 2505/768/1627
f 2505/768/1627 2504/767/1628 2506/769/1626
f 2504/767/1628 2505/768/1627 2503/766/1629
f 2503/766/1629 2502/765/1630 2504/767/1628
f 2502/765/1630 2503/766/1629 2501/764/1631
f 2501/764/1631 2500/762/1632 2502/765/1630
f 2500/762/1632 2501/764/1631 2499/761/1633
f 2500/762/1632 2499/761/1633 2498/763/1634
f 2497/720/1635 2496/719/1636 2495/735/1637
f 2493/763/1638 2491/773/1639 2494/774/1640
f 2491/773/1639 2493/763/1638 2492/762/1641
f 2491/773/1639 2492/762/1641 2489/765/1642
f 2489/765/1642 2490/775/1643 2491/773/1639
f 2489/765/1642 2488/776/1644 2490/775/1643
f 2488/776/1644 2489/765/1642 2487/767/1645
f 2487/767/1645 2486/777/1646 2488/776/1644
f 2486/777/1646 2487/767/1645 2485/769/1647
f 2485/769/1647 2483/778/1648 2486/777/1646
f 2483/778/1648 2485/769/1647 2484/771/1649
f 2483/778/1648 2484/771/1649 2482/769/1650
f 2482/769/1650 2481/777/1651 2483/778/1648
f 2481/777/1651 2482/769/1650 2480/767/1652
f 2480/767/1652 2479/776/1653 2481/777/1651
f 2479/776/1653 2480/767/1652 2477/765/1654
f 2477/765/1654 2478/775/1655 2479/776/1653
f 2477/765/1654 2475/773/1656 2478/775/1655
f 2475/773/1656 2477/765/1654 2476/762/1657
f 2475/773/1656 2476/762/1657 2474/763/1658
f 2475/773/1656 2474/763/1658 2473/774/1659
f 2470/773/1660 2471/779/1661 2472/774/1662
f 2470/773/1660 2469/780/1663 2471/779/1661
f 2469/780/1663 2470/773/1660 2468/775/1664
f 2468/775/1664 2467/781/1665 2469/780/1663
f 2467/781/1665 2468/775/1664 2466/776/1666
f 2466/776/1666 2465/782/1667 2467/781/1665
f 2465/782/1667 2466/776/1666 2464/777/1668
f 2464/777/1668 2463/783/1669 2465/782/1667
f 2463/783/1669 2464/777/1668 2461/778/1670
f 2461/778/1670 2462/784/1671 2463/783/1669
f 2461/778/1670 2460/783/1672 2462/784/1671
f 2460/783/1672 2461/778/1670 2459/777/1673
f 2459/777/1673 2458/782/1674 2460/783/1672
f 2458/782/1674 2459/777/1673 2457/776/1675
f 2457/776/1675 2456/781/1676 2458/782/1674
f 2456/781/1676 2457/776/1675 2455/775/1677
f 2455/775/1677 2454/780/1678 2456/781/1676
f 2454/780/1678 2455/775/1677 2452/773/1679
f 2452/773/1679 2453/779/1680 2454/780/1678
f 2453/779/1680 2452/773/1679 2451/774/1681
f 2450/735/1682 2449/721/1683 2448/720/1684
f 2446/785/1685 2444/786/1686 2447/787/1687
f 2444/786/1686 2446/785/1685 2445/788/1688
f 2444/786/1686 2445/788/1688 2442/789/1689
f 2442/789/1689 2443/790/1690 2444/786/1686
f 2442/789/1689 2441/791/1691 2443/790/1690
f 2441/791/1691 2442/789/1689 2440/792/1692
f 2440/792/1692 2438/793/1693 2441/791/1691
f 2438/793/1693 2440/792/1692 2439/794/1694
f 2438/793/1693 2439/794/1694 2436/795/1695
f 2436/795/1695 2437/796/1696 2438/793/1693
f 2436/795/1695 2434/793/1697 2437/796/1696
f 2434/793/1697 2436/795/1695 2435/794/1698
f 2434/793/1697 2435/794/1698 2433/792/1699
f 2433/792/1699 2432/791/1700 2434/793/1697
f 2432/791/1700 2433/792/1699 2430/789/1701
f 2430/789/1701 2431/790/1702 2432/791/1700
f 2430/789/1701 2426/786/1703 2431/790/1702
f 2426/786/1703 2430/789/1701 2429/788/1704
f 2426/786/1703 2429/788/1704 2428/785/1705
f 2428/785/1705 2427/787/1706 2426/786/1703
f 2423/788/1707 2424/797/1708 2425/785/1709
f 2423/788/1707 2422/798/1710 2424/797/1708
f 2422/798/1710 2423/788/1707 2421/789/1711
f 2421/789/1711 2420/799/1712 2422/798/1710
f 2420/799/1712 2421/789/1711 2419/792/1713
f 2419/792/1713 2418/800/1714 2420/799/1712
f 2418/800/1714 2419/792/1713 2417/794/1715
f 2417/794/1715 2416/801/1716 2418/800/1714
f 2416/801/1716 2417/794/1715 2414/795/1717
f 2414/795/1717 2415/802/1717 2416/801/1716
f 2414/795/1717 2413/801/1718 2415/802/1717
f 2413/801/1718 2414/795/1717 2412/794/1719
f 2412/794/1719 2411/800/1720 2413/801/1718
f 2411/800/1720 2412/794/1719 2410/792/1721
f 2410/792/1721 2409/799/1722 2411/800/1720
f 2409/799/1722 2410/792/1721 2408/789/1723
f 2408/789/1723 2407/798/1724 2409/799/1722
f 2407/798/1724 2408/789/1723 2405/788/1725
f 2405/788/1725 2406/797/1726 2407/798/1724
f 2406/797/1726 2405/788/1725 2404/785/1727
f 2402/803/1728 2403/797/1729 2400/798/1730
f 2400/798/1730 2401/804/1731 2402/803/1728
f 2400/798/1730 2399/805/1732 2401/804/1731
f 2399/805/1732 2400/798/1730 2398/799/1733
f 2398/799/1733 2396/806/1734 2399/805/1732
f 2396/806/1734 2398/799/1733 2397/800/1735
f 2396/806/1734 2397/800/1735 2394/801/1736
f 2394/801/1736 2395/807/1737 2396/806/1734
f 2394/801/1736 2392/808/1738 2395/807/1737
f 2392/808/1738 2394/801/1736 2393/802/1739
f 2392/808/1738 2393/802/1739 2390/801/1740
f 2390/801/1740 2391/807/1741 2392/808/1738
f 2390/801/1740 2388/806/1742 2391/807/1741
f 2388/806/1742 2390/801/1740 2389/800/1743
f 2388/806/1742 2389/800/1743 2387/799/1744
f 2387/799/1744 2386/805/1745 2388/806/1742
f 2386/805/1745 2387/799/1744 2383/798/1746
f 2383/798/1746 2385/804/1747 2386/805/1745
f 2383/798/1746 2384/803/1748 2385/804/1747
f 2384/803/1748 2383/798/1746 2382/797/1749
f 2381/721/1750 2380/748/1751 2379/725/1752
f 2376/809/1753 2377/810/1753 2378/811/1753
f 2377/810/1753 2376/809/1753 2375/812/1754
f 2372/813/1755 2373/735/1756 2374/814/1757
f 2373/735/1756 2372/813/1755 2371/719/1755
f 2369/719/1758 2370/813/1758 2368/815/1759
f 2368/815/1759 2367/723/1760 2369/719/1758
f 2367/723/1760 2368/815/1759 2366/816/1761
f 2367/723/1760 2366/816/1761 2365/726/1762
f 2363/817/1763 2364/818/1763 2362/819/1764
f 2362/819/1764 2361/820/1765 2363/817/1763
f 2361/820/1765 2362/819/1764 2360/812/1766
f 2361/820/1765 2360/812/1766 2359/809/1767
f 2357/793/1768 2356/806/1769 2358/807/1770
f 2356/806/1769 2357/793/1768 2355/791/1771
f 2355/791/1771 2354/805/1772 2356/806/1769
f 2354/805/1772 2355/791/1771 2353/790/1773
f 2353/790/1773 2352/804/1774 2354/805/1772
f 2352/804/1774 2353/790/1773 2350/786/1775
f 2350/786/1775 2351/803/1776 2352/804/1774
f 2351/803/1776 2350/786/1775 2349/787/1777
f 2347/793/1778 2348/807/1779 2346/806/1780
f 2346/806/1780 2345/791/1781 2347/793/1778
f 2345/791/1781 2346/806/1780 2344/805/1782
f 2344/805/1782 2343/790/1783 2345/791/1781
f 2343/790/1783 2344/805/1782 2342/804/1784
f 2342/804/1784 2341/786/1785 2343/790/1783
f 2341/786/1785 2342/804/1784 2340/803/1786
f 2341/786/1785 2340/803/1786 2339/787/1787
f 2336/803/1788 2337/785/1789 2338/797/1790
f 2337/785/1789 2336/803/1788 2335/787/1791
f 2332/803/1792 2333/785/1793 2334/787/1794
f 2333/785/1793 2332/803/1792 2331/797/1795
f 2329/821/1796 2324/822/1797 2330/823/1798
f 2324/822/1797 2329/821/1796 2322/824/1799
f 2327/825/1800 2328/826/1801 2326/827/1802
f 2326/827/1802 2325/562/1803 2327/825/1800
f 2325/562/1803 2326/827/1802 2324/822/1797
f 2325/562/1803 2324/822/1797 2323/560/1804
f 2322/824/1799 2323/560/1804 2324/822/1797
f 2323/560/1804 2322/824/1799 2321/618/1805
f 2319/828/1806 2320/829/1807 2316/830/1808
f 2316/830/1808 2318/831/1809 2319/828/1806
f 2316/830/1808 2317/832/1810 2318/831/1809
f 2317/832/1810 2316/830/1808 2315/833/1811
f 2313/834/1812 2314/835/1813 2312/836/1814
f 2312/836/1814 2311/837/1815 2313/834/1812
f 2311/837/1815 2312/836/1814 2310/582/1816
f 2311/837/1815 2310/582/1816 2309/580/1817
f 2307/343/1818 2308/341/1818 2304/341/1818
f 2304/341/1818 2306/343/1818 2307/343/1818
f 2304/341/1818 2305/343/1818 2306/343/1818
f 2305/343/1818 2304/341/1818 2303/341/1818
f 2301/341/1819 2302/339/1819 2298/339/1819
f 2298/339/1819 2300/341/1819 2301/341/1819
f 2298/339/1819 2299/341/1819 2300/341/1819
f 2299/341/1819 2298/339/1819 2297/339/1819
f 2295/487/857 2296/488/857 2292/485/857
f 2292/485/857 2294/486/857 2295/487/857
f 2292/485/857 2293/483/857 2294/486/857
f 2293/483/857 2292/485/857 2291/484/857
f 2289/838/1820 2290/839/1821 2286/840/1822
f 2286/840/1822 2288/841/1823 2289/838/1820
f 2286/840/1822 2287/842/1824 2288/841/1823
f 2287/842/1824 2286/840/1822 2285/843/1824
f 2283/844/1825 2284/845/1826 2282/846/1827
f 2282/846/1827 2281/847/1828 2283/844/1825
f 2281/847/1828 2282/846/1827 2280/848/1829
f 2281/847/1828 2280/848/1829 2279/849/1830
f 2277/850/1831 2278/851/1832 2276/852/1833
f 2276/852/1833 2275/853/1834 2277/850/1831
f 2275/853/1834 2276/852/1833 2274/854/1835
f 2275/853/1834 2274/854/1835 2273/855/1836
f 2271/856/1837 2272/474/1838 2268/473/1839
f 2268/473/1839 2270/857/1840 2271/856/1837
f 2268/473/1839 2269/858/1841 2270/857/1840
f 2269/858/1841 2268/473/1839 2267/406/1842
f 2265/469/1843 2266/859/1844 2262/860/1845
f 2262/860/1845 2264/468/1846 2265/469/1843
f 2262/860/1845 2263/415/1847 2264/468/1846
f 2263/415/1847 2262/860/1845 2261/861/1848
f 2259/862/1849 2260/600/1850 2258/434/1851
f 2258/434/1851 2257/863/1852 2259/862/1849
f 2257/863/1852 2258/434/1851 2256/394/1853
f 2257/863/1852 2256/394/1853 2255/395/1854
f 2253/864/1855 2254/241/1856 2250/244/1857
f 2250/244/1857 2252/865/1858 2253/864/1855
f 2250/244/1857 2251/866/1859 2252/865/1858
f 2251/866/1859 2250/244/1857 2249/245/1860
f 2247/620/1861 2248/442/1862 2246/439/1863
f 2246/439/1863 2245/867/1864 2247/620/1861
f 2245/867/1864 2246/439/1863 2244/436/1865
f 2245/867/1864 2244/436/1865 2243/868/1866
f 2241/832/1867 2242/833/1868 2238/830/1869
f 2238/830/1869 2240/831/1870 2241/832/1867
f 2238/830/1869 2239/828/1871 2240/831/1870
f 2239/828/1871 2238/830/1869 2237/829/1872
f 2236/87/1873 2235/88/1873 2234/89/1874
f 2232/869/1875 2230/870/1876 2233/871/1163
f 2230/870/1876 2232/869/1875 2231/872/1877
f 2230/870/1876 2231/872/1877 2228/873/1878
f 2228/873/1878 2229/874/1879 2230/870/1876
f 2228/873/1878 2224/870/1880 2229/874/1879
f 2224/870/1880 2228/873/1878 2227/872/1881
f 2224/870/1880 2227/872/1881 2226/869/1038
f 2226/869/1038 2225/871/1037 2224/870/1880
f 2222/336/1882 2223/339/1882 2219/339/1883
f 2219/339/1883 2221/336/1883 2222/336/1882
f 2219/339/1883 2220/336/1884 2221/336/1883
f 2220/336/1884 2219/339/1883 2218/339/1882
f 2217/87/1885 2216/89/1885 2215/88/1885
f 2213/875/1886 2212/876/1887 2214/877/1886
f 2212/876/1887 2213/875/1886 2210/878/1888
f 2210/878/1888 2211/879/1887 2212/876/1887
f 2211/879/1887 2210/878/1888 2209/880/1889
f 2207/875/1890 2208/877/1886 2206/876/1891
f 2206/876/1891 2205/878/1892 2207/875/1890
f 2205/878/1892 2206/876/1891 2204/879/1892
f 2205/878/1892 2204/879/1892 2203/880/1893
f 2201/866/1894 2202/245/1895 2198/244/1896
f 2198/244/1896 2200/865/1897 2201/866/1894
f 2198/244/1896 2199/864/1898 2200/865/1897
f 2199/864/1898 2198/244/1896 2197/241/1899
f 2196/90/1900 2195/91/1900 2194/92/1901
f 2192/834/1902 2191/836/1903 2193/835/1904
f 2191/836/1903 2192/834/1902 2189/837/1905
f 2189/837/1905 2190/582/1906 2191/836/1903
f 2190/582/1906 2189/837/1905 2188/580/1907
f 2186/842/1093 2187/843/1093 2183/840/1908
f 2183/840/1908 2185/841/1909 2186/842/1093
f 2183/840/1908 2184/838/1910 2185/841/1909
f 2184/838/1910 2183/840/1908 2182/839/1911
f 2179/881/1912 2180/882/1913 2181/883/1914
f 2179/881/1912 2178/884/1915 2180/882/1913
f 2178/884/1915 2179/881/1912 2176/885/1916
f 2176/885/1916 2177/886/1917 2178/884/1915
f 2176/885/1916 2175/884/1918 2177/886/1917
f 2175/884/1918 2176/885/1916 2173/881/1919
f 2173/881/1919 2174/882/1920 2175/884/1918
f 2174/882/1920 2173/881/1919 2172/883/1921
f 2171/92/1922 2170/93/1922 2169/90/1923
f 2167/844/1924 2166/846/1925 2168/845/1926
f 2166/846/1925 2167/844/1924 2164/847/1927
f 2164/847/1927 2165/848/1928 2166/846/1925
f 2165/848/1928 2164/847/1927 2163/849/1929
f 2162/94/1930 2161/91/1931 2160/92/1930
f 2158/850/1932 2157/852/1933 2159/851/1934
f 2157/852/1933 2158/850/1932 2155/853/1935
f 2155/853/1935 2156/854/1936 2157/852/1933
f 2156/854/1936 2155/853/1935 2154/855/1937
f 2152/415/1938 2153/861/1939 2149/860/1940
f 2149/860/1940 2151/468/1941 2152/415/1938
f 2149/860/1940 2150/469/1942 2151/468/1941
f 2150/469/1942 2149/860/1940 2148/859/1943
f 2146/858/1944 2147/406/1945 2143/473/1946
f 2143/473/1946 2145/857/1947 2146/858/1944
f 2143/473/1946 2144/856/1948 2145/857/1947
f 2144/856/1948 2143/473/1946 2142/474/1949
f 2140/477/1950 2141/479/1951 2139/478/1952
f 2139/478/1952 2138/480/1953 2140/477/1950
f 2138/480/1953 2139/478/1952 2137/481/1954
f 2138/480/1953 2137/481/1954 2136/482/1955
f 2135/92/1956 2134/95/1957 2133/94/1956
f 2130/104/1958 2131/105/1959 2132/106/1960
f 2131/105/1959 2130/104/1958 2129/107/1961
f 2126/108/1962 2127/109/1962 2128/110/1962
f 2127/109/1962 2126/108/1962 2125/111/1963
f 2122/109/1964 2123/112/1964 2124/114/1965
f 2123/112/1964 2122/109/1964 2121/113/1964
f 2118/887/1966 2119/888/1967 2120/889/1968
f 2119/888/1967 2118/887/1966 2117/890/1967
f 2114/129/1969 2115/130/1970 2116/131/1970
f 2115/130/1970 2114/129/1969 2113/132/1970
f 2110/133/1971 2111/134/1972 2112/135/1973
f 2111/134/1972 2110/133/1971 2109/136/1974
f 2107/862/1975 2106/434/1976 2108/600/1977
f 2106/434/1976 2107/862/1975 2104/863/1978
f 2104/863/1978 2105/394/1979 2106/434/1976
f 2105/394/1979 2104/863/1978 2103/395/1980
f 2100/619/1981 2101/442/1981 2102/620/1982
f 2101/442/1981 2100/619/1981 2099/444/1983
f 2097/127/1984 2095/153/1985 2098/125/1986
f 2095/153/1985 2097/127/1984 2096/154/1987
f 2094/127/1988 2095/153/1985 2096/154/1987
f 2095/153/1985 2094/127/1988 2093/125/1989
f 2090/155/1990 2091/156/1991 2092/157/1990
f 2091/156/1991 2090/155/1990 2089/158/1990
f 2086/91/1992 2087/93/1993 2088/92/1994
f 2087/93/1993 2086/91/1992 2085/90/1995
f 2082/154/1996 2083/125/1997 2084/153/1998
f 2083/125/1997 2082/154/1996 2081/127/1999
f 2078/159/2000 2079/160/1986 2080/161/1997
f 2079/160/1986 2078/159/2000 2077/162/1984
f 2074/91/2001 2075/95/2002 2076/92/2003
f 2075/95/2002 2074/91/2001 2073/94/2004
f 2070/156/2005 2071/155/2006 2072/158/2007
f 2071/155/2006 2070/156/2005 2069/157/2007
f 2066/163/2008 2067/164/2008 2068/165/2009
f 2067/164/2008 2066/163/2008 2065/166/2009
f 2062/167/2010 2063/165/2011 2064/164/2012
f 2063/165/2011 2062/167/2010 2061/168/2013
f 2058/96/2014 2059/97/2015 2060/98/2015
f 2059/97/2015 2058/96/2014 2057/99/2016
f 2054/117/2017 2055/118/2018 2056/119/2019
f 2055/118/2018 2054/117/2017 2053/120/2020
f 2050/125/2021 2051/126/2022 2052/127/2023
f 2051/126/2022 2050/125/2021 2049/128/2024
f 2046/891/2025 2047/892/2026 2048/893/2027
f 2047/892/2026 2046/891/2025 2045/894/2028
f 2042/121/2029 2043/122/2030 2044/123/2031
f 2043/122/2030 2042/121/2029 2041/124/2029
f 2038/104/2032 2039/105/2033 2040/107/2034
f 2039/105/2033 2038/104/2032 2037/106/2035
f 2034/108/2036 2035/109/2037 2036/111/2038
f 2035/109/2037 2034/108/2036 2033/110/2039
f 2030/109/1964 2031/112/1964 2032/113/2040
f 2031/112/1964 2030/109/1964 2029/114/1964
f 2026/115/2041 2027/96/2042 2028/98/2043
f 2027/96/2042 2026/115/2041 2025/116/2043
f 2023/620/2044 2022/439/2045 2024/442/2046
f 2022/439/2045 2023/620/2044 2020/867/2047
f 2020/867/2047 2021/436/2048 2022/439/2045
f 2021/436/2048 2020/867/2047 2019/868/2049
f 2017/895/2050 2018/896/2051 2015/897/2051
f 2015/897/2051 2016/898/2050 2017/895/2050
f 2015/897/2051 2013/899/2052 2016/898/2050
f 2013/899/2052 2015/897/2051 2014/900/2053
f 2013/899/2052 2014/900/2053 2011/894/2054
f 2011/894/2054 2012/889/2055 2013/899/2052
f 2011/894/2054 2010/887/2054 2012/889/2055
f 2010/887/2054 2011/894/2054 2008/891/2056
f 2008/891/2056 2009/901/2055 2010/887/2054
f 2009/901/2055 2008/891/2056 2007/902/2055
f 2005/105/2057 2000/185/2058 2006/106/2059
f 2000/185/2058 2005/105/2057 2002/186/2060
f 2004/187/2061 2002/186/2060 2005/105/2057
f 2002/186/2060 2004/187/2061 2003/188/2062
f 2002/186/2060 2001/189/1873 2000/185/2058
f 1998/193/2063 1999/102/2055 1996/192/2064
f 1996/192/2064 1997/190/2065 1998/193/2063
f 1997/190/2065 1996/192/2064 1995/191/2066
f 1993/190/2067 1994/191/2068 1991/192/2069
f 1991/192/2069 1992/193/2070 1993/190/2067
f 1992/193/2070 1991/192/2069 1990/102/2071
f 1987/903/2072 1988/904/2073 1989/905/2074
f 1974/906/2075 1972/907/2076 1988/904/2073
f 1988/904/2073 1987/903/2072 1974/906/2075
f 1987/903/2072 1976/908/2077 1974/906/2075
f 1976/908/2077 1987/903/2072 1986/909/2078
f 1976/908/2077 1986/909/2078 1985/910/2079
f 1985/910/2079 1978/911/2080 1976/908/2077
f 1978/911/2080 1985/910/2079 1984/839/2081
f 1978/911/2080 1984/839/2081 1983/840/2082
f 1978/911/2080 1983/840/2082 1979/843/2083
f 1968/912/2084 1966/913/2085 1982/914/2086
f 1968/912/2084 1982/914/2086 1981/915/2087
f 1968/912/2084 1981/915/2087 1970/916/2088
f 1977/917/2089 1979/843/2083 1961/842/2090
f 1961/842/2090 1962/918/2091 1977/917/2089
f 1975/919/2092 1977/917/2089 1962/918/2091
f 1962/918/2091 1980/920/2093 1975/919/2092
f 1973/921/2094 1975/919/2092 1980/920/2093
f 1980/920/2093 1969/922/2095 1973/921/2094
f 1969/922/2095 1980/920/2093 1967/923/2096
f 1967/923/2096 1962/918/2091 1963/924/2097
f 1962/918/2091 1967/923/2096 1980/920/2093
f 1978/911/2080 1979/843/2083 1977/917/2089
f 1977/917/2089 1976/908/2077 1978/911/2080
f 1977/917/2089 1975/919/2092 1976/908/2077
f 1974/906/2075 1976/908/2077 1975/919/2092
f 1975/919/2092 1973/921/2094 1974/906/2075
f 1972/907/2076 1974/906/2075 1973/921/2094
f 1972/907/2076 1973/921/2094 1969/922/2095
f 1969/922/2095 1971/925/2098 1972/907/2076
f 1969/922/2095 1970/916/2088 1971/925/2098
f 1970/916/2088 1969/922/2095 1968/912/2084
f 1967/923/2096 1968/912/2084 1969/922/2095
f 1968/912/2084 1967/923/2096 1966/913/2085
f 1963/924/2097 1966/913/2085 1967/923/2096
f 1963/924/2097 1965/926/2099 1966/913/2085
f 1963/924/2097 1964/838/2100 1965/926/2099
f 1964/838/2100 1963/924/2097 1960/841/2101
f 1962/918/2091 1960/841/2101 1963/924/2097
f 1962/918/2091 1961/842/2090 1960/841/2101
f 1958/927/883 1959/928/2102 1957/929/883
f 1957/929/883 1956/930/883 1958/927/883
f 1956/930/883 1957/929/883 1953/931/883
f 1953/931/883 1955/932/883 1956/930/883
f 1953/931/883 1954/933/884 1955/932/883
f 1954/933/884 1953/931/883 1952/934/884
f 1950/935/2103 1951/936/2104 1949/937/2105
f 1949/937/2105 1948/938/2106 1950/935/2103
f 1948/938/2106 1949/937/2105 1945/939/2107
f 1945/939/2107 1947/940/2108 1948/938/2106
f 1945/939/2107 1946/941/1937 1947/940/2108
f 1946/941/1937 1945/939/2107 1944/942/2109
f 1942/933/898 1943/934/898 1940/931/895
f 1940/931/895 1941/932/895 1942/933/898
f 1940/931/895 1939/930/895 1941/932/895
f 1939/930/895 1940/931/895 1937/929/895
f 1937/929/895 1938/927/895 1939/930/895
f 1938/927/895 1937/929/895 1936/928/2110
f 1934/194/2111 1935/195/2112 1930/196/2113
f 1930/196/2113 1933/186/2114 1934/194/2111
f 1933/186/2114 1930/196/2113 1932/189/2115
f 1928/197/2116 1932/189/2115 1930/196/2113
f 1932/189/2115 1928/197/2116 1931/185/2117
f 1930/196/2113 1929/198/2118 1928/197/2116
f 1926/194/2119 1924/196/2120 1927/195/2121
f 1924/196/2120 1926/194/2119 1925/186/2122
f 1925/186/2122 1922/189/2123 1924/196/2120
f 1920/197/2124 1924/196/2120 1922/189/2123
f 1924/196/2120 1920/197/2124 1923/198/2125
f 1922/189/2123 1921/185/2126 1920/197/2124
f 1918/935/2127 1917/937/2128 1919/936/2129
f 1917/937/2128 1918/935/2127 1916/938/2130
f 1916/938/2130 1912/939/2131 1917/937/2128
f 1912/939/2131 1916/938/2130 1915/940/1834
f 1912/939/2131 1915/940/1834 1914/941/1836
f 1914/941/1836 1913/942/2132 1912/939/2131
f 1910/426/2133 1911/428/2134 1908/427/2135
f 1908/427/2135 1909/429/2136 1910/426/2133
f 1908/427/2135 1907/430/2137 1909/429/2136
f 1907/430/2137 1908/427/2135 1906/431/2138
f 1906/431/2138 1904/432/2139 1907/430/2137
f 1904/432/2139 1906/431/2138 1905/433/2140
f 1904/432/2139 1905/433/2140 1903/434/2141
f 1904/432/2139 1903/434/2141 1902/435/2142
f 1900/235/2143 1899/236/2144 1901/237/2145
f 1899/236/2144 1900/235/2143 1897/238/2146
f 1897/238/2146 1898/239/2147 1899/236/2144
f 1898/239/2147 1897/238/2146 1896/240/2148
f 1891/943/2149 1894/944/2150 1895/945/2151
f 1894/944/2150 1891/943/2149 1889/946/2152
f 1889/946/2152 1893/947/2153 1894/944/2150
f 1893/947/2153 1889/946/2152 1887/948/2154
f 1887/948/2154 1881/949/2155 1893/947/2153
f 1881/949/2155 1887/948/2154 1883/950/2156
f 1891/943/2149 1892/945/2157 1890/944/2158
f 1890/944/2158 1889/946/2152 1891/943/2149
f 1889/946/2152 1890/944/2158 1888/947/2159
f 1888/947/2159 1887/948/2154 1889/946/2152
f 1887/948/2154 1888/947/2159 1886/949/2160
f 1886/949/2160 1883/950/2156 1887/948/2154
f 1883/950/2156 1886/949/2160 1885/951/2161
f 1883/950/2156 1885/951/2161 1884/952/2162
f 1882/951/2163 1883/950/2156 1884/952/2162
f 1883/950/2156 1882/951/2163 1881/949/2155
f 1879/162/1988 1878/161/2164 1880/160/2165
f 1878/161/2164 1879/162/1988 1876/159/2166
f 1876/159/2166 1877/281/2167 1878/161/2164
f 1877/281/2167 1876/159/2166 1875/282/2168
f 1873/126/2169 1874/128/2170 1870/125/2171
f 1870/125/2171 1872/127/2172 1873/126/2169
f 1870/125/2171 1871/199/2023 1872/127/2172
f 1871/199/2023 1870/125/2171 1869/200/2021
f 1867/201/2173 1868/202/2174 1866/203/2175
f 1866/203/2175 1865/204/2176 1867/201/2173
f 1865/204/2176 1866/203/2175 1864/127/2177
f 1865/204/2176 1864/127/2177 1863/125/2178
f 1861/953/1873 1862/954/1874 1858/955/1873
f 1858/955/1873 1860/956/1873 1861/953/1873
f 1858/955/1873 1859/957/1873 1860/956/1873
f 1859/957/1873 1858/955/1873 1857/958/2058
f 1854/702/2179 1855/729/2180 1856/703/2181
f 1854/702/2179 1853/730/2182 1855/729/2180
f 1853/730/2182 1854/702/2179 1852/706/2183
f 1852/706/2183 1851/731/2184 1853/730/2182
f 1851/731/2184 1852/706/2183 1850/707/2185
f 1850/707/2185 1849/732/2186 1851/731/2184
f 1849/732/2186 1850/707/2185 1848/709/2187
f 1848/709/2187 1847/733/2188 1849/732/2186
f 1847/733/2188 1848/709/2187 1845/711/2189
f 1845/711/2189 1846/734/2190 1847/733/2188
f 1845/711/2189 1844/733/2191 1846/734/2190
f 1844/733/2191 1845/711/2189 1843/709/2192
f 1843/709/2192 1842/732/2193 1844/733/2191
f 1842/732/2193 1843/709/2192 1841/707/2194
f 1841/707/2194 1840/731/2195 1842/732/2193
f 1840/731/2195 1841/707/2194 1839/706/2196
f 1839/706/2196 1838/730/2197 1840/731/2195
f 1838/730/2197 1839/706/2196 1836/702/2198
f 1836/702/2198 1837/729/2199 1838/730/2197
f 1837/729/2199 1836/702/2198 1835/703/2200
f 1834/959/2201 1833/960/2201 1832/961/2201
f 1829/962/2202 1830/963/2203 1831/964/2204
f 1829/962/2202 1828/965/2205 1830/963/2203
f 1828/965/2205 1829/962/2202 1827/966/2206
f 1827/966/2206 1826/967/2207 1828/965/2205
f 1826/967/2207 1827/966/2206 1825/968/2208
f 1825/968/2208 1824/969/2209 1826/967/2207
f 1824/969/2209 1825/968/2208 1823/970/2210
f 1823/970/2210 1822/971/2211 1824/969/2209
f 1822/971/2211 1823/970/2210 1820/972/2212
f 1820/972/2212 1821/973/2213 1822/971/2211
f 1820/972/2212 1819/971/2214 1821/973/2213
f 1819/971/2214 1820/972/2212 1818/970/2215
f 1818/970/2215 1817/969/2216 1819/971/2214
f 1817/969/2216 1818/970/2215 1816/968/2217
f 1816/968/2217 1815/967/2218 1817/969/2216
f 1815/967/2218 1816/968/2217 1814/966/2219
f 1814/966/2219 1813/965/2220 1815/967/2218
f 1813/965/2220 1814/966/2219 1811/962/2221
f 1811/962/2221 1812/963/2222 1813/965/2220
f 1812/963/2222 1811/962/2221 1810/964/2223
f 1809/961/2224 1808/974/2225 1807/959/2226
f 1799/975/2227 1802/976/2228 1806/977/2229
f 1806/977/2229 1797/978/2230 1799/975/2227
f 1797/978/2230 1806/977/2229 1805/979/2231
f 1805/979/2231 1794/980/2232 1797/978/2230
f 1794/980/2232 1805/979/2231 1793/981/2233
f 1792/982/2234 1804/983/2235 1795/984/2236
f 1802/976/2228 1801/985/2237 1803/986/2238
f 1801/985/2237 1802/976/2228 1799/975/2227
f 1799/975/2227 1800/987/2239 1801/985/2237
f 1799/975/2227 1798/988/2240 1800/987/2239
f 1798/988/2240 1799/975/2227 1797/978/2230
f 1797/978/2230 1796/989/2241 1798/988/2240
f 1796/989/2241 1797/978/2230 1794/980/2232
f 1794/980/2232 1795/984/2236 1796/989/2241
f 1795/984/2236 1794/980/2232 1792/982/2234
f 1794/980/2232 1793/981/2233 1792/982/2234
f 1790/298/2177 1789/125/2242 1791/299/2243
f 1789/125/2242 1790/298/2177 1788/127/2244
f 1788/127/2244 1787/204/2245 1789/125/2242
f 1787/204/2245 1788/127/2244 1785/203/2246
f 1785/203/2246 1786/201/2247 1787/204/2245
f 1786/201/2247 1785/203/2246 1784/202/2248
f 1783/960/2249 1782/990/2249 1781/991/2249
f 1774/992/2250 1780/993/2251 1779/994/2252
f 1779/994/2252 1775/995/2253 1774/992/2250
f 1775/995/2253 1779/994/2252 1778/996/2254
f 1775/995/2253 1778/996/2254 1777/997/2063
f 1775/995/2253 1777/997/2063 1776/998/2255
f 1775/995/2253 1776/998/2255 1773/238/2256
f 1773/238/2256 1774/992/2250 1775/995/2253
f 1774/992/2250 1773/238/2256 1772/999/2257
f 1771/991/2258 1770/961/2259 1769/960/2258
f 1765/824/2260 1764/560/2261 1768/618/2262
f 1763/822/2263 1766/821/2264 1767/823/2265
f 1766/821/2264 1763/822/2263 1765/824/2260
f 1764/560/2261 1765/824/2260 1763/822/2263
f 1763/822/2263 1762/562/2266 1764/560/2261
f 1762/562/2266 1763/822/2263 1760/827/2267
f 1760/827/2267 1761/825/2268 1762/562/2266
f 1761/825/2268 1760/827/2267 1759/826/2269
f 1758/961/2270 1757/991/2271 1756/990/2272
f 1747/1000/2273 1754/1001/2274 1755/1002/2275
f 1754/1001/2274 1747/1000/2273 1748/1003/2276
f 1748/1003/2276 1753/1004/2277 1754/1001/2274
f 1753/1004/2277 1748/1003/2276 1752/1005/2278
f 1748/1003/2276 1751/1004/2279 1752/1005/2278
f 1748/1003/2276 1749/1001/2280 1751/1004/2279
f 1747/1000/2273 1750/1002/2281 1749/1001/2280
f 1749/1001/2280 1748/1003/2276 1747/1000/2273
f 1746/1006/2282 1745/1007/2283 1744/1008/2284
f 1738/1009/2285 1743/1010/2286 1735/1011/2287
f 1741/1012/2288 1731/531/2289 1742/533/2290
f 1731/531/2289 1741/1012/2288 1730/274/2291
f 1730/274/2291 1741/1012/2288 1740/1013/2292
f 1740/1013/2292 1739/276/2293 1730/274/2291
f 1739/276/2293 1740/1013/2292 1738/1009/2285
f 1739/276/2293 1738/1009/2285 1737/278/2294
f 1735/1011/2287 1737/278/2294 1738/1009/2285
f 1735/1011/2287 1736/280/2295 1737/278/2294
f 1736/280/2295 1735/1011/2287 1734/608/2296
f 1732/530/2297 1729/271/2298 1733/268/2299
f 1729/271/2298 1732/530/2297 1731/531/2289
f 1731/531/2289 1730/274/2291 1729/271/2298
f 1728/67/2300 1725/62/2301 1727/63/2302
f 1720/66/2303 1725/62/2301 1726/67/2304
f 1725/62/2301 1720/66/2303 1721/64/2305
f 1721/64/2305 1724/61/2306 1725/62/2301
f 1721/64/2305 1723/65/2307 1724/61/2306
f 1721/64/2305 1722/68/2308 1723/65/2307
f 1721/64/2305 1718/69/2309 1722/68/2308
f 1718/69/2309 1721/64/2305 1720/66/2303
f 1720/66/2303 1719/70/2310 1718/69/2309
f 1714/807/2311 1717/793/2312 1716/796/2313
f 1716/796/2313 1715/808/2314 1714/807/2311
f 1710/807/2315 1713/808/2316 1712/796/2317
f 1712/796/2317 1711/793/2318 1710/807/2315
f 1706/763/2319 1709/774/2320 1708/779/2321
f 1708/779/2321 1707/761/2322 1706/763/2319
f 1702/763/2323 1705/761/2324 1704/779/2325
f 1704/779/2325 1703/774/2326 1702/763/2323
f 1701/1008/2327 1700/1014/2328 1699/1006/2328
f 1696/764/2329 1697/779/2330 1698/761/2331
f 1697/779/2330 1696/764/2329 1695/780/2332
f 1695/780/2332 1696/764/2329 1694/766/2333
f 1694/766/2333 1693/781/2334 1695/780/2332
f 1693/781/2334 1694/766/2333 1692/768/2335
f 1692/768/2335 1691/782/2336 1693/781/2334
f 1691/782/2336 1692/768/2335 1689/770/2337
f 1689/770/2337 1690/783/2338 1691/782/2336
f 1689/770/2337 1687/784/2339 1690/783/2338
f 1687/784/2339 1689/770/2337 1688/772/2340
f 1687/784/2339 1688/772/2340 1685/770/2341
f 1685/770/2341 1686/783/2342 1687/784/2339
f 1685/770/2341 1684/782/2343 1686/783/2342
f 1684/782/2343 1685/770/2341 1683/768/2344
f 1683/768/2344 1682/781/2345 1684/782/2343
f 1682/781/2345 1683/768/2344 1681/766/2346
f 1681/766/2346 1680/780/2347 1682/781/2345
f 1680/780/2347 1681/766/2346 1678/764/2348
f 1678/764/2348 1679/779/2349 1680/780/2347
f 1679/779/2349 1678/764/2348 1677/761/2350
f 1673/749/2351 1676/736/2352 1675/738/2353
f 1675/738/2353 1674/755/2354 1673/749/2351
f 1669/749/2355 1672/755/2356 1671/738/2357
f 1671/738/2357 1670/736/2358 1669/749/2355
f 1665/713/2359 1668/701/2360 1667/703/2361
f 1667/703/2361 1666/729/2362 1665/713/2359
f 1661/713/2363 1664/729/2364 1663/703/2365
f 1663/703/2365 1662/701/2366 1661/713/2363
f 1660/1007/2367 1659/1015/2367 1658/1016/2367
f 1656/680/2368 1657/1017/2369 1655/1018/2370
f 1655/1018/2370 1654/683/2370 1656/680/2368
f 1654/683/2370 1655/1018/2370 1653/1019/2371
f 1653/1019/2371 1652/685/2372 1654/683/2370
f 1652/685/2372 1653/1019/2371 1651/1020/2373
f 1651/1020/2373 1650/687/2374 1652/685/2372
f 1650/687/2374 1651/1020/2373 1649/1021/2375
f 1649/1021/2375 1648/689/2376 1650/687/2374
f 1648/689/2376 1649/1021/2375 1646/1022/2377
f 1648/689/2376 1646/1022/2377 1647/692/2378
f 1646/1022/2377 1645/689/2379 1647/692/2378
f 1645/689/2379 1646/1022/2377 1644/1021/2379
f 1644/1021/2379 1643/687/2380 1645/689/2379
f 1643/687/2380 1644/1021/2379 1642/1020/2381
f 1642/1020/2381 1641/685/2382 1643/687/2380
f 1641/685/2382 1642/1020/2381 1640/1019/2383
f 1640/1019/2383 1639/683/2384 1641/685/2382
f 1639/683/2384 1640/1019/2383 1637/1018/2385
f 1637/1018/2385 1638/680/2386 1639/683/2384
f 1638/680/2386 1637/1018/2385 1636/1017/2387
f 1632/517/2388 1635/445/2389 1634/453/2390
f 1634/453/2390 1633/516/2391 1632/517/2388
f 1631/1016/2392 1630/1008/2392 1629/1007/2392
f 1624/616/2393 1627/567/2394 1628/614/2395
f 1627/567/2394 1624/616/2393 1626/569/2396
f 1624/616/2393 1625/567/2397 1626/569/2396
f 1625/567/2397 1624/616/2393 1623/614/2398
f 1622/1015/2399 1621/1007/2399 1620/1008/2399
f 1616/1023/2400 1618/1024/2401 1619/1025/2402
f 1616/1023/2400 1617/1026/2403 1618/1024/2401
f 1616/1023/2400 1472/1027/2404 1617/1026/2403
f 1616/1023/2400 1474/1028/2405 1472/1027/2404
f 1474/1028/2405 1616/1023/2400 1615/513/2406
f 1474/1028/2405 1615/513/2406 1614/514/2407
f 1614/514/2407 1475/1029/2408 1474/1028/2405
f 1475/1029/2408 1614/514/2407 1613/1030/2409
f 1613/1030/2409 1477/1031/2410 1475/1029/2408
f 1477/1031/2410 1613/1030/2409 1495/1032/2411
f 1612/1008/2412 1611/1016/2412 1610/1015/2413
f 1607/1033/883 1608/1034/883 1609/1035/883
f 1608/1034/883 1607/1033/883 1606/1036/883
f 1603/1035/895 1604/1036/895 1605/1034/895
f 1604/1036/895 1603/1035/895 1602/1033/895
f 1599/1037/1093 1600/1036/1093 1601/1033/1093
f 1600/1036/1093 1599/1037/1093 1598/1038/1093
f 1595/1039/2414 1596/1040/2414 1597/1041/2414
f 1596/1040/2414 1595/1039/2414 1594/1042/2414
f 1591/1036/857 1592/1037/857 1593/1038/857
f 1592/1037/857 1591/1036/857 1590/1033/857
f 1587/1043/2415 1588/1044/2415 1589/1045/2415
f 1588/1044/2415 1587/1043/2415 1586/1046/2416
f 1583/959/2417 1584/1007/2418 1585/960/2419
f 1584/1007/2418 1583/959/2417 1582/1006/2417
f 1579/1043/2420 1580/1044/2420 1581/1045/2420
f 1580/1044/2420 1579/1043/2420 1578/1046/2420
f 1575/1006/2421 1576/960/2422 1577/1007/2421
f 1576/960/2422 1575/1006/2421 1574/959/2422
f 1571/1045/2423 1572/1047/2423 1573/1048/2423
f 1572/1047/2423 1571/1045/2423 1570/1044/2423
f 1567/960/2424 1568/1015/2424 1569/990/2425
f 1568/1015/2424 1567/960/2424 1566/1007/2424
f 1563/1045/2426 1564/1047/2427 1565/1048/2426
f 1564/1047/2427 1563/1045/2426 1562/1044/2428
f 1559/1049/2429 1560/1050/2429 1561/1051/2429
f 1560/1050/2429 1559/1049/2429 1558/1052/2429
f 1555/1042/2430 1556/1053/2430 1557/1054/2431
f 1556/1053/2430 1555/1042/2430 1554/1039/2430
f 1551/1052/2432 1552/1051/2432 1553/1050/2432
f 1552/1051/2432 1551/1052/2432 1550/1049/2432
f 1547/1041/2433 1548/1055/2433 1549/1056/2433
f 1548/1055/2433 1547/1041/2433 1546/1040/2433
f 1544/960/2434 1545/961/2435 1542/990/2436
f 1542/990/2436 1543/1007/2437 1544/960/2434
f 1543/1007/2437 1542/990/2436 1541/1015/2438
f 1529/1057/2439 1540/1058/2440 1531/1059/2441
f 1540/1058/2440 1529/1057/2439 1538/1060/2442
f 1529/1057/2439 1539/1061/2443 1538/1060/2442
f 1538/1060/2442 1539/1061/2443 1536/1057/2444
f 1536/1057/2444 1537/1058/2445 1538/1060/2442
f 1537/1058/2445 1536/1057/2444 1535/1059/2446
f 1536/1057/2444 1534/1062/2447 1535/1059/2446
f 1534/1062/2447 1532/1063/2448 1535/1059/2446
f 1532/1063/2448 1534/1062/2447 1533/1064/2449
f 1530/1062/2450 1532/1063/2448 1533/1064/2449
f 1532/1063/2448 1530/1062/2450 1531/1059/2441
f 1531/1059/2441 1530/1062/2450 1529/1057/2439
f 1527/494/2451 1526/458/2452 1528/457/2453
f 1526/458/2452 1527/494/2451 1525/492/2454
f 1525/492/2454 1524/460/2455 1526/458/2452
f 1524/460/2455 1525/492/2454 1523/489/2456
f 1523/489/2456 1520/462/2457 1524/460/2455
f 1520/462/2457 1523/489/2456 1522/1065/2458
f 1520/462/2457 1522/1065/2458 1521/1066/2459
f 1520/462/2457 1521/1066/2459 1518/1067/2460
f 1518/1067/2460 1519/464/2461 1520/462/2457
f 1518/1067/2460 1509/466/2462 1519/464/2461
f 1509/466/2462 1518/1067/2460 1511/1068/2463
f 1516/596/2464 1515/1069/2465 1517/598/2466
f 1515/1069/2465 1516/596/2464 1514/1070/2467
f 1514/1070/2467 1513/1071/645 1515/1069/2465
f 1513/1071/645 1514/1070/2467 1512/1072/2468
f 1512/1072/2468 1511/1068/2463 1513/1071/645
f 1511/1068/2463 1512/1072/2468 1510/1073/2469
f 1510/1073/2469 1509/466/2462 1511/1068/2463
f 1509/466/2462 1510/1073/2469 1490/1074/2470
f 1490/1074/2470 1508/465/2471 1509/466/2462
f 1508/465/2471 1490/1074/2470 1491/1075/2472
f 1491/1075/2472 1507/463/2473 1508/465/2471
f 1507/463/2473 1491/1075/2472 1492/1076/2474
f 1492/1076/2474 1506/461/2475 1507/463/2473
f 1506/461/2475 1492/1076/2474 1505/1077/2476
f 1505/1077/2476 1504/459/2477 1506/461/2475
f 1504/459/2477 1505/1077/2476 1503/1078/2478
f 1503/1078/2478 1502/451/2479 1504/459/2477
f 1502/451/2479 1503/1078/2478 1501/1032/2480
f 1501/1032/2480 1500/450/2481 1502/451/2479
f 1500/450/2481 1501/1032/2480 1499/1030/2482
f 1499/1030/2482 1496/449/2483 1500/450/2481
f 1496/449/2483 1499/1030/2482 1498/514/2484
f 1498/514/2484 1497/448/2485 1496/449/2483
f 1495/1032/2411 1484/1079/2486 1477/1031/2410
f 1484/1079/2486 1495/1032/2411 1494/1078/2487
f 1494/1078/2487 1479/1080/2488 1484/1079/2486
f 1479/1080/2488 1494/1078/2487 1493/1077/2489
f 1493/1077/2489 1480/1081/2490 1479/1080/2488
f 1480/1081/2490 1493/1077/2489 1492/1076/2474
f 1492/1076/2474 1481/1082/2491 1480/1081/2490
f 1481/1082/2491 1492/1076/2474 1491/1075/2472
f 1491/1075/2472 1482/1083/2492 1481/1082/2491
f 1482/1083/2492 1491/1075/2472 1490/1074/2470
f 1490/1074/2470 1483/1084/2493 1482/1083/2492
f 1483/1084/2493 1490/1074/2470 1489/1073/2494
f 1483/1084/2493 1489/1073/2494 1488/1072/2495
f 1483/1084/2493 1488/1072/2495 1487/1070/2496
f 1487/1070/2496 1461/1085/2497 1483/1084/2493
f 1461/1085/2497 1487/1070/2496 1486/596/2498
f 1486/596/2498 1460/1086/2499 1461/1085/2497
f 1460/1086/2499 1486/596/2498 1485/599/2500
f 1478/1087/2501 1477/1031/2410 1484/1079/2486
f 1478/1087/2501 1484/1079/2486 1479/1080/2488
f 1461/1085/2497 1482/1083/2492 1483/1084/2493
f 1461/1085/2497 1462/1088/2502 1482/1083/2492
f 1462/1088/2502 1481/1082/2491 1482/1083/2492
f 1481/1082/2491 1462/1088/2502 1464/1089/2503
f 1464/1089/2503 1480/1081/2490 1481/1082/2491
f 1480/1081/2490 1464/1089/2503 1466/1090/2504
f 1466/1090/2504 1479/1080/2488 1480/1081/2490
f 1479/1080/2488 1466/1090/2504 1468/1091/2505
f 1478/1087/2501 1479/1080/2488 1468/1091/2505
f 1478/1087/2501 1468/1091/2505 1471/1092/2506
f 1471/1092/2506 1476/1093/2507 1478/1087/2501
f 1477/1031/2410 1478/1087/2501 1476/1093/2507
f 1476/1093/2507 1475/1029/2408 1477/1031/2410
f 1475/1029/2408 1476/1093/2507 1473/1094/2508
f 1473/1094/2508 1474/1028/2405 1475/1029/2408
f 1474/1028/2405 1473/1094/2508 1472/1027/2404
f 1470/1095/2509 1471/1092/2506 1468/1091/2505
f 1468/1091/2505 1469/1096/2510 1470/1095/2509
f 1468/1091/2505 1467/1097/2511 1469/1096/2510
f 1467/1097/2511 1468/1091/2505 1466/1090/2504
f 1466/1090/2504 1465/1098/2512 1467/1097/2511
f 1465/1098/2512 1466/1090/2504 1464/1089/2503
f 1464/1089/2503 1463/1099/2513 1465/1098/2512
f 1463/1099/2513 1464/1089/2503 1462/1088/2502
f 1462/1088/2502 1460/1086/2499 1463/1099/2513
f 1462/1088/2502 1461/1085/2497 1460/1086/2499
f 1436/1100/2514 1459/1101/2515 1458/1102/2516
f 1458/1102/2516 1457/1103/2517 1436/1100/2514
f 1457/1103/2517 1458/1102/2516 1456/1104/2518
f 1456/1104/2518 1455/1105/2519 1457/1103/2517
f 1455/1105/2519 1456/1104/2518 1454/1106/2520
f 1454/1106/2520 1453/1107/2521 1455/1105/2519
f 1453/1107/2521 1454/1106/2520 1451/1108/2522
f 1451/1108/2522 1452/1109/2523 1453/1107/2521
f 1452/1109/2523 1451/1108/2522 1450/1110/2524
f 1448/1109/2525 1449/1110/2526 1447/1108/2527
f 1447/1108/2527 1446/1107/2528 1448/1109/2525
f 1446/1107/2528 1447/1108/2527 1445/1106/2529
f 1445/1106/2529 1444/1105/2530 1446/1107/2528
f 1444/1105/2530 1445/1106/2529 1443/1104/2531
f 1443/1104/2531 1442/1103/2532 1444/1105/2530
f 1442/1103/2532 1443/1104/2531 1441/1102/2533
f 1441/1102/2533 1438/1100/2534 1442/1103/2532
f 1438/1100/2534 1441/1102/2533 1440/1101/2535
f 1435/1111/2536 1438/1100/2537 1439/1101/2538
f 1438/1100/2537 1435/1111/2536 1437/1112/2539
f 1435/1111/2536 1436/1100/2514 1437/1112/2539
f 1436/1100/2514 1435/1111/2536 1434/1101/2540
f 1433/1113/2541 1432/1114/2542 1431/1115/2543
f 1426/1116/2544 1429/945/2545 1430/1117/2546
f 1429/945/2545 1426/1116/2544 1428/943/2547
f 1426/1116/2544 1427/945/2548 1428/943/2547
f 1427/945/2548 1426/1116/2544 1425/1117/2549
f 1424/1115/2550 1423/1118/2551 1422/1113/2551
f 1417/1119/2552 1420/1004/2553 1421/1120/2554
f 1420/1004/2553 1417/1119/2552 1419/1005/2555
f 1417/1119/2552 1418/1004/2556 1419/1005/2555
f 1418/1004/2556 1417/1119/2552 1416/1120/2557
f 1415/1115/2558 1414/1114/2559 1413/1113/2558
f 1373/1082/2560 1363/1075/2561 1361/1076/2562
f 1361/1076/2562 1385/1081/2563 1373/1082/2560
f 1385/1081/2563 1361/1076/2562 1412/1077/2564
f 1412/1077/2564 1387/1080/2565 1385/1081/2563
f 1387/1080/2565 1412/1077/2564 1411/1078/2566
f 1411/1078/2566 1390/1079/2567 1387/1080/2565
f 1390/1079/2567 1411/1078/2566 1410/1032/2568
f 1410/1032/2568 1391/1031/2569 1390/1079/2567
f 1391/1031/2569 1410/1032/2568 1409/1030/2570
f 1409/1030/2570 1395/1029/2571 1391/1031/2569
f 1395/1029/2571 1409/1030/2570 1408/514/2572
f 1408/514/2572 1393/1028/2573 1395/1029/2571
f 1393/1028/2573 1408/514/2572 1407/513/2574
f 1393/1028/2573 1407/513/2574 1404/1023/2575
f 1404/1023/2575 1392/1027/2576 1393/1028/2573
f 1404/1023/2575 1406/1026/2577 1392/1027/2576
f 1404/1023/2575 1405/1024/2578 1406/1026/2577
f 1405/1024/2578 1404/1023/2575 1403/1025/2579
f 1374/1083/2580 1379/1085/2581 1375/1084/2582
f 1379/1085/2581 1374/1083/2580 1383/1088/2583
f 1383/1088/2583 1381/1086/2584 1379/1085/2581
f 1383/1088/2583 1402/1099/2585 1381/1086/2584
f 1402/1099/2585 1383/1088/2583 1384/1089/2586
f 1384/1089/2586 1401/1098/2587 1402/1099/2585
f 1401/1098/2587 1384/1089/2586 1386/1090/2588
f 1386/1090/2588 1400/1097/2589 1401/1098/2587
f 1400/1097/2589 1386/1090/2588 1388/1091/2590
f 1388/1091/2590 1399/1096/2591 1400/1097/2589
f 1388/1091/2590 1398/1095/2592 1399/1096/2591
f 1388/1091/2590 1397/1092/2593 1398/1095/2592
f 1397/1092/2593 1388/1091/2590 1389/1087/2594
f 1389/1087/2594 1396/1093/2595 1397/1092/2593
f 1389/1087/2594 1391/1031/2569 1396/1093/2595
f 1396/1093/2595 1391/1031/2569 1395/1029/2571
f 1395/1029/2571 1394/1094/2596 1396/1093/2595
f 1394/1094/2596 1395/1029/2571 1393/1028/2573
f 1394/1094/2596 1393/1028/2573 1392/1027/2576
f 1389/1087/2594 1390/1079/2567 1391/1031/2569
f 1389/1087/2594 1387/1080/2565 1390/1079/2567
f 1387/1080/2565 1389/1087/2594 1388/1091/2590
f 1386/1090/2588 1387/1080/2565 1388/1091/2590
f 1386/1090/2588 1385/1081/2563 1387/1080/2565
f 1385/1081/2563 1386/1090/2588 1384/1089/2586
f 1384/1089/2586 1373/1082/2560 1385/1081/2563
f 1373/1082/2560 1384/1089/2586 1383/1088/2583
f 1383/1088/2583 1374/1083/2580 1373/1082/2560
f 1381/1086/2584 1382/599/2597 1380/596/2598
f 1380/596/2598 1379/1085/2581 1381/1086/2584
f 1379/1085/2581 1380/596/2598 1378/1070/2599
f 1378/1070/2599 1375/1084/2582 1379/1085/2581
f 1375/1084/2582 1378/1070/2599 1377/1072/2600
f 1375/1084/2582 1377/1072/2600 1376/1073/2601
f 1375/1084/2582 1376/1073/2601 1365/1074/2602
f 1365/1074/2602 1374/1083/2580 1375/1084/2582
f 1374/1083/2580 1365/1074/2602 1363/1075/2561
f 1374/1083/2580 1363/1075/2561 1373/1082/2560
f 1371/596/2603 1372/598/2604 1370/1069/2605
f 1370/1069/2605 1369/1070/2606 1371/596/2603
f 1369/1070/2606 1370/1069/2605 1368/1071/2607
f 1368/1071/2607 1367/1072/2608 1369/1070/2606
f 1367/1072/2608 1368/1071/2607 1338/1068/2609
f 1338/1068/2609 1366/1073/2610 1367/1072/2608
f 1366/1073/2610 1338/1068/2609 1339/466/2611
f 1339/466/2611 1365/1074/2602 1366/1073/2610
f 1365/1074/2602 1339/466/2611 1364/465/2612
f 1364/465/2612 1363/1075/2561 1365/1074/2602
f 1363/1075/2561 1364/465/2612 1362/463/2613
f 1362/463/2613 1361/1076/2562 1363/1075/2561
f 1361/1076/2562 1362/463/2613 1360/461/2614
f 1360/461/2614 1359/1077/2615 1361/1076/2562
f 1359/1077/2615 1360/461/2614 1358/459/2616
f 1358/459/2616 1357/1078/2617 1359/1077/2615
f 1357/1078/2617 1358/459/2616 1356/451/2618
f 1356/451/2618 1355/1032/2619 1357/1078/2617
f 1355/1032/2619 1356/451/2618 1354/450/2620
f 1354/450/2620 1353/1030/2621 1355/1032/2619
f 1353/1030/2621 1354/450/2620 1351/449/2622
f 1351/449/2622 1352/514/2623 1353/1030/2621
f 1352/514/2623 1351/449/2622 1350/448/2624
f 1347/458/2625 1348/494/2626 1349/457/2627
f 1347/458/2625 1346/492/2628 1348/494/2626
f 1346/492/2628 1347/458/2625 1345/460/2629
f 1345/460/2629 1344/489/2630 1346/492/2628
f 1344/489/2630 1345/460/2629 1341/462/2631
f 1341/462/2631 1343/1065/2632 1344/489/2630
f 1341/462/2631 1342/1066/2633 1343/1065/2632
f 1341/462/2631 1337/1067/2634 1342/1066/2633
f 1337/1067/2634 1341/462/2631 1340/464/2635
f 1337/1067/2634 1340/464/2635 1339/466/2611
f 1339/466/2611 1338/1068/2609 1337/1067/2634
f 1335/559/2636 1334/265/2637 1336/267/2636
f 1334/265/2637 1335/559/2636 1333/558/2638
f 1333/558/2638 1332/262/2639 1334/265/2637
f 1332/262/2639 1333/558/2638 1331/557/2640
f 1331/557/2640 1330/261/2641 1332/262/2639
f 1330/261/2641 1331/557/2640 1329/556/2642
f 1329/556/2642 1328/259/2643 1330/261/2641
f 1328/259/2643 1329/556/2642 1327/555/2644
f 1327/555/2644 1326/258/2645 1328/259/2643
f 1326/258/2645 1327/555/2644 1325/554/2646
f 1325/554/2646 1324/254/2647 1326/258/2645
f 1324/254/2647 1325/554/2646 1323/553/2648
f 1323/553/2648 1322/252/2649 1324/254/2647
f 1322/252/2649 1323/553/2648 1321/552/2649
f 1321/552/2649 1320/247/2650 1322/252/2649
f 1320/247/2650 1321/552/2649 1319/551/2651
f 1319/551/2651 1318/246/2652 1320/247/2650
f 1318/246/2652 1319/551/2651 1316/549/2653
f 1316/549/2653 1317/245/2654 1318/246/2652
f 1317/245/2654 1316/549/2653 1315/550/2655
f 1313/530/2656 1314/268/2657 1312/271/2658
f 1312/271/2658 1302/531/2659 1313/530/2656
f 1302/531/2659 1312/271/2658 1303/274/2660
f 1308/1011/2661 1311/1010/2662 1306/1009/2663
f 1308/1011/2661 1309/280/2664 1310/608/2665
f 1309/280/2664 1308/1011/2661 1307/278/2666
f 1306/1009/2663 1307/278/2666 1308/1011/2661
f 1306/1009/2663 1305/276/2667 1307/278/2666
f 1305/276/2667 1306/1009/2663 1304/1013/2668
f 1304/1013/2668 1303/274/2660 1305/276/2667
f 1303/274/2660 1304/1013/2668 1301/1012/2669
f 1301/1012/2669 1302/531/2659 1303/274/2660
f 1302/531/2659 1301/1012/2669 1300/533/2670
f 1299/1113/2671 1298/1118/2672 1297/1115/2673
f 1291/542/2674 1294/544/2675 1296/543/2676
f 1293/545/2677 1295/546/2678 1294/544/2675
f 1294/544/2675 1291/542/2674 1293/545/2677
f 1291/542/2674 1292/547/2679 1293/545/2677
f 1292/547/2679 1291/542/2674 1290/548/2680
f 1289/1121/2681 1288/1122/2682 1287/1123/2683
f 1277/524/2684 1280/870/2685 1286/871/2686
f 1276/1124/2687 1285/834/2688 1278/835/2689
f 1283/870/2690 1269/524/2691 1284/871/2692
f 1269/524/2691 1283/870/2690 1268/1125/2693
f 1281/874/2694 1268/1125/2693 1283/870/2690
f 1268/1125/2693 1281/874/2694 1282/1126/2695
f 1281/874/2694 1279/1125/2696 1282/1126/2695
f 1279/1125/2696 1281/874/2694 1280/870/2685
f 1280/870/2685 1277/524/2684 1279/1125/2696
f 1277/524/2684 1278/835/2689 1279/1125/2696
f 1278/835/2689 1277/524/2684 1276/1124/2687
f 1275/527/2697 1276/1124/2687 1277/524/2684
f 1276/1124/2687 1275/527/2697 1274/528/2698
f 1270/1124/2699 1267/835/2700 1273/834/2701
f 1271/527/2702 1270/1124/2699 1272/528/2703
f 1270/1124/2699 1271/527/2702 1269/524/2691
f 1267/835/2700 1270/1124/2699 1269/524/2691
f 1269/524/2691 1268/1125/2693 1267/835/2700
f 1265/526/2704 1257/869/2705 1266/525/2706
f 1257/869/2705 1265/526/2704 1254/1127/2707
f 1262/869/2708 1263/526/2709 1264/525/2710
f 1263/526/2709 1262/869/2708 1251/1127/2711
f 1250/1128/2712 1251/1127/2711 1262/869/2708
f 1250/1128/2712 1262/869/2708 1261/872/2713
f 1261/872/2713 1259/1129/2714 1250/1128/2712
f 1259/1129/2714 1261/872/2713 1260/873/2715
f 1259/1129/2714 1260/873/2715 1258/872/2716
f 1258/872/2716 1256/1128/2717 1259/1129/2714
f 1256/1128/2717 1258/872/2716 1257/869/2705
f 1257/869/2705 1254/1127/2707 1256/1128/2717
f 1254/1127/2707 1255/1130/2718 1256/1128/2717
f 1255/1130/2718 1254/1127/2707 1253/1131/2719
f 1249/1130/2720 1252/1131/2721 1251/1127/2711
f 1251/1127/2711 1250/1128/2712 1249/1130/2720
f 1246/1132/2722 1239/1133/2723 1241/1134/2724
f 1241/1134/2724 1245/1135/2725 1246/1132/2722
f 1245/1135/2725 1241/1134/2724 1243/1136/2726
f 1239/1133/2723 1248/1137/2727 1237/1138/2728
f 1248/1137/2727 1239/1133/2723 1246/1132/2722
f 1246/1132/2722 1247/1139/2729 1248/1137/2727
f 1246/1132/2722 1221/1140/2730 1247/1139/2729
f 1221/1140/2730 1246/1132/2722 1245/1135/2725
f 1245/1135/2725 1222/1141/2731 1221/1140/2730
f 1222/1141/2731 1245/1135/2725 1224/1142/2732
f 1245/1135/2725 1243/1136/2726 1224/1142/2732
f 1227/1143/2733 1224/1142/2732 1243/1136/2726
f 1243/1136/2726 1244/1144/2734 1227/1143/2733
f 1243/1136/2726 1242/1026/2735 1244/1144/2734
f 1242/1026/2735 1243/1136/2726 1241/1134/2724
f 1241/1134/2724 1240/1027/2736 1242/1026/2735
f 1239/1133/2723 1240/1027/2736 1241/1134/2724
f 1240/1027/2736 1239/1133/2723 1238/1094/2737
f 1237/1138/2728 1238/1094/2737 1239/1133/2723
f 1238/1094/2737 1237/1138/2728 1236/1093/2738
f 1226/1145/2739 1232/1146/2740 1235/1147/2741
f 1232/1146/2740 1226/1145/2739 1234/1143/2742
f 1234/1143/2742 1233/1148/2743 1232/1146/2740
f 1230/1147/2744 1231/941/2745 1229/942/2746
f 1229/942/2746 1223/1149/2747 1230/1147/2744
f 1223/1149/2747 1229/942/2746 1228/939/2748
f 1223/1149/2747 1228/939/2748 1220/937/2749
f 1224/1142/2732 1227/1143/2733 1226/1145/2750
f 1224/1142/2732 1226/1145/2750 1225/1147/2751
f 1224/1142/2732 1225/1147/2751 1223/1149/2747
f 1224/1142/2732 1223/1149/2747 1222/1141/2731
f 1220/937/2749 1222/1141/2731 1223/1149/2747
f 1220/937/2749 1221/1140/2730 1222/1141/2731
f 1221/1140/2730 1220/937/2749 1219/936/2752
f 1208/1145/2753 1218/1147/2754 1216/1146/2755
f 1216/1146/2755 1217/1143/2756 1208/1145/2753
f 1217/1143/2756 1216/1146/2755 1215/1148/2757
f 1205/1135/2758 1206/1142/2759 1210/1136/2760
f 1205/1135/2758 1210/1136/2760 1213/1134/2761
f 1213/1134/2761 1203/1132/2762 1205/1135/2758
f 1203/1132/2762 1213/1134/2761 1201/1133/2763
f 1201/1133/2763 1214/1027/2764 1199/1094/2765
f 1214/1027/2764 1201/1133/2763 1213/1134/2761
f 1213/1134/2761 1212/1026/2766 1214/1027/2764
f 1212/1026/2766 1213/1134/2761 1210/1136/2760
f 1210/1136/2760 1211/1144/2767 1212/1026/2766
f 1210/1136/2760 1209/1143/2768 1211/1144/2767
f 1209/1143/2768 1210/1136/2760 1206/1142/2759
f 1206/1142/2759 1208/1145/2769 1209/1143/2768
f 1206/1142/2759 1207/1147/2770 1208/1145/2769
f 1206/1142/2759 1192/1149/2771 1207/1147/2770
f 1206/1142/2759 1195/1141/2772 1192/1149/2771
f 1206/1142/2759 1205/1135/2758 1195/1141/2772
f 1205/1135/2758 1196/1140/2773 1195/1141/2772
f 1196/1140/2773 1205/1135/2758 1203/1132/2762
f 1203/1132/2762 1204/1139/2774 1196/1140/2773
f 1204/1139/2774 1203/1132/2762 1202/1137/2775
f 1201/1133/2763 1202/1137/2775 1203/1132/2762
f 1202/1137/2775 1201/1133/2763 1200/1138/2776
f 1199/1094/2765 1200/1138/2776 1201/1133/2763
f 1200/1138/2776 1199/1094/2765 1198/1093/2777
f 1196/1140/2773 1197/936/2778 1194/937/2779
f 1194/937/2779 1195/1141/2772 1196/1140/2773
f 1194/937/2779 1192/1149/2771 1195/1141/2772
f 1192/1149/2771 1194/937/2779 1193/939/2780
f 1192/1149/2771 1193/939/2780 1190/942/2781
f 1190/942/2781 1191/1147/2782 1192/1149/2771
f 1191/1147/2782 1190/942/2781 1189/941/2783
f 1177/1150/2784 1188/1151/2785 1179/1152/2786
f 1175/1150/2787 1176/1153/2788 1184/1154/2789
f 1175/1150/2787 1186/1152/2790 1187/1151/2791
f 1186/1152/2790 1175/1150/2787 1184/1154/2789
f 1184/1154/2789 1185/1155/2792 1186/1152/2790
f 1184/1154/2789 1183/1156/2793 1185/1155/2792
f 1183/1156/2793 1184/1154/2789 1176/1153/2788
f 1176/1153/2788 1182/1157/2794 1183/1156/2793
f 1176/1153/2788 1181/1156/2795 1182/1157/2794
f 1181/1156/2795 1176/1153/2788 1178/1154/2796
f 1178/1154/2796 1180/1155/2797 1181/1156/2795
f 1178/1154/2796 1179/1152/2786 1180/1155/2797
f 1179/1152/2786 1178/1154/2796 1177/1150/2784
f 1176/1153/2788 1177/1150/2784 1178/1154/2796
f 1177/1150/2784 1176/1153/2788 1174/1158/2798
f 1176/1153/2788 1175/1150/2787 1174/1158/2798
f 1165/301/2799 1173/317/2800 1168/523/2801
f 1166/300/2802 1167/521/2803 1171/519/2804
f 1171/519/2804 1170/518/2805 1172/520/2806
f 1170/518/2805 1171/519/2804 1167/521/2803
f 1167/521/2803 1169/522/2807 1170/518/2805
f 1167/521/2803 1168/523/2801 1169/522/2807
f 1168/523/2801 1167/521/2803 1165/301/2799
f 1167/521/2803 1166/300/2802 1165/301/2799
f 1158/1159/2808 1160/1160/2809 1164/1161/2810
f 1148/1162/2811 1149/1163/2812 1163/1164/2813
f 1159/1165/2814 1148/1162/2811 1163/1164/2813
f 1159/1165/2814 1163/1164/2813 1162/1166/2815
f 1159/1165/2814 1162/1166/2815 1161/1167/2816
f 1159/1165/2814 1161/1167/2816 1160/1160/2809
f 1160/1160/2809 1158/1159/2808 1159/1165/2814
f 1148/1162/2811 1159/1165/2814 1158/1159/2808
f 1148/1162/2811 1158/1159/2808 1157/1168/2817
f 1157/1168/2817 1147/1169/2818 1148/1162/2811
f 1147/1169/2818 1157/1168/2817 1156/1170/2819
f 1156/1170/2819 1151/1171/2820 1147/1169/2818
f 1151/1171/2820 1156/1170/2819 1155/1172/2821
f 1151/1171/2820 1155/1172/2821 1154/1173/2822
f 1151/1171/2820 1154/1173/2822 1153/1174/2823
f 1151/1171/2820 1153/1174/2823 1152/1175/2824
f 1151/1171/2820 1152/1175/2824 1150/1176/2825
f 1150/1176/2825 1147/1169/2818 1151/1171/2820
f 1147/1169/2818 1150/1176/2825 1149/1163/2812
f 1149/1163/2812 1148/1162/2811 1147/1169/2818
f 1142/1121/2826 1144/1177/2827 1143/1123/2828
f 1144/1177/2827 1142/1121/2826 1145/1178/2829
f 1136/1179/2830 1145/1178/2829 1146/1180/2831
f 1145/1178/2829 1136/1179/2830 1144/1177/2827
f 1134/1181/2832 1144/1177/2827 1136/1179/2830
f 1144/1177/2827 1134/1181/2832 1143/1123/2828
f 1137/1177/2833 1143/1123/2828 1134/1181/2832
f 1143/1123/2828 1137/1177/2833 1142/1121/2826
f 1137/1177/2833 1140/1178/2834 1142/1121/2826
f 1140/1178/2834 1137/1177/2833 1138/1179/2835
f 1138/1179/2835 1141/1180/2836 1140/1178/2834
f 1138/1179/2835 1134/1181/2832 1139/1182/2837
f 1134/1181/2832 1138/1179/2835 1137/1177/2833
f 1136/1179/2830 1135/1182/2838 1134/1181/2832
f 1129/1160/2839 1127/1159/2840 1133/1161/2841
f 1117/1163/2842 1118/1162/2843 1132/1164/2844
f 1128/1165/2845 1132/1164/2844 1118/1162/2843
f 1128/1165/2845 1131/1166/2846 1132/1164/2844
f 1128/1165/2845 1130/1167/2847 1131/1166/2846
f 1128/1165/2845 1129/1160/2839 1130/1167/2847
f 1129/1160/2839 1128/1165/2845 1127/1159/2840
f 1118/1162/2843 1127/1159/2840 1128/1165/2845
f 1118/1162/2843 1126/1168/2848 1127/1159/2840
f 1126/1168/2848 1118/1162/2843 1116/1169/2849
f 1116/1169/2849 1125/1170/2850 1126/1168/2848
f 1125/1170/2850 1116/1169/2849 1120/1171/2851
f 1120/1171/2851 1124/1172/2852 1125/1170/2850
f 1120/1171/2851 1123/1173/2853 1124/1172/2852
f 1120/1171/2851 1122/1174/2854 1123/1173/2853
f 1120/1171/2851 1121/1175/2855 1122/1174/2854
f 1120/1171/2851 1119/1176/2856 1121/1175/2855
f 1119/1176/2856 1120/1171/2851 1116/1169/2849
f 1116/1169/2849 1117/1163/2842 1119/1176/2856
f 1118/1162/2843 1117/1163/2842 1116/1169/2849
f 1112/1183/2857 1115/826/2858 1113/825/2859
f 1107/561/2860 1113/825/2859 1114/562/2861
f 1113/825/2859 1107/561/2860 1108/1184/2862
f 1113/825/2859 1108/1184/2862 1112/1183/2857
f 1109/825/2863 1112/1183/2857 1108/1184/2862
f 1112/1183/2857 1109/825/2863 1111/826/2864
f 1107/561/2860 1110/562/2865 1109/825/2863
f 1109/825/2863 1108/1184/2862 1107/561/2860
f 1103/952/2866 1106/951/2867 1104/1185/2868
f 1098/1186/2869 1104/1185/2868 1105/1187/2870
f 1104/1185/2868 1098/1186/2869 1099/1188/2871
f 1104/1185/2868 1099/1188/2871 1103/952/2866
f 1100/1185/2872 1103/952/2866 1099/1188/2871
f 1103/952/2866 1100/1185/2872 1102/951/2873
f 1098/1186/2869 1101/1187/2874 1100/1185/2872
f 1100/1185/2872 1099/1188/2871 1098/1186/2869
f 1097/1189/2875 1096/1190/2876 1095/1114/2877
f 1090/1191/2878 1094/1192/2879 1091/1193/2880
f 1087/1194/2881 1092/1195/2882 1093/1196/2883
f 1092/1195/2882 1087/1194/2881 1086/1197/2884
f 1086/1197/2884 1091/1193/2880 1092/1195/2882
f 1091/1193/2880 1086/1197/2884 1090/1191/2878
f 1084/1193/2885 1090/1191/2878 1086/1197/2884
f 1090/1191/2878 1084/1193/2885 1089/1192/2886
f 1087/1194/2881 1088/1196/2887 1085/1195/2888
f 1085/1195/2888 1086/1197/2884 1087/1194/2881
f 1086/1197/2884 1085/1195/2888 1084/1193/2885
f 1083/1114/2889 1082/1113/2890 1081/1189/2891
f 1070/467/2892 1080/469/2893 1067/468/2894
f 1072/470/2895 1069/471/2896 1068/413/2897
f 1072/470/2895 1068/413/2897 1079/411/2898
f 1072/470/2895 1079/411/2898 1078/409/2899
f 1078/409/2899 1074/472/2900 1072/470/2895
f 1074/472/2900 1078/409/2899 1077/406/2901
f 1074/472/2900 1077/406/2901 1076/473/2902
f 1074/472/2900 1076/473/2902 1075/474/2903
f 1074/472/2900 1075/474/2903 1073/475/2904
f 1073/475/2904 1072/470/2895 1074/472/2900
f 1072/470/2895 1073/475/2904 1071/476/2905
f 1069/471/2896 1072/470/2895 1071/476/2905
f 1069/471/2896 1071/476/2905 1070/467/2892
f 1067/468/2894 1069/471/2896 1070/467/2892
f 1067/468/2894 1068/413/2897 1069/471/2896
f 1068/413/2897 1067/468/2894 1066/415/2906
f 1063/452/2907 1061/445/2908 1065/453/2909
f 1056/455/2910 1057/446/2911 1062/447/2912
f 1062/447/2912 1064/454/2913 1056/455/2910
f 1064/454/2913 1062/447/2912 1063/452/2907
f 1061/445/2908 1063/452/2907 1062/447/2912
f 1061/445/2908 1062/447/2912 1057/446/2911
f 1057/446/2911 1060/448/2914 1061/445/2908
f 1057/446/2911 1059/449/2915 1060/448/2914
f 1057/446/2911 1058/450/2916 1059/449/2915
f 1057/446/2911 1046/451/2917 1058/450/2916
f 1046/451/2917 1057/446/2911 1045/456/2918
f 1057/446/2911 1056/455/2910 1045/456/2918
f 1054/465/2919 1053/464/2920 1055/466/2921
f 1053/464/2920 1054/465/2919 1052/463/2922
f 1052/463/2922 1051/462/2923 1053/464/2920
f 1051/462/2923 1052/463/2922 1050/461/2924
f 1050/461/2924 1049/460/2925 1051/462/2923
f 1049/460/2925 1050/461/2924 1048/459/2926
f 1048/459/2926 1047/458/2927 1049/460/2925
f 1047/458/2927 1048/459/2926 1046/451/2917
f 1046/451/2917 1044/457/2928 1047/458/2927
f 1046/451/2917 1045/456/2918 1044/457/2928
f 1039/1198/2929 1037/1199/2930 1043/1200/2931
f 1033/310/2932 1042/1201/2933 1032/1202/2934
f 1042/1201/2933 1033/310/2932 1035/1203/2935
f 1042/1201/2933 1035/1203/2935 1038/1204/2936
f 1038/1204/2936 1041/1205/2937 1042/1201/2933
f 1038/1204/2936 1040/1206/2938 1041/1205/2937
f 1040/1206/2938 1038/1204/2936 1039/1198/2929
f 1037/1199/2930 1039/1198/2929 1038/1204/2936
f 1037/1199/2930 1038/1204/2936 1035/1203/2935
f 1035/1203/2935 1036/1207/2939 1037/1199/2930
f 1035/1203/2935 1034/312/2940 1036/1207/2939
f 1034/312/2940 1035/1203/2935 1033/310/2932
f 1034/312/2940 1033/310/2932 1028/1208/2941
f 1029/1209/2942 1028/1208/2941 1033/310/2932
f 1033/310/2932 1032/1202/2934 1029/1209/2942
f 1031/1210/2943 1029/1209/2942 1032/1202/2934
f 1029/1209/2942 1031/1210/2943 1030/1211/2944
f 1029/1209/2942 1030/1211/2944 1027/1212/2945
f 1027/1212/2945 1028/1208/2941 1029/1209/2942
f 1028/1208/2941 1027/1212/2945 1026/1213/2946
f 1025/1123/2947 1024/1122/2948 1023/1121/2949
f 1020/884/2950 1019/1214/2951 1022/882/2952
f 1008/884/2953 1021/882/2954 1009/1214/2955
f 1002/886/2956 1003/1215/2957 1020/884/2950
f 1019/1214/2951 1020/884/2950 1003/1215/2957
f 1019/1214/2951 1003/1215/2957 1007/1216/2958
f 1007/1216/2958 1018/1217/2959 1019/1214/2951
f 1007/1216/2958 1017/1218/2960 1018/1217/2959
f 1007/1216/2958 1016/1219/2961 1017/1218/2960
f 1007/1216/2958 1015/1220/2962 1016/1219/2961
f 1015/1220/2962 1007/1216/2958 1006/1221/2963
f 1015/1220/2962 1006/1221/2963 1014/1222/2964
f 1006/1221/2963 1013/1220/2965 1014/1222/2964
f 1013/1220/2965 1006/1221/2963 1005/1216/2966
f 1005/1216/2966 1012/1219/2967 1013/1220/2965
f 1005/1216/2966 1011/1218/2968 1012/1219/2967
f 1005/1216/2966 1010/1217/2969 1011/1218/2968
f 1005/1216/2966 1009/1214/2955 1010/1217/2969
f 1009/1214/2955 1005/1216/2966 1004/1215/2970
f 1009/1214/2955 1004/1215/2970 1008/884/2953
f 1004/1215/2970 1002/886/2956 1008/884/2953
f 1001/1223/2971 1007/1216/2958 1003/1215/2957
f 1007/1216/2958 1001/1223/2971 1006/1221/2963
f 1005/1216/2966 1006/1221/2963 1001/1223/2971
f 1001/1223/2971 1004/1215/2970 1005/1216/2966
f 1004/1215/2970 1001/1223/2971 1002/886/2956
f 1003/1215/2957 1002/886/2956 1001/1223/2971
f 999/1224/2972 1000/418/2973 998/419/2974
f 1000/418/2973 991/1225/2975 993/417/2976
f 991/1225/2975 1000/418/2973 999/1224/2972
f 999/1224/2972 988/1226/2977 991/1225/2975
f 999/1224/2972 985/1227/2978 988/1226/2977
f 985/1227/2978 999/1224/2972 983/1228/2979
f 998/419/2974 983/1228/2979 999/1224/2972
f 983/1228/2979 998/419/2974 982/420/2980
f 996/1229/2981 997/1230/2982 995/1231/2983
f 981/1232/2984 996/1229/2981 984/1233/2985
f 995/1231/2983 984/1233/2985 996/1229/2981
f 984/1233/2985 995/1231/2983 986/1234/2986
f 993/417/2976 992/1235/2987 994/416/2988
f 992/1235/2987 993/417/2976 991/1225/2975
f 991/1225/2975 990/1236/2989 992/1235/2987
f 990/1236/2989 991/1225/2975 988/1226/2977
f 988/1226/2977 989/1237/2990 990/1236/2989
f 988/1226/2977 987/1238/2991 989/1237/2990
f 987/1238/2991 988/1226/2977 985/1227/2978
f 985/1227/2978 986/1234/2986 987/1238/2991
f 986/1234/2986 985/1227/2978 984/1233/2985
f 983/1228/2979 984/1233/2985 985/1227/2978
f 984/1233/2985 983/1228/2979 981/1232/2984
f 983/1228/2979 982/420/2980 981/1232/2984
f 967/1208/2992 980/1213/2993 979/1212/2994
f 979/1212/2994 965/1209/2995 967/1208/2992
f 965/1209/2995 979/1212/2994 978/1211/2944
f 965/1209/2995 978/1211/2944 964/1210/2996
f 973/1198/556 977/1200/558 971/1199/2997
f 966/310/2998 963/1202/2999 976/1201/3000
f 976/1201/3000 969/1203/3001 966/310/2998
f 976/1201/3000 972/1204/3002 969/1203/3001
f 972/1204/3002 976/1201/3000 975/1205/3003
f 972/1204/3002 975/1205/3003 974/1206/557
f 972/1204/3002 974/1206/557 973/1198/556
f 971/1199/2997 972/1204/3002 973/1198/556
f 971/1199/2997 969/1203/3001 972/1204/3002
f 969/1203/3001 971/1199/2997 970/1207/3004
f 969/1203/3001 970/1207/3004 968/312/3005
f 968/312/3005 966/310/2998 969/1203/3001
f 966/310/2998 968/312/3005 967/1208/2992
f 965/1209/2995 966/310/2998 967/1208/2992
f 966/310/2998 965/1209/2995 963/1202/2999
f 965/1209/2995 964/1210/2996 963/1202/2999
f 949/1239/3006 952/1240/3007 962/1241/3008
f 957/1242/3009 948/1243/3010 960/1244/3011
f 948/1243/3010 957/1242/3009 950/1245/3012
f 959/1246/3013 960/1244/3011 961/1247/3014
f 959/1246/3013 957/1242/3009 960/1244/3011
f 957/1242/3009 959/1246/3013 958/1248/3015
f 957/1242/3009 958/1248/3015 956/1249/3016
f 956/1249/3016 950/1245/3012 957/1242/3009
f 950/1245/3012 956/1249/3016 955/1250/3017
f 955/1250/3017 951/1251/3018 950/1245/3012
f 951/1251/3018 955/1250/3017 954/1252/3019
f 951/1251/3018 954/1252/3019 953/1253/3020
f 951/1251/3018 953/1253/3020 952/1240/3007
f 952/1240/3007 949/1239/3006 951/1251/3018
f 949/1239/3006 950/1245/3012 951/1251/3018
f 950/1245/3012 949/1239/3006 948/1243/3010
f 947/1190/3021 946/1189/3022 945/1113/3023
f 943/904/3024 942/903/3025 944/905/3026
f 933/906/3027 943/904/3024 932/907/3028
f 943/904/3024 933/906/3027 942/903/3025
f 934/908/3029 942/903/3025 933/906/3027
f 934/908/3029 941/909/3030 942/903/3025
f 934/908/3029 940/910/3031 941/909/3030
f 940/910/3031 934/908/3029 935/911/3032
f 935/911/3032 939/839/3033 940/910/3031
f 935/911/3032 938/840/3034 939/839/3033
f 935/911/3032 924/843/3035 938/840/3034
f 929/912/3036 930/916/3037 937/915/3038
f 929/912/3036 937/915/3038 936/914/3039
f 929/912/3036 936/914/3039 928/913/3040
f 935/911/3032 922/917/3041 924/843/3035
f 922/917/3041 935/911/3032 934/908/3029
f 922/917/3041 934/908/3029 921/919/3042
f 933/906/3027 921/919/3042 934/908/3029
f 921/919/3042 933/906/3027 920/921/3043
f 932/907/3028 920/921/3043 933/906/3027
f 932/907/3028 919/922/3044 920/921/3043
f 919/922/3044 932/907/3028 931/925/3045
f 919/922/3044 931/925/3045 930/916/3037
f 930/916/3037 929/912/3036 919/922/3044
f 917/923/3046 919/922/3044 929/912/3036
f 929/912/3036 928/913/3040 917/923/3046
f 916/924/3047 917/923/3046 928/913/3040
f 916/924/3047 928/913/3040 927/926/3048
f 916/924/3047 927/926/3048 926/838/3049
f 926/838/3049 925/841/3050 916/924/3047
f 925/841/3050 915/918/3051 916/924/3047
f 915/918/3051 925/841/3050 923/842/3052
f 922/917/3041 923/842/3052 924/843/3035
f 923/842/3052 922/917/3041 915/918/3051
f 921/919/3042 915/918/3051 922/917/3041
f 915/918/3051 921/919/3042 918/920/3053
f 920/921/3043 918/920/3053 921/919/3042
f 918/920/3053 920/921/3043 919/922/3044
f 919/922/3044 917/923/3046 918/920/3053
f 915/918/3051 918/920/3053 917/923/3046
f 917/923/3046 916/924/3047 915/918/3051
f 870/1254/3054 875/1255/3055 872/1256/3056
f 914/1257/3057 872/1256/3056 875/1255/3055
f 872/1256/3056 914/1257/3057 911/1258/3058
f 912/1259/3059 911/1258/3058 914/1257/3057
f 914/1257/3057 913/1260/3060 912/1259/3059
f 875/1255/3055 877/1261/3061 914/1257/3057
f 859/1262/3062 914/1257/3057 877/1261/3061
f 914/1257/3057 859/1262/3062 913/1260/3060
f 857/1257/3063 913/1260/3060 859/1262/3062
f 857/1257/3063 912/1259/3059 913/1260/3060
f 912/1259/3059 857/1257/3063 869/1258/3064
f 869/1258/3064 902/1263/3065 912/1259/3059
f 911/1258/3058 912/1259/3059 902/1263/3065
f 902/1263/3065 904/1264/3066 911/1258/3058
f 906/1265/3067 911/1258/3058 904/1264/3066
f 911/1258/3058 906/1265/3067 872/1256/3056
f 871/1266/3068 872/1256/3056 906/1265/3067
f 909/1267/3069 910/1268/3070 908/1269/3071
f 909/1267/3069 900/1265/3072 910/1268/3070
f 900/1265/3072 909/1267/3069 901/1264/3073
f 903/1270/3074 901/1264/3073 909/1267/3069
f 909/1267/3069 908/1269/3071 903/1270/3074
f 905/1267/3075 903/1270/3074 908/1269/3071
f 905/1267/3075 908/1269/3071 907/1268/3076
f 905/1267/3075 907/1268/3076 906/1265/3067
f 906/1265/3067 904/1264/3066 905/1267/3075
f 903/1270/3074 905/1267/3075 904/1264/3066
f 904/1264/3066 902/1263/3065 903/1270/3074
f 901/1264/3073 903/1270/3074 902/1263/3065
f 902/1263/3065 869/1258/3064 901/1264/3073
f 900/1265/3072 901/1264/3073 869/1258/3064
f 869/1258/3064 868/1256/3077 900/1265/3072
f 899/1266/3078 900/1265/3072 868/1256/3077
f 868/1256/3077 867/1254/3079 899/1266/3078
f 867/1254/3079 898/1271/3080 899/1266/3078
f 898/1271/3080 867/1254/3079 866/1272/3081
f 866/1272/3081 897/1273/3082 898/1271/3080
f 897/1273/3082 866/1272/3081 865/1274/3083
f 865/1274/3083 885/1275/3084 897/1273/3082
f 864/1276/3085 885/1275/3084 865/1274/3083
f 887/1274/3086 886/1273/3087 896/1275/3088
f 891/1276/3089 887/1274/3086 896/1275/3088
f 891/1276/3089 896/1275/3088 895/1277/3090
f 891/1276/3089 895/1277/3090 894/1278/3091
f 891/1276/3089 894/1278/3091 893/1279/3092
f 893/1279/3092 888/1280/3093 891/1276/3089
f 888/1280/3093 893/1279/3092 892/1281/3094
f 888/1280/3093 892/1281/3094 889/1282/3095
f 887/1274/3086 891/1276/3089 888/1280/3093
f 880/1282/3096 879/1283/3097 890/1284/3098
f 879/1283/3097 889/1282/3095 890/1284/3098
f 879/1283/3097 878/1285/3099 889/1282/3095
f 888/1280/3093 889/1282/3095 878/1285/3099
f 878/1285/3099 876/1286/3100 888/1280/3093
f 887/1274/3086 888/1280/3093 876/1286/3100
f 876/1286/3100 874/1272/3101 887/1274/3086
f 886/1273/3087 887/1274/3086 874/1272/3101
f 874/1272/3101 873/1271/3102 886/1273/3087
f 864/1276/3085 884/1277/3103 885/1275/3084
f 864/1276/3085 883/1278/3104 884/1277/3103
f 864/1276/3085 882/1279/3105 883/1278/3104
f 882/1279/3105 864/1276/3085 863/1280/3106
f 863/1280/3106 881/1281/3107 882/1279/3105
f 863/1280/3106 880/1282/3096 881/1281/3107
f 863/1280/3106 862/1285/3108 880/1282/3096
f 879/1283/3097 880/1282/3096 862/1285/3108
f 862/1285/3108 859/1262/3062 879/1283/3097
f 878/1285/3099 879/1283/3097 859/1262/3062
f 859/1262/3062 877/1261/3061 878/1285/3099
f 876/1286/3100 878/1285/3099 877/1261/3061
f 877/1261/3061 875/1255/3055 876/1286/3100
f 874/1272/3101 876/1286/3100 875/1255/3055
f 875/1255/3055 870/1254/3054 874/1272/3101
f 873/1271/3102 874/1272/3101 870/1254/3054
f 870/1254/3054 871/1266/3068 873/1271/3102
f 872/1256/3056 871/1266/3068 870/1254/3054
f 857/1257/3063 868/1256/3077 869/1258/3064
f 857/1257/3063 860/1255/3109 868/1256/3077
f 867/1254/3079 868/1256/3077 860/1255/3109
f 867/1254/3079 860/1255/3109 866/1272/3081
f 866/1272/3081 860/1255/3109 861/1286/3110
f 861/1286/3110 865/1274/3083 866/1272/3081
f 865/1274/3083 861/1286/3110 863/1280/3106
f 865/1274/3083 863/1280/3106 864/1276/3085
f 859/1262/3062 862/1285/3108 858/1261/3111
f 862/1285/3108 863/1280/3106 861/1286/3110
f 861/1286/3110 858/1261/3111 862/1285/3108
f 858/1261/3111 861/1286/3110 860/1255/3109
f 860/1255/3109 857/1257/3063 858/1261/3111
f 859/1262/3062 858/1261/3111 857/1257/3063
f 792/355/3112 856/319/3113 854/321/3114
f 854/321/3114 855/354/3115 792/355/3112
f 854/321/3114 853/357/3116 855/354/3115
f 853/357/3116 854/321/3114 852/322/3117
f 852/322/3117 851/358/3118 853/357/3116
f 851/358/3118 852/322/3117 850/325/3119
f 850/325/3119 849/360/3120 851/358/3118
f 849/360/3120 850/325/3119 848/327/3121
f 848/327/3121 846/362/3122 849/360/3120
f 846/362/3122 848/327/3121 847/329/3123
f 846/362/3122 847/329/3123 845/327/3124
f 845/327/3124 844/360/3125 846/362/3122
f 844/360/3125 845/327/3124 843/325/3126
f 843/325/3126 842/358/3127 844/360/3125
f 842/358/3127 843/325/3126 841/322/3128
f 841/322/3128 840/357/3129 842/358/3127
f 840/357/3129 841/322/3128 838/321/3130
f 838/321/3130 839/354/3131 840/357/3129
f 838/321/3130 830/355/3132 839/354/3131
f 830/355/3132 838/321/3130 837/319/3133
f 807/376/3134 836/1287/3135 809/1288/3136
f 836/1287/3135 807/376/3134 829/377/3137
f 829/377/3137 835/1289/3138 836/1287/3135
f 829/377/3137 834/1151/3139 835/1289/3138
f 829/377/3137 833/1152/3140 834/1151/3139
f 829/377/3137 832/1155/3141 833/1152/3140
f 829/377/3137 831/1290/3142 832/1155/3141
f 829/377/3137 830/355/3143 831/1290/3142
f 829/377/3137 827/353/3144 830/355/3143
f 827/353/3144 829/377/3137 828/375/3145
f 827/353/3144 828/375/3145 826/379/3146
f 826/379/3146 825/356/3147 827/353/3144
f 825/356/3147 826/379/3146 806/380/3148
f 806/380/3148 805/359/3149 825/356/3147
f 789/377/3150 824/1289/3151 788/1151/3152
f 789/377/3150 823/1287/3153 824/1289/3151
f 823/1287/3153 789/377/3150 822/376/3154
f 822/376/3154 821/1288/3155 823/1287/3153
f 820/378/3156 821/1288/3155 822/376/3154
f 820/378/3156 819/1291/3157 821/1288/3155
f 819/1291/3157 820/378/3156 818/381/3158
f 818/381/3158 817/1292/3159 819/1291/3157
f 817/1292/3159 818/381/3158 816/383/3160
f 816/383/3160 814/1293/3161 817/1292/3159
f 814/1293/3161 816/383/3160 815/385/3162
f 814/1293/3161 815/385/3162 813/383/3163
f 813/383/3163 812/1292/3164 814/1293/3161
f 812/1292/3164 813/383/3163 811/381/3165
f 811/381/3165 810/1291/3166 812/1292/3164
f 810/1291/3166 811/381/3165 808/378/3167
f 808/378/3167 809/1288/3136 810/1291/3166
f 809/1288/3136 808/378/3167 807/376/3134
f 805/359/3149 806/380/3148 804/382/3168
f 804/382/3168 803/361/3169 805/359/3149
f 803/361/3169 804/382/3168 801/384/3170
f 803/361/3169 801/384/3170 802/363/3171
f 801/384/3170 800/361/3172 802/363/3171
f 800/361/3172 801/384/3170 799/382/3173
f 799/382/3173 798/359/3174 800/361/3172
f 798/359/3174 799/382/3173 797/380/3175
f 797/380/3175 796/356/3176 798/359/3174
f 796/356/3176 797/380/3175 795/379/3177
f 795/379/3177 793/353/3178 796/356/3176
f 793/353/3178 795/379/3177 794/375/3179
f 793/353/3178 794/375/3179 789/377/3150
f 789/377/3150 792/355/3112 793/353/3178
f 789/377/3150 791/1290/3180 792/355/3112
f 789/377/3150 790/1155/3181 791/1290/3180
f 789/377/3150 787/1152/3182 790/1155/3181
f 789/377/3150 788/1151/3152 787/1152/3182
f 786/1113/3183 785/1114/3184 784/1190/2543
f 781/1294/3185 782/1178/3186 783/1180/3187
f 782/1178/3186 781/1294/3185 780/1295/3188
f 753/1296/3189 765/146/3190 779/149/3191
f 756/184/3192 753/1296/3189 779/149/3191
f 756/184/3192 779/149/3191 778/150/3193
f 778/150/3193 777/182/3194 756/184/3192
f 777/182/3194 778/150/3193 757/152/3195
f 757/152/3195 776/181/3196 777/182/3194
f 776/181/3196 757/152/3195 758/1297/3197
f 758/1297/3197 775/178/3198 776/181/3196
f 775/178/3198 758/1297/3197 772/610/3199
f 772/610/3199 773/177/3200 775/178/3198
f 768/1298/3201 769/612/3202 774/609/3203
f 766/1299/3204 767/594/3201 763/592/3205
f 772/610/3199 771/174/3206 773/177/3200
f 771/174/3206 772/610/3199 769/612/3202
f 769/612/3202 770/173/3207 771/174/3206
f 769/612/3202 755/170/3208 770/173/3207
f 769/612/3202 754/1300/3209 755/170/3208
f 769/612/3202 768/1298/3201 754/1300/3209
f 768/1298/3201 753/1296/3189 754/1300/3209
f 753/1296/3189 768/1298/3201 767/594/3201
f 767/594/3201 766/1299/3204 753/1296/3189
f 765/146/3190 753/1296/3189 766/1299/3204
f 766/1299/3204 763/592/3205 765/146/3190
f 764/145/3210 765/146/3190 763/592/3205
f 763/592/3205 762/142/3211 764/145/3210
f 762/142/3211 763/592/3205 760/595/3212
f 760/595/3212 761/141/3213 762/142/3211
f 760/595/3212 759/138/3214 761/141/3213
f 759/138/3214 760/595/3212 758/1297/3197
f 759/138/3214 758/1297/3197 757/152/3195
f 753/1296/3189 756/184/3192 755/170/3208
f 755/170/3208 754/1300/3209 753/1296/3189
f 749/612/3215 748/1298/3216 752/609/3217
f 746/1299/3218 744/592/3219 747/594/3216
f 751/174/3220 728/610/3221 726/177/3222
f 751/174/3220 749/612/3215 728/610/3221
f 749/612/3215 751/174/3220 750/173/3223
f 749/612/3215 750/173/3223 739/170/3224
f 739/170/3224 738/1300/3225 749/612/3215
f 748/1298/3216 749/612/3215 738/1300/3225
f 748/1298/3216 738/1300/3225 736/1296/3226
f 736/1296/3226 747/594/3216 748/1298/3216
f 747/594/3216 736/1296/3226 746/1299/3218
f 737/146/3227 746/1299/3218 736/1296/3226
f 746/1299/3218 737/146/3227 744/592/3219
f 745/145/3228 744/592/3219 737/146/3227
f 744/592/3219 745/145/3228 743/142/3229
f 743/142/3229 741/595/3230 744/592/3219
f 741/595/3230 743/142/3229 742/141/3231
f 741/595/3230 742/141/3231 740/138/3232
f 740/138/3232 729/1297/3233 741/595/3230
f 729/1297/3233 740/138/3232 731/152/3234
f 736/1296/3226 739/170/3224 734/184/3235
f 739/170/3224 736/1296/3226 738/1300/3225
f 736/1296/3226 735/149/3236 737/146/3227
f 735/149/3236 736/1296/3226 734/184/3235
f 734/184/3235 733/150/3237 735/149/3236
f 733/150/3237 734/184/3235 732/182/3238
f 732/182/3238 731/152/3234 733/150/3237
f 731/152/3234 732/182/3238 730/181/3239
f 730/181/3239 729/1297/3233 731/152/3234
f 729/1297/3233 730/181/3239 727/178/3240
f 727/178/3240 728/610/3221 729/1297/3233
f 728/610/3221 727/178/3240 726/177/3222
f 724/982/3241 723/984/3242 725/983/3243
f 717/981/3244 716/980/3245 724/982/3241
f 723/984/3242 724/982/3241 716/980/3245
f 716/980/3245 722/989/3246 723/984/3242
f 722/989/3246 716/980/3245 714/978/3247
f 714/978/3247 721/988/3248 722/989/3246
f 721/988/3248 714/978/3247 713/975/3249
f 713/975/3249 720/987/3250 721/988/3248
f 713/975/3249 719/985/3251 720/987/3250
f 719/985/3251 713/975/3249 711/976/3252
f 719/985/3251 711/976/3252 718/986/3253
f 716/980/3245 717/981/3244 715/979/3254
f 715/979/3254 714/978/3247 716/980/3245
f 714/978/3247 715/979/3254 712/977/3255
f 712/977/3255 713/975/3249 714/978/3247
f 713/975/3249 712/977/3255 711/976/3252
f 709/1301/3256 707/1181/3257 710/1182/3258
f 707/1181/3257 709/1301/3256 708/1302/3259
f 706/1301/3260 707/1181/3257 708/1302/3259
f 707/1181/3257 706/1301/3260 705/1182/3260
f 703/1303/3261 704/1057/3262 701/1304/3263
f 704/1057/3262 703/1303/3261 702/1062/3264
f 701/1304/3265 700/1057/3266 692/1305/3267
f 697/1061/3268 692/1305/3267 699/1057/3269
f 697/1061/3268 698/1057/3270 691/1305/3271
f 691/1305/3271 696/1306/3272 697/1061/3268
f 692/1305/3267 697/1061/3268 696/1306/3272
f 692/1305/3267 696/1306/3272 695/1307/3273
f 692/1305/3267 695/1307/3273 694/1308/3274
f 691/1305/3271 695/1307/3273 696/1306/3272
f 691/1305/3271 694/1308/3274 695/1307/3273
f 694/1308/3274 691/1305/3271 693/1309/3275
f 694/1308/3274 693/1309/3275 692/1305/3267
f 691/1305/3276 690/1057/3277 686/1304/3278
f 687/1303/3279 688/1057/3280 689/1062/3281
f 688/1057/3280 687/1303/3279 686/1304/3282
f 683/1189/3283 684/1310/3284 685/1190/3285
f 684/1310/3284 683/1189/3283 682/1311/3286
f 679/1312/3287 680/1115/3288 681/1313/3289
f 680/1115/3288 679/1312/3287 678/1118/3290
f 675/1294/3291 676/1178/3292 677/1295/3292
f 676/1178/3292 675/1294/3291 674/1180/3293
f 671/1189/3294 672/1310/3295 673/1311/3296
f 672/1310/3295 671/1189/3294 670/1190/3297
f 667/1312/3298 668/1115/3299 669/1118/3300
f 668/1115/3299 667/1312/3298 666/1313/3301
f 656/250/3302 658/249/3303 665/251/3304
f 639/248/3305 664/252/3306 641/247/3307
f 664/252/3306 639/248/3305 663/253/3308
f 663/253/3308 660/254/3309 664/252/3306
f 660/254/3309 663/253/3308 662/255/3310
f 660/254/3309 662/255/3310 661/256/3311
f 660/254/3309 661/256/3311 659/257/3312
f 659/257/3312 657/258/3313 660/254/3309
f 657/258/3313 659/257/3312 658/249/3303
f 658/249/3303 656/250/3302 657/258/3313
f 656/250/3302 655/259/3314 657/258/3313
f 655/259/3314 656/250/3302 653/260/3315
f 653/260/3315 654/261/3316 655/259/3314
f 653/260/3315 651/262/3317 654/261/3316
f 651/262/3317 653/260/3315 652/263/3318
f 651/262/3317 652/263/3318 650/264/3319
f 650/264/3319 647/265/3320 651/262/3317
f 647/265/3320 650/264/3319 649/266/3321
f 649/266/3321 648/267/3322 647/265/3320
f 645/241/3323 646/243/3324 640/242/3325
f 640/242/3325 644/244/3326 645/241/3323
f 640/242/3325 643/245/3327 644/244/3326
f 640/242/3325 642/246/3328 643/245/3327
f 640/242/3325 641/247/3307 642/246/3328
f 641/247/3307 640/242/3325 639/248/3305
f 631/1314/3329 637/1315/3330 638/1316/3331
f 637/1315/3330 631/1314/3329 633/1317/3332
f 633/1317/3332 636/1318/3333 637/1315/3330
f 636/1318/3333 633/1317/3332 635/1319/3334
f 634/1318/3335 635/1319/3334 633/1317/3332
f 633/1317/3332 632/1315/3336 634/1318/3335
f 632/1315/3336 633/1317/3332 631/1314/3329
f 632/1315/3336 631/1314/3329 630/1316/3337
f 628/1320/3338 629/1321/3339 627/1322/3340
f 627/1322/3340 626/1323/3341 628/1320/3338
f 626/1323/3341 627/1322/3340 625/1324/3342
f 626/1323/3341 625/1324/3342 624/1325/3343
f 622/1321/3344 623/1320/3345 619/1323/3346
f 619/1323/3346 621/1322/3347 622/1321/3344
f 619/1323/3346 620/1324/3348 621/1322/3347
f 620/1324/3348 619/1323/3346 618/1325/3349
f 616/1326/3350 617/1327/3351 613/1328/3352
f 613/1328/3352 615/1329/3353 616/1326/3350
f 613/1328/3352 614/1330/3354 615/1329/3353
f 614/1330/3354 613/1328/3352 612/1331/3355
f 610/1332/3356 611/1333/3357 609/1334/3341
f 609/1334/3341 608/1335/3358 610/1332/3356
f 608/1335/3358 609/1334/3341 607/1336/3359
f 608/1335/3358 607/1336/3359 606/1337/3356
f 597/975/3360 600/976/3361 605/977/3362
f 605/977/3362 595/978/3363 597/975/3360
f 595/978/3363 605/977/3362 604/979/3364
f 604/979/3364 593/980/3365 595/978/3363
f 593/980/3365 604/979/3364 603/981/3366
f 603/981/3366 590/982/3367 593/980/3365
f 590/982/3367 603/981/3366 589/1338/3368
f 588/1339/3369 602/1340/2239 591/983/3370
f 600/976/3361 599/985/3371 601/986/3372
f 599/985/3371 600/976/3361 597/975/3360
f 597/975/3360 598/987/2235 599/985/3371
f 597/975/3360 596/988/3373 598/987/2235
f 596/988/3373 597/975/3360 595/978/3363
f 595/978/3363 594/989/3374 596/988/3373
f 594/989/3374 595/978/3363 593/980/3365
f 593/980/3365 592/984/3375 594/989/3374
f 592/984/3375 593/980/3365 590/982/3367
f 590/982/3367 591/983/3370 592/984/3375
f 591/983/3370 590/982/3367 588/1339/3369
f 590/982/3367 589/1338/3368 588/1339/3369
f 579/310/3376 580/309/3377 587/311/3378
f 585/301/3379 570/316/3380 586/317/908
f 570/316/3380 585/301/3379 572/302/3381
f 584/300/3382 572/302/3381 585/301/3379
f 572/302/3381 584/300/3382 583/303/3383
f 583/303/3383 573/304/3384 572/302/3381
f 573/304/3384 583/303/3383 582/305/3385
f 582/305/3385 575/306/3386 573/304/3384
f 575/306/3386 582/305/3385 581/307/3387
f 581/307/3387 577/308/3388 575/306/3386
f 577/308/3388 581/307/3387 580/309/3377
f 579/310/3376 577/308/3388 580/309/3377
f 577/308/3388 579/310/3376 578/312/2931
f 577/308/3388 578/312/2931 576/313/3389
f 576/313/3389 575/306/3386 577/308/3388
f 575/306/3386 576/313/3389 574/314/3390
f 574/314/3390 573/304/3384 575/306/3386
f 573/304/3384 574/314/3390 571/315/3391
f 571/315/3391 572/302/3381 573/304/3384
f 572/302/3381 571/315/3391 570/316/3380
f 568/1332/3392 567/1334/3393 569/1333/3394
f 567/1334/3393 568/1332/3392 565/1335/3395
f 565/1335/3395 566/1336/3396 567/1334/3393
f 566/1336/3396 565/1335/3395 564/1337/3397
f 562/1341/3398 563/1316/3399 559/1315/3400
f 559/1315/3400 561/1342/3401 562/1341/3398
f 559/1315/3400 560/1343/3402 561/1342/3401
f 560/1343/3402 559/1315/3400 558/1318/3403
f 556/1343/3404 557/1318/3405 553/1315/3406
f 553/1315/3406 555/1342/3407 556/1343/3404
f 553/1315/3406 554/1341/3408 555/1342/3407
f 554/1341/3408 553/1315/3406 552/1316/3409
f 550/1330/3410 551/1331/3411 547/1328/3412
f 547/1328/3412 549/1329/3413 550/1330/3410
f 547/1328/3412 548/1326/3414 549/1329/3413
f 548/1326/3414 547/1328/3412 546/1327/3415
f 544/297/3416 542/243/3417 545/241/3418
f 542/243/3417 544/297/3416 543/296/3419
f 542/243/3417 543/296/3419 541/295/3420
f 541/295/3420 540/242/3421 542/243/3417
f 540/242/3421 541/295/3420 539/294/3422
f 539/294/3422 538/248/3423 540/242/3421
f 538/248/3423 539/294/3422 537/293/3424
f 537/293/3424 536/253/3425 538/248/3423
f 536/253/3425 537/293/3424 534/292/3426
f 536/253/3425 534/292/3426 535/255/3426
f 534/292/3426 533/256/3427 535/255/3426
f 533/256/3427 534/292/3426 532/291/3428
f 532/291/3428 531/257/3429 533/256/3427
f 531/257/3429 532/291/3428 530/290/3430
f 530/290/3430 529/249/3431 531/257/3429
f 529/249/3431 530/290/3430 528/289/3432
f 528/289/3432 527/251/3433 529/249/3431
f 527/251/3433 528/289/3432 526/288/3434
f 526/288/3434 525/250/3435 527/251/3433
f 525/250/3435 526/288/3434 524/287/3436
f 524/287/3436 522/260/3437 525/250/3435
f 522/260/3437 524/287/3436 523/286/3438
f 522/260/3437 523/286/3438 521/285/3439
f 521/285/3439 520/263/3440 522/260/3437
f 520/263/3440 521/285/3439 517/283/3441
f 517/283/3441 519/264/3442 520/263/3440
f 517/283/3441 518/266/3443 519/264/3442
f 518/266/3443 517/283/3441 516/284/3443
f 514/1337/3444 512/1344/3445 515/1345/3296
f 512/1344/3445 514/1337/3444 513/1346/3446
f 512/1344/3445 513/1346/3446 509/1347/3447
f 509/1347/3447 511/1348/3448 512/1344/3445
f 509/1347/3447 510/1349/3449 511/1348/3448
f 510/1349/3449 509/1347/3447 508/1350/3450
f 506/1337/3451 507/1345/3286 504/1344/3452
f 504/1344/3452 505/1346/3453 506/1337/3451
f 504/1344/3452 502/1347/3454 505/1346/3453
f 502/1347/3454 504/1344/3452 503/1348/3455
f 502/1347/3454 503/1348/3455 501/1349/3260
f 502/1347/3454 501/1349/3260 500/1350/3456
f 498/1294/3457 499/1295/3265 494/1351/3458
f 494/1351/3458 497/1352/3459 498/1294/3457
f 494/1351/3458 496/1353/3460 497/1352/3459
f 494/1351/3458 495/1354/3461 496/1353/3460
f 494/1351/3458 492/1355/3462 495/1354/3461
f 492/1355/3462 494/1351/3458 493/1356/3275
f 492/1355/3462 493/1356/3275 487/1357/3463
f 487/1357/3463 491/1354/3464 492/1355/3462
f 487/1357/3463 490/1353/3465 491/1354/3464
f 487/1357/3463 489/1352/3466 490/1353/3465
f 487/1357/3463 488/1294/3467 489/1352/3466
f 488/1294/3467 487/1357/3463 486/1295/3468
f 477/1358/3469 485/1359/3459 475/1360/3470
f 477/1358/3469 484/1361/3471 485/1359/3459
f 484/1361/3471 477/1358/3469 479/1362/3472
f 479/1362/3472 483/1363/3473 484/1361/3471
f 479/1362/3472 482/1332/3474 483/1363/3473
f 479/1362/3472 481/1335/3475 482/1332/3474
f 479/1362/3472 480/1337/3476 481/1335/3475
f 479/1362/3472 478/1346/3477 480/1337/3476
f 478/1346/3477 479/1362/3472 477/1358/3469
f 477/1358/3469 476/1347/3478 478/1346/3477
f 475/1360/3470 476/1347/3478 477/1358/3469
f 476/1347/3478 475/1360/3470 474/1350/3479
f 442/1364/3480 472/1365/3481 444/1366/3482
f 472/1365/3481 442/1364/3480 473/1367/3483
f 472/1365/3481 473/1367/3483 471/1364/3484
f 471/1364/3484 470/1366/3485 472/1365/3481
f 470/1366/3485 471/1364/3484 469/1368/3486
f 469/1368/3486 468/1369/3487 470/1366/3485
f 468/1369/3487 469/1368/3486 467/1370/3488
f 467/1370/3488 466/1371/3489 468/1369/3487
f 466/1371/3489 467/1370/3488 464/1372/3490
f 464/1372/3490 465/1373/3491 466/1371/3489
f 464/1372/3490 462/1374/3492 465/1373/3491
f 462/1374/3492 464/1372/3490 463/1375/3493
f 462/1374/3492 463/1375/3493 461/1376/3494
f 461/1376/3494 460/1377/3495 462/1374/3492
f 460/1377/3495 461/1376/3494 459/1378/3496
f 459/1378/3496 458/1379/3497 460/1377/3495
f 458/1379/3497 459/1378/3496 456/1380/3498
f 458/1379/3497 456/1380/3498 457/1381/3499
f 456/1380/3498 455/1379/3500 457/1381/3499
f 455/1379/3500 456/1380/3498 454/1378/3501
f 454/1378/3501 453/1377/3502 455/1379/3500
f 453/1377/3502 454/1378/3501 452/1376/3503
f 452/1376/3503 450/1374/3504 453/1377/3502
f 450/1374/3504 452/1376/3503 451/1375/3505
f 450/1374/3504 451/1375/3505 448/1372/3506
f 448/1372/3506 449/1373/3507 450/1374/3504
f 448/1372/3506 447/1371/3508 449/1373/3507
f 447/1371/3508 448/1372/3506 446/1370/3509
f 446/1370/3509 445/1369/3510 447/1371/3508
f 445/1369/3510 446/1370/3509 443/1368/3511
f 443/1368/3511 444/1366/3482 445/1369/3510
f 444/1366/3482 443/1368/3511 442/1364/3480
f 433/1358/3512 441/1346/3513 431/1347/3514
f 441/1346/3513 433/1358/3512 436/1362/3515
f 436/1362/3515 440/1337/3516 441/1346/3513
f 436/1362/3515 439/1335/3517 440/1337/3516
f 436/1362/3515 438/1332/3518 439/1335/3517
f 436/1362/3515 437/1363/3519 438/1332/3518
f 436/1362/3515 435/1361/3520 437/1363/3519
f 435/1361/3520 436/1362/3515 433/1358/3512
f 433/1358/3512 434/1359/3466 435/1361/3520
f 433/1358/3512 432/1360/3521 434/1359/3466
f 432/1360/3521 433/1358/3512 431/1347/3514
f 432/1360/3521 431/1347/3514 430/1350/3522
f 427/964/3523 428/1382/3524 429/1383/3525
f 428/1382/3524 427/964/3523 426/963/3526
f 423/964/3527 424/1382/3528 425/963/3529
f 424/1382/3528 423/964/3527 422/1383/3530
f 421/1384/3531 417/1385/3532 419/1386/3533
f 417/1385/3532 421/1384/3531 416/1387/3534
f 416/1387/3534 412/1385/3535 414/1388/3536
f 412/1385/3535 416/1387/3534 421/1384/3531
f 421/1384/3531 409/1386/3537 412/1385/3535
f 409/1386/3537 421/1384/3531 407/1389/3538
f 419/1386/3533 407/1389/3538 421/1384/3531
f 406/1390/3539 407/1389/3538 419/1386/3533
f 419/1386/3533 420/1391/3540 406/1390/3539
f 419/1386/3533 418/1392/3541 420/1391/3540
f 418/1392/3541 419/1386/3533 417/1385/3532
f 417/1385/3532 404/1393/3542 418/1392/3541
f 404/1393/3542 417/1385/3532 403/1388/3543
f 416/1387/3534 403/1388/3543 417/1385/3532
f 403/1388/3543 416/1387/3534 402/1394/3544
f 414/1388/3536 402/1394/3544 416/1387/3534
f 414/1388/3536 415/1395/3545 402/1394/3544
f 414/1388/3536 413/1393/3546 415/1395/3545
f 413/1393/3546 414/1388/3536 412/1385/3535
f 412/1385/3535 411/1392/3547 413/1393/3546
f 411/1392/3547 412/1385/3535 409/1386/3537
f 409/1386/3537 410/1391/3548 411/1392/3547
f 409/1386/3537 408/1390/3549 410/1391/3548
f 408/1390/3549 409/1386/3537 407/1389/3538
f 408/1390/3549 407/1389/3538 405/1396/3550
f 407/1389/3538 406/1390/3539 405/1396/3550
f 403/1388/3543 401/1395/3551 404/1393/3542
f 403/1388/3543 402/1394/3544 401/1395/3551
f 399/964/3552 398/1397/3553 400/1383/3554
f 398/1397/3553 399/964/3552 397/962/3555
f 397/962/3555 396/1398/3556 398/1397/3553
f 396/1398/3556 397/962/3555 395/966/3557
f 395/966/3557 394/1399/3558 396/1398/3556
f 394/1399/3558 395/966/3557 393/968/3559
f 393/968/3559 392/1400/3560 394/1399/3558
f 392/1400/3560 393/968/3559 391/970/3561
f 391/970/3561 389/1401/3562 392/1400/3560
f 389/1401/3562 391/970/3561 390/972/3563
f 389/1401/3562 390/972/3563 388/970/3564
f 388/970/3564 387/1400/3565 389/1401/3562
f 387/1400/3565 388/970/3564 386/968/3566
f 386/968/3566 385/1399/3567 387/1400/3565
f 385/1399/3567 386/968/3566 384/966/3568
f 384/966/3568 383/1398/3569 385/1399/3567
f 383/1398/3569 384/966/3568 382/962/3570
f 382/962/3570 381/1397/3571 383/1398/3569
f 381/1397/3571 382/962/3570 380/964/3572
f 381/1397/3571 380/964/3572 379/1383/3573
f 376/1397/3574 377/1382/3575 378/1383/3576
f 376/1397/3574 375/1402/3577 377/1382/3575
f 375/1402/3577 376/1397/3574 374/1398/3578
f 374/1398/3578 373/1403/3579 375/1402/3577
f 373/1403/3579 374/1398/3578 372/1399/3580
f 372/1399/3580 371/1404/3581 373/1403/3579
f 371/1404/3581 372/1399/3580 370/1400/3582
f 370/1400/3582 369/1405/3583 371/1404/3581
f 369/1405/3583 370/1400/3582 367/1401/3584
f 367/1401/3584 368/1406/3585 369/1405/3583
f 367/1401/3584 366/1405/3586 368/1406/3585
f 366/1405/3586 367/1401/3584 365/1400/3587
f 365/1400/3587 364/1404/3588 366/1405/3586
f 364/1404/3588 365/1400/3587 363/1399/3589
f 363/1399/3589 362/1403/3590 364/1404/3588
f 362/1403/3590 363/1399/3589 361/1398/3591
f 361/1398/3591 360/1402/3592 362/1403/3590
f 360/1402/3592 361/1398/3591 358/1397/3593
f 358/1397/3593 359/1382/3594 360/1402/3592
f 359/1382/3594 358/1397/3593 357/1383/3595
f 351/186/3596 354/185/3597 356/189/3598
f 353/105/3599 355/106/3600 354/185/3597
f 354/185/3597 351/186/3596 353/105/3599
f 351/186/3596 352/187/3601 353/105/3599
f 352/187/3601 351/186/3596 350/188/3602
f 348/1382/3603 346/965/3604 349/963/3605
f 346/965/3604 348/1382/3603 347/1402/3606
f 346/965/3604 347/1402/3606 345/1403/3607
f 345/1403/3607 344/967/3608 346/965/3604
f 344/967/3608 345/1403/3607 343/1404/3609
f 343/1404/3609 342/969/3610 344/967/3608
f 342/969/3610 343/1404/3609 341/1405/3611
f 341/1405/3611 340/971/3612 342/969/3610
f 340/971/3612 341/1405/3611 338/1406/3613
f 338/1406/3613 339/973/3614 340/971/3612
f 338/1406/3613 337/971/3615 339/973/3614
f 337/971/3615 338/1406/3613 336/1405/3616
f 336/1405/3616 335/969/3617 337/971/3615
f 335/969/3617 336/1405/3616 334/1404/3618
f 334/1404/3618 333/967/3619 335/969/3617
f 333/967/3619 334/1404/3618 332/1403/3620
f 332/1403/3620 328/965/3621 333/967/3619
f 328/965/3621 332/1403/3620 331/1402/3622
f 328/965/3621 331/1402/3622 330/1382/3623
f 330/1382/3623 329/963/3624 328/965/3621
f 321/992/3625 327/993/439 326/994/3626
f 326/994/3626 322/995/3627 321/992/3625
f 322/995/3627 326/994/3626 325/996/3628
f 322/995/3627 325/996/3628 324/997/3629
f 322/995/3627 324/997/3629 323/998/3630
f 322/995/3627 323/998/3630 320/238/3631
f 320/238/3631 321/992/3625 322/995/3627
f 321/992/3625 320/238/3631 319/999/3632
f 318/490/3633 317/1407/3633 316/1065/3633
f 315/725/3634 312/720/3635 314/721/3636
f 311/724/3637 312/720/3635 313/725/3638
f 307/722/3639 309/719/3640 312/720/3635
f 312/720/3635 311/724/3637 307/722/3639
f 306/727/3641 307/722/3639 311/724/3637
f 311/724/3637 310/728/3642 306/727/3641
f 307/722/3639 308/723/3643 309/719/3640
f 307/722/3639 305/726/3644 308/723/3643
f 307/722/3639 306/727/3641 305/726/3644
f 304/1065/3645 303/489/3645 302/490/3646
f 297/1153/3647 301/1408/895 300/1157/3648
f 299/1158/3649 298/1409/895 297/1153/3647
f 295/876/3650 97/1410/3651 296/877/3652
f 97/1410/3651 295/876/3650 103/879/3653
f 289/186/3654 292/185/3655 294/189/3656
f 291/105/3657 293/106/3658 292/185/3655
f 292/185/3655 289/186/3654 291/105/3657
f 289/186/3654 290/187/3659 291/105/3657
f 290/187/3659 289/186/3654 288/188/3660
f 284/974/3661 287/961/3662 286/960/3663
f 286/960/3663 285/959/3664 284/974/3661
f 280/1014/3665 283/1008/3666 282/1007/3667
f 282/1007/3667 281/1006/3668 280/1014/3665
f 276/1318/3669 279/1343/3670 278/1411/3671
f 278/1411/3671 277/1412/3672 276/1318/3669
f 275/336/3673 274/1413/895 273/343/3674
f 271/1062/3675 272/1303/3676 269/1414/3677
f 269/1414/3677 270/1064/3678 271/1062/3675
f 270/1064/3678 269/1414/3677 267/1062/3679
f 269/1414/3677 268/1303/2834 267/1062/3679
f 263/1318/3680 266/1412/3681 265/1411/3682
f 265/1411/3682 264/1343/3683 263/1318/3680
f 262/341/3684 261/1415/895 260/339/3685
f 256/1416/3686 259/1417/3290 254/1418/3687
f 256/1416/3686 257/1419/3688 258/1417/3689
f 257/1419/3688 256/1416/3686 249/1420/3690
f 248/1421/3691 249/1420/3690 256/1416/3686
f 256/1416/3686 255/1422/3692 248/1421/3691
f 254/1418/3687 255/1422/3692 256/1416/3686
f 255/1422/3692 254/1418/3687 253/1423/3693
f 251/1419/3694 250/1424/3695 252/1425/3696
f 250/1424/3695 251/1419/3694 249/1420/3690
f 249/1420/3690 247/1426/3697 250/1424/3695
f 249/1420/3690 248/1421/3691 247/1426/3697
f 246/513/3698 245/453/3698 244/516/3698
f 242/1419/3699 233/1416/3700 243/1417/3701
f 233/1416/3700 242/1419/3699 240/1420/3702
f 232/1421/3703 233/1416/3700 240/1420/3702
f 240/1420/3702 241/1426/3459 232/1421/3703
f 240/1420/3702 237/1424/3704 241/1426/3459
f 237/1424/3704 240/1420/3702 239/1419/3705
f 239/1419/3705 238/1425/3706 237/1424/3704
f 231/1422/3707 236/1423/3708 234/1418/3709
f 233/1416/3700 234/1418/3709 235/1417/3300
f 234/1418/3709 233/1416/3700 231/1422/3707
f 233/1416/3700 232/1421/3703 231/1422/3707
f 222/1427/3710 230/1417/3711 225/1419/3712
f 223/1344/3713 224/1428/3714 228/1348/3715
f 228/1348/3715 227/1429/3716 229/1349/3717
f 227/1429/3716 228/1348/3715 224/1428/3714
f 224/1428/3714 226/1425/3718 227/1429/3716
f 224/1428/3714 225/1419/3712 226/1425/3718
f 225/1419/3712 224/1428/3714 222/1427/3710
f 224/1428/3714 223/1344/3713 222/1427/3710
f 213/1419/3719 221/1417/3720 216/1427/3721
f 214/1425/3722 215/1428/3723 219/1429/2830
f 219/1429/2830 218/1348/3724 220/1349/3725
f 218/1348/3724 219/1429/2830 215/1428/3723
f 215/1428/3723 217/1344/3726 218/1348/3724
f 215/1428/3723 216/1427/3721 217/1344/3726
f 216/1427/3721 215/1428/3723 213/1419/3719
f 215/1428/3723 214/1425/3722 213/1419/3719
f 211/1430/3727 210/1193/3728 212/1192/3729
f 210/1193/3728 211/1430/3727 209/1431/3730
f 209/1431/3730 208/1195/3731 210/1193/3728
f 208/1195/3731 209/1431/3730 207/1432/3732
f 207/1432/3732 206/1196/3733 208/1195/3731
f 206/1196/3733 207/1432/3732 205/1433/3734
f 205/1433/3734 201/1194/3735 206/1196/3733
f 201/1194/3735 205/1433/3734 204/1434/3736
f 203/1435/3737 201/1194/3735 204/1434/3736
f 203/1435/3737 202/1434/3738 201/1194/3735
f 202/1434/3738 200/1433/3739 201/1194/3735
f 200/1433/3739 199/1196/3740 201/1194/3735
f 199/1196/3740 200/1433/3739 198/1432/3741
f 198/1432/3741 197/1195/3742 199/1196/3740
f 197/1195/3742 198/1432/3741 196/1431/3743
f 196/1431/3743 193/1193/3744 197/1195/3742
f 193/1193/3744 196/1431/3743 195/1430/3745
f 195/1430/3745 194/1192/3746 193/1193/3744
f 184/1436/3747 191/1342/3748 192/1341/3749
f 191/1342/3748 184/1436/3747 185/1437/3750
f 185/1437/3750 190/1343/3751 191/1342/3748
f 190/1343/3751 185/1437/3750 189/1438/3752
f 185/1437/3750 188/1343/3753 189/1438/3752
f 185/1437/3750 186/1342/3754 188/1343/3753
f 184/1436/3747 187/1341/3755 186/1342/3754
f 186/1342/3754 185/1437/3750 184/1436/3747
f 180/1439/3756 183/1440/3757 182/823/3756
f 182/823/3756 181/821/3756 180/1439/3756
f 178/1439/3758 176/824/3759 179/821/3760
f 176/824/3759 178/1439/3758 177/1441/3761
f 176/824/3759 177/1441/3761 174/1442/3762
f 174/1442/3762 175/618/3763 176/824/3759
f 174/1442/3762 172/617/3764 175/618/3763
f 172/617/3764 174/1442/3762 173/1443/3765
f 172/617/3764 173/1443/3765 170/1442/3766
f 170/1442/3766 171/618/3767 172/617/3764
f 170/1442/3766 166/824/3768 171/618/3767
f 166/824/3768 170/1442/3766 169/1441/3769
f 166/824/3768 169/1441/3769 168/1439/3770
f 168/1439/3770 167/821/3771 166/824/3768
f 165/490/3772 164/489/3772 163/1065/3772
f 161/905/3773 162/1444/3774 160/1445/3775
f 160/1445/3775 159/904/3776 161/905/3773
f 159/904/3776 160/1445/3775 158/1446/3777
f 158/1446/3777 157/907/3778 159/904/3776
f 157/907/3778 158/1446/3777 156/1447/3779
f 156/1447/3779 155/925/3780 157/907/3778
f 155/925/3780 156/1447/3779 154/1448/3781
f 155/925/3780 154/1448/3781 151/916/3782
f 151/916/3782 154/1448/3781 153/1449/3783
f 153/1449/3783 152/915/3784 151/916/3782
f 150/1065/3785 149/1407/3785 148/490/3785
f 147/1157/3786 146/1408/883 145/1153/3787
f 145/1153/3787 144/1409/883 143/1158/3788
f 140/1450/3789 141/1451/3790 142/1452/3791
f 140/1450/3789 138/1453/3792 141/1451/3790
f 138/1453/3792 140/1450/3789 139/1454/3793
f 139/1454/3793 137/1455/3794 138/1453/3792
f 135/1456/3795 138/1453/3792 137/1455/3794
f 137/1455/3794 136/1457/3796 135/1456/3795
f 133/528/3797 132/1458/3798 134/1459/3799
f 132/1458/3798 133/528/3797 131/1124/3800
f 131/1124/3800 129/1460/3801 132/1458/3798
f 129/1460/3801 131/1124/3800 130/834/3802
f 130/834/3802 127/1461/1123 129/1460/3801
f 128/1462/3803 129/1460/3801 127/1461/1123
f 127/1461/1123 126/1463/3804 128/1462/3803
f 126/1463/3804 127/1461/1123 124/1464/3805
f 124/1464/3805 125/1465/3806 126/1463/3804
f 125/1465/3806 124/1464/3805 114/583/3807
f 122/1466/3808 121/372/3809 123/373/3810
f 122/1466/3808 123/373/3810 117/372/3811
f 117/372/3811 115/1467/3812 122/1466/3808
f 121/372/3809 122/1466/3808 115/1467/3812
f 121/372/3809 115/1467/3812 119/1120/3813
f 119/1120/3813 120/370/3814 121/372/3809
f 119/1120/3813 109/368/3815 120/370/3814
f 109/368/3815 119/1120/3813 108/1002/3816
f 102/368/3817 104/1002/3818 116/1120/3819
f 116/1120/3819 118/370/3820 102/368/3817
f 116/1120/3819 117/372/3811 118/370/3820
f 117/372/3811 116/1120/3819 115/1467/3812
f 103/879/3653 114/583/3821 105/581/3822
f 112/1468/3823 95/1410/3824 113/877/3825
f 111/366/3826 95/1410/3824 112/1468/3823
f 95/1410/3824 111/366/3826 110/364/3827
f 110/364/3827 109/368/3815 95/1410/3824
f 93/879/3828 95/1410/3824 109/368/3815
f 109/368/3815 108/1002/3816 93/879/3828
f 92/581/3829 93/879/3828 108/1002/3816
f 92/581/3829 108/1002/3816 106/1469/3830
f 106/1469/3830 107/1470/3831 92/581/3829
f 106/1469/3830 105/581/3822 107/1470/3831
f 105/581/3822 106/1469/3830 104/1002/3818
f 105/581/3822 104/1002/3818 103/879/3653
f 102/368/3817 103/879/3653 104/1002/3818
f 103/879/3653 102/368/3817 97/1410/3651
f 101/364/3832 97/1410/3651 102/368/3817
f 97/1410/3651 101/364/3832 100/366/3833
f 100/366/3833 99/1468/3834 97/1410/3651
f 99/1468/3834 98/877/3835 97/1410/3651
f 94/876/3836 96/877/3837 95/1410/3824
f 95/1410/3824 93/879/3828 94/876/3836
f 93/879/3828 92/581/3829 91/583/3838
f 90/1465/3839 91/583/3838 89/1464/1023
f 89/1464/1023 88/1463/3840 90/1465/3839
f 88/1463/3840 89/1464/1023 86/1461/3841
f 86/1461/3841 87/1462/3842 88/1463/3840
f 87/1462/3842 86/1461/3841 84/1460/3843
f 85/834/3844 84/1460/3843 86/1461/3841
f 84/1460/3843 85/834/3844 83/1124/3845
f 83/1124/3845 80/1458/3846 84/1460/3843
f 80/1458/3846 83/1124/3845 82/528/3847
f 82/528/3847 81/1459/3848 80/1458/3846
f 54/1471/3849 79/1219/3850 56/1218/3851
f 79/1219/3850 54/1471/3849 78/1472/3852
f 78/1472/3852 76/1220/3853 79/1219/3850
f 76/1220/3853 78/1472/3852 77/1473/3854
f 76/1220/3853 77/1473/3854 74/1474/3855
f 74/1474/3855 75/1222/3856 76/1220/3853
f 74/1474/3855 72/1220/3857 75/1222/3856
f 72/1220/3857 74/1474/3855 73/1473/3858
f 72/1220/3857 73/1473/3858 71/1472/3859
f 71/1472/3859 70/1219/3860 72/1220/3857
f 70/1219/3860 71/1472/3859 69/1471/3861
f 69/1471/3861 68/1218/3862 70/1219/3860
f 68/1218/3862 69/1471/3861 67/1475/3863
f 67/1475/3863 66/1217/3864 68/1218/3862
f 66/1217/3864 67/1475/3863 65/1476/3865
f 65/1476/3865 62/1214/3866 66/1217/3864
f 62/1214/3866 65/1476/3865 64/883/3867
f 64/883/3867 63/882/3868 62/1214/3866
f 59/1214/3869 61/882/3870 60/883/3871
f 60/883/3871 58/1476/3872 59/1214/3869
f 58/1476/3872 57/1217/3873 59/1214/3869
f 57/1217/3873 58/1476/3872 55/1475/3874
f 55/1475/3874 56/1218/3851 57/1217/3873
f 56/1218/3851 55/1475/3874 54/1471/3849
f 52/1407/3875 51/1066/3876 53/1065/3877
f 51/1066/3876 52/1407/3875 50/1477/3878
f 50/1477/3878 46/1067/3879 51/1066/3876
f 46/1067/3879 50/1477/3878 49/1478/3880
f 49/1478/3880 48/1479/3881 46/1067/3879
f 48/1479/3881 47/1068/3882 46/1067/3879
f 42/517/3883 45/516/3884 44/453/3885
f 44/453/3885 43/445/3886 42/517/3883
f 38/1439/3887 41/821/3888 40/823/3889
f 40/823/3889 39/1440/3890 38/1439/3887
f 35/916/3891 37/915/3892 36/1449/3893
f 36/1449/3893 34/1448/3894 35/916/3891
f 34/1448/3894 33/925/3895 35/916/3891
f 33/925/3895 34/1448/3894 32/1447/3896
f 32/1447/3896 31/907/3897 33/925/3895
f 31/907/3897 32/1447/3896 30/1446/3898
f 30/1446/3898 29/904/3899 31/907/3897
f 29/904/3899 30/1446/3898 27/1445/3900
f 27/1445/3900 28/905/3901 29/904/3899
f 28/905/3901 27/1445/3900 26/1444/3902
f 25/343/3903 24/1413/883 23/336/3904
f 21/1456/3905 22/1457/3906 20/1455/3907
f 20/1455/3907 18/1453/3908 21/1456/3905
f 19/1454/3909 18/1453/3908 20/1455/3907
f 18/1453/3908 19/1454/3909 16/1450/3910
f 16/1450/3910 17/1451/3911 18/1453/3908
f 17/1451/3911 16/1450/3910 15/1452/3912
f 14/339/3913 13/1415/883 12/341/3914
f 10/1407/3915 11/1065/3916 9/1066/3917
f 9/1066/3917 8/1477/3918 10/1407/3915
f 8/1477/3918 9/1066/3917 6/1067/3919
f 6/1067/3919 7/1478/3920 8/1477/3918
f 7/1478/3920 6/1067/3919 4/1479/3921
f 6/1067/3919 5/1068/3922 4/1479/3921
f 3/513/3923 2/516/3923 1/453/3923
usemtl rc_predmobile_back
f 9499/1480/3924 9498/1481/3924 9497/1482/3924
f 9496/1483/3925 9495/1484/3925 9494/1485/3925
f 9493/1484/3926 9492/1483/3926 9491/1486/3926
f 9490/1487/3927 9489/1485/3927 9488/1484/3927
f 9487/1488/3928 9486/1486/3929 9485/1483/3928
f 9484/1486/3930 9483/1488/3931 9482/1489/3932
f 9481/1490/3933 9480/1491/3933 9479/1492/3933
f 9478/1493/3934 9477/1489/3934 9476/1488/3934
f 9475/1494/3935 9474/1492/3936 9473/1491/3935
f 9472/1495/3937 9471/1496/3937 9470/1497/3937
f 9469/1498/3938 9468/1499/3938 9467/1500/3938
f 9466/1501/3939 9465/1497/3939 9464/1496/3939
f 9463/1502/3940 9462/1500/3940 9461/1499/3940
f 9460/1503/3941 9459/1504/3941 9458/1505/3941
f 9457/1486/3942 9456/1489/3942 9455/1488/3942
f 9454/1506/3943 9453/1505/3943 9452/1504/3943
f 9451/1493/3944 9450/1488/3944 9449/1489/3944
f 9448/1507/3945 9447/1508/3945 9446/1509/3945
f 9445/1483/3946 9444/1485/3946 9443/1484/3946
f 9442/1508/3947 9441/1510/3947 9440/1509/3947
f 9439/1487/3948 9438/1484/3948 9437/1485/3948
f 9436/1511/3949 9435/1512/3950 9434/1513/3949
f 9433/1514/3951 9432/1515/3951 9431/1516/3951
f 9430/1517/3952 9429/1513/3952 9428/1512/3952
f 9427/1518/3953 9426/1516/3953 9425/1515/3953
f 9424/1485/3954 9423/1519/3954 9422/1487/3954
f 9418/1520/3955 9419/1521/3956 9421/1522/3957
f 9416/1523/3955 9420/1524/3958 9419/1521/3956
f 9415/1525/3955 9416/1523/3955 9419/1521/3956
f 9419/1521/3956 9418/1520/3955 9415/1525/3955
f 9418/1520/3955 9417/1526/3959 9415/1525/3955
f 9416/1523/3955 9415/1525/3955 9414/1527/3955
f 9411/1528/3960 9412/1529/3961 9413/1530/3961
f 9412/1529/3961 9411/1528/3960 9410/1531/3961
f 9407/1532/3962 9408/1533/3963 9409/1534/3964
f 9408/1533/3963 9407/1532/3962 9406/1535/3965
f 9403/1536/3966 9404/1537/3967 9405/1538/3968
f 9404/1537/3967 9403/1536/3966 9402/1539/3969
f 9399/1540/3970 9400/1541/3970 9401/1542/3970
f 9400/1541/3970 9399/1540/3970 9398/1543/3970
f 9395/1544/3971 9396/1545/3972 9397/1546/3972
f 9396/1545/3972 9395/1544/3971 9394/1547/3971
f 9391/1548/3973 9392/1549/3974 9393/1550/3973
f 9392/1549/3974 9391/1548/3973 9390/1551/3974
f 9387/1543/3975 9388/1552/3976 9389/1541/3977
f 9388/1552/3976 9387/1543/3975 9386/1553/3978
f 9383/1554/3979 9384/1555/3979 9385/1556/3979
f 9384/1555/3979 9383/1554/3979 9382/1557/3979
f 9379/1558/3980 9380/1559/3981 9381/1560/3982
f 9380/1559/3981 9379/1558/3980 9378/1561/3983
f 9375/1559/3984 9376/1562/3985 9377/1563/3986
f 9376/1562/3985 9375/1559/3984 9374/1561/3987
f 9371/1528/3988 9372/1529/3982 9373/1530/3980
f 9372/1529/3982 9371/1528/3988 9370/1531/3982
f 9367/1544/3989 9368/1545/3990 9369/1546/883
f 9368/1545/3990 9367/1544/3989 9366/1547/3989
f 9363/1564/3991 9364/1565/3991 9365/1566/3992
f 9364/1565/3991 9363/1564/3991 9362/1567/3993
f 9359/1568/3994 9360/1569/3995 9361/1570/3995
f 9360/1569/3995 9359/1568/3994 9358/1571/3996
f 9355/1572/3997 9356/1573/3997 9357/1574/3997
f 9356/1573/3997 9355/1572/3997 9354/1575/3997
f 9351/1574/2414 9352/1576/2414 9353/1577/2414
f 9352/1576/2414 9351/1574/2414 9350/1573/2414
f 9347/1578/3998 9348/1571/3998 9349/1568/3999
f 9348/1571/3998 9347/1578/3998 9346/1579/3998
f 9343/1572/4000 9344/1579/4000 9345/1578/4000
f 9344/1579/4000 9343/1572/4000 9342/1575/4000
f 9339/1580/4001 9340/1581/4002 9341/1582/4003
f 9340/1581/4002 9339/1580/4001 9338/1583/4002
f 9335/1577/4004 9336/1584/4004 9337/1585/4004
f 9336/1584/4004 9335/1577/4004 9334/1576/4004
f 9331/1585/2414 9332/1586/2414 9333/1587/2414
f 9332/1586/2414 9331/1585/2414 9330/1584/2414
f 9327/1587/4005 9328/1588/4005 9329/1589/4005
f 9328/1588/4005 9327/1587/4005 9326/1586/4005
f 9323/1590/4006 9324/1591/4006 9325/1592/4006
f 9324/1591/4006 9323/1590/4006 9322/1593/4006
f 9319/1494/4007 9320/1593/4007 9321/1590/4007
f 9320/1593/4007 9319/1494/4007 9318/1492/4007
f 9315/1592/4008 9316/1594/4008 9317/1595/4008
f 9316/1594/4008 9315/1592/4008 9314/1591/4008
f 9311/1595/4009 9312/1575/4009 9313/1596/4009
f 9312/1575/4009 9311/1595/4009 9310/1594/4009
f 9307/1597/4010 9308/1598/4011 9309/1599/4012
f 9308/1598/4011 9307/1597/4010 9306/1600/4013
f 9303/1601/4014 9304/1565/4014 9305/1602/4015
f 9304/1565/4014 9303/1601/4014 9302/1603/4016
f 9299/1604/4017 9300/1605/4018 9301/1606/4019
f 9300/1605/4018 9299/1604/4017 9298/1607/4020
f 9295/1556/4021 9296/1608/4021 9297/1609/4022
f 9296/1608/4021 9295/1556/4021 9294/1555/4023
f 9291/1609/4024 9292/1607/4024 9293/1604/4024
f 9292/1607/4024 9291/1609/4024 9290/1608/4024
f 9287/1610/4025 9288/1611/4025 9289/1612/4025
f 9288/1611/4025 9287/1610/4025 9286/1613/4025
f 9283/1610/4026 9284/1614/4027 9285/1613/4027
f 9284/1614/4027 9283/1610/4026 9282/1615/4028
f 9279/1613/4029 9280/1615/4030 9281/1610/4031
f 9280/1615/4030 9279/1613/4029 9278/1614/4032
f 9275/1531/4033 9276/1530/4034 9277/1528/4034
f 9276/1530/4034 9275/1531/4033 9274/1529/4035
f 9271/1529/4036 9272/1528/4036 9273/1531/4036
f 9272/1528/4036 9271/1529/4036 9270/1530/4036
f 9267/1616/3961 9268/1563/3961 9269/1617/3961
f 9268/1563/3961 9267/1616/3961 9266/1618/3961
f 9263/1619/4037 9264/1563/4038 9265/1620/4039
f 9264/1563/4038 9263/1619/4037 9262/1618/4040
f 9259/1618/4041 9260/1617/4041 9261/1563/4041
f 9260/1617/4041 9259/1618/4041 9258/1616/4041
f 9255/1618/4042 9256/1620/4043 9257/1563/4044
f 9256/1620/4043 9255/1618/4042 9254/1619/4045
f 9251/1621/4046 9252/1619/4047 9253/1622/4046
f 9252/1619/4047 9251/1621/4046 9250/1620/4048
f 9247/1622/4049 9248/1620/4050 9249/1621/4049
f 9248/1620/4050 9247/1622/4049 9246/1619/4051
f 9243/1623/4052 9244/1624/4053 9245/1625/4053
f 9244/1624/4053 9243/1623/4052 9242/1626/4054
f 9239/1627/4055 9240/1628/4055 9241/1629/4056
f 9240/1628/4055 9239/1627/4055 9238/1630/4057
f 9236/1624/4058 9237/1631/4059 9234/1628/4060
f 9237/1631/4059 9236/1624/4058 9235/1626/4061
f 9233/1625/4062 9234/1628/4063 9231/1630/4064
f 9231/1630/4064 9232/1623/4064 9233/1625/4062
f 9232/1623/4064 9231/1630/4064 9230/1632/4065
f 9227/1633/4066 9228/1634/4067 9229/1635/4067
f 9228/1634/4067 9227/1633/4066 9226/1636/4066
f 9223/1635/1824 9224/1637/1824 9225/1638/1824
f 9224/1637/1824 9223/1635/1824 9222/1634/1824
f 9219/1635/4068 9220/1636/4069 9221/1633/4069
f 9220/1636/4069 9219/1635/4068 9218/1634/4068
f 9215/1638/4070 9216/1634/4070 9217/1635/4071
f 9216/1634/4070 9215/1638/4070 9214/1637/4070
f 9211/1639/4072 9212/1640/4073 9213/1641/4073
f 9212/1640/4073 9211/1639/4072 9210/1642/4074
f 9207/1643/4075 9208/1644/4076 9209/1645/4076
f 9208/1644/4076 9207/1643/4075 9206/1646/4077
f 9203/1647/4078 9204/1648/4079 9205/1649/4079
f 9204/1648/4079 9203/1647/4078 9202/1650/4080
f 9199/1651/4081 9200/1652/4082 9201/1653/4082
f 9200/1652/4082 9199/1651/4081 9198/1654/4081
f 9195/1655/4083 9196/1656/4083 9197/1657/4084
f 9196/1656/4083 9195/1655/4083 9194/1658/4084
f 9191/1658/857 9192/1659/857 9193/1656/857
f 9192/1659/857 9191/1658/857 9190/1660/857
f 9187/1661/3970 9188/1662/3970 9189/1663/3970
f 9188/1662/3970 9187/1661/3970 9186/1664/3970
f 9183/1663/4085 9184/1665/4085 9185/1666/4085
f 9184/1665/4085 9183/1663/4085 9182/1662/4085
f 9179/1667/4086 9180/1534/4086 9181/1532/4087
f 9180/1534/4086 9179/1667/4086 9178/1668/4086
f 9175/1532/4088 9176/1533/4088 9177/1535/4088
f 9176/1533/4088 9175/1532/4088 9174/1534/4088
f 9171/1564/4089 9172/1669/4089 9173/1670/4089
f 9172/1669/4089 9171/1564/4089 9170/1566/4089
f 9167/1671/4089 9168/1602/4089 9169/1672/4089
f 9168/1602/4089 9167/1671/4089 9166/1673/4089
f 9163/1674/4090 9164/1675/4090 9165/1676/4090
f 9164/1675/4090 9163/1674/4090 9162/1677/4090
f 9159/1678/4091 9160/1679/4092 9161/1680/4091
f 9160/1679/4092 9159/1678/4091 9158/1681/4092
f 9155/1600/4093 9156/1682/4093 9157/1683/4093
f 9156/1682/4093 9155/1600/4093 9154/1684/4094
f 9151/1679/4095 9152/1678/4095 9153/1680/4096
f 9152/1678/4095 9151/1679/4095 9150/1681/4097
f 9147/1685/4098 9148/1686/4099 9149/1687/4100
f 9148/1686/4099 9147/1685/4098 9146/1688/4101
f 9143/1600/4102 9144/1689/4103 9145/1598/4104
f 9144/1689/4103 9143/1600/4102 9142/1690/4105
f 9139/1600/4106 9140/1691/4107 9141/1684/4106
f 9140/1691/4107 9139/1600/4106 9138/1692/4108
f 9135/1693/4109 9136/1493/4109 9137/1489/4110
f 9136/1493/4109 9135/1693/4109 9134/1694/4111
f 9131/1590/4006 9132/1591/4006 9133/1593/4006
f 9132/1591/4006 9131/1590/4006 9130/1592/4006
f 9127/1494/4007 9128/1593/4007 9129/1492/4007
f 9128/1593/4007 9127/1494/4007 9126/1590/4007
f 9123/1592/4008 9124/1594/4008 9125/1591/4008
f 9124/1594/4008 9123/1592/4008 9122/1595/4008
f 9119/1595/4009 9120/1575/4009 9121/1594/4009
f 9120/1575/4009 9119/1595/4009 9118/1596/4112
f 9115/1695/4113 9116/1696/4114 9117/1697/4115
f 9116/1696/4114 9115/1695/4113 9114/1698/4116
f 9111/1698/4117 9112/1699/4118 9113/1696/4118
f 9112/1699/4118 9111/1698/4117 9110/1700/4118
f 9107/1548/3973 9108/1549/3973 9109/1551/4119
f 9108/1549/3973 9107/1548/3973 9106/1550/3973
f 9103/1554/3979 9104/1555/3979 9105/1557/3979
f 9104/1555/3979 9103/1554/3979 9102/1556/3979
f 9099/1604/4017 9100/1605/4120 9101/1607/4121
f 9100/1605/4120 9099/1604/4017 9098/1606/4019
f 9095/1556/4021 9096/1608/4021 9097/1555/4022
f 9096/1608/4021 9095/1556/4021 9094/1609/4021
f 9091/1609/4024 9092/1607/4024 9093/1608/4024
f 9092/1607/4024 9091/1609/4024 9090/1604/4024
f 9087/1700/4122 9088/1701/4122 9089/1699/4122
f 9088/1701/4122 9087/1700/4122 9086/1702/4122
f 9083/1575/4123 9084/1580/4123 9085/1572/4123
f 9084/1580/4123 9083/1575/4123 9082/1583/4123
f 9079/1694/4124 9080/1489/4125 9081/1493/4126
f 9080/1489/4125 9079/1694/4124 9078/1693/4127
f 9075/1703/4128 9076/1704/4129 9077/1705/4130
f 9076/1704/4129 9075/1703/4128 9074/1706/4131
f 9071/1707/1093 9072/1708/1093 9073/1709/1093
f 9072/1708/1093 9071/1707/1093 9070/1710/1093
f 9067/1711/4132 9068/1712/4132 9069/1713/4133
f 9068/1712/4132 9067/1711/4132 9066/1714/4134
f 9063/1715/4135 9064/1716/4136 9065/1711/4136
f 9064/1716/4136 9063/1715/4135 9062/1717/4137
f 9059/1713/4138 9060/1714/4139 9061/1711/4140
f 9060/1714/4139 9059/1713/4138 9058/1712/4141
f 9055/1711/4142 9056/1718/4143 9057/1715/4143
f 9056/1718/4143 9055/1711/4142 9054/1713/4142
f 9051/1603/4144 9052/1566/4144 9053/1565/4145
f 9052/1566/4144 9051/1603/4144 9050/1719/4144
f 9047/1672/4146 9048/1565/4147 9049/1567/4148
f 9048/1565/4147 9047/1672/4146 9046/1602/4149
f 9043/1677/4150 9044/1720/4151 9045/1675/4150
f 9044/1720/4151 9043/1677/4150 9042/1721/4151
f 9039/1722/4152 9040/1510/4152 9041/1723/4152
f 9040/1510/4152 9039/1722/4152 9038/1509/4152
f 9035/1724/4153 9036/1725/4154 9037/1726/4154
f 9036/1725/4154 9035/1724/4153 9034/1727/4155
f 9031/1727/4156 9032/1728/4156 9033/1729/4156
f 9032/1728/4156 9031/1727/4156 9030/1724/4156
f 9027/1730/4157 9028/1731/4158 9029/1732/4159
f 9028/1731/4158 9027/1730/4157 9026/1733/4160
f 9023/1727/4161 9024/1733/4162 9025/1730/4163
f 9024/1733/4162 9023/1727/4161 9022/1724/4164
f 9019/1732/4165 9020/1724/4166 9021/1727/4165
f 9020/1724/4166 9019/1732/4165 9018/1731/4165
f 9015/1726/4167 9016/1732/4168 9017/1731/4169
f 9016/1732/4168 9015/1726/4167 9014/1725/4170
f 9011/1734/3966 9012/1710/4171 9013/1707/4171
f 9012/1710/4171 9011/1734/3966 9010/1735/3968
f 9007/1736/4172 9008/1613/4173 9009/1737/4174
f 9008/1613/4173 9007/1736/4172 9006/1611/4175
f 9003/1657/4176 9004/1738/4177 9005/1655/4176
f 9004/1738/4177 9003/1657/4176 9002/1739/4178
f 8999/1740/4179 9000/1741/4179 9001/1742/4179
f 9000/1741/4179 8999/1740/4179 8998/1743/4179
f 8995/1563/3982 8996/1744/3982 8997/1745/3982
f 8996/1744/3982 8995/1563/3982 8994/1562/3982
f 8992/1746/857 8993/1747/857 8991/1748/4180
f 8991/1748/4180 8985/1749/857 8992/1746/857
f 8985/1749/857 8991/1748/4180 8987/1750/4180
f 8990/1751/4180 8987/1750/4180 8991/1748/4180
f 8987/1750/4180 8990/1751/4180 8989/1752/4180
f 8986/1753/857 8987/1750/4180 8988/1754/857
f 8987/1750/4180 8986/1753/857 8985/1749/857
f 8983/1755/4181 8980/1756/4182 8984/1757/895
f 8980/1756/4182 8983/1755/4181 8981/1758/4183
f 8976/1759/4184 8981/1758/4183 8982/1760/4184
f 8981/1758/4183 8976/1759/4184 8980/1756/4182
f 8979/1761/895 8980/1756/4182 8976/1759/4184
f 8980/1756/4182 8979/1761/895 8978/1762/895
f 8976/1759/4185 8977/1760/4172 8973/1763/4186
f 8973/1763/4186 8975/1764/4187 8976/1759/4185
f 8973/1763/4186 8974/1765/4188 8975/1764/4187
f 8974/1765/4188 8973/1763/4186 8972/1766/4188
f 8971/1767/4189 8970/1768/4189 8969/1769/4189
f 8967/1770/4190 8962/1771/4191 8968/1772/4192
f 8962/1771/4191 8967/1770/4190 8964/1773/4193
f 8966/1774/4194 8964/1773/4193 8967/1770/4190
f 8964/1773/4193 8966/1774/4194 8965/1775/4194
f 8964/1773/4193 8963/1776/4195 8962/1771/4191
f 8960/1777/4196 8961/1778/4197 8958/1779/4198
f 8958/1779/4198 8959/1481/4196 8960/1777/4196
f 8959/1481/4196 8958/1779/4198 8957/1482/4199
f 8955/1780/857 8956/1781/1102 8953/1782/1102
f 8953/1782/1102 8954/1769/1102 8955/1780/857
f 8954/1769/1102 8953/1782/1102 8952/1767/1102
f 8950/1783/2414 8951/1784/4200 8948/1785/2414
f 8948/1785/2414 8949/1786/2414 8950/1783/2414
f 8949/1786/2414 8948/1785/2414 8947/1787/2414
f 8945/1481/4201 8946/1482/4202 8943/1779/4203
f 8943/1779/4203 8944/1777/4201 8945/1481/4201
f 8944/1777/4201 8943/1779/4203 8942/1778/4204
f 8937/1782/4205 8941/1788/4206 8939/1789/4207
f 8939/1789/4207 8940/1767/4208 8937/1782/4205
f 8940/1767/4208 8939/1789/4207 8938/1768/4209
f 8936/1790/4210 8937/1782/4210 8935/1781/4210
f 8935/1781/4210 8933/1791/4210 8936/1790/4210
f 8933/1791/4210 8935/1781/4210 8934/1780/4210
f 8933/1791/4210 8934/1780/4210 8931/1769/4205
f 8931/1769/4205 8932/1792/4205 8933/1791/4210
f 8932/1792/4205 8931/1769/4205 8930/1768/4211
f 8928/1667/4212 8929/1532/4213 8926/1534/4086
f 8926/1534/4086 8927/1668/4086 8928/1667/4212
f 8927/1668/4086 8926/1534/4086 8925/1793/4086
f 8923/1542/4214 8924/1794/4215 8921/1795/4214
f 8921/1795/4214 8922/1540/4214 8923/1542/4214
f 8922/1540/4214 8921/1795/4214 8920/1796/4214
f 8918/1797/4216 8919/1798/4217 8916/1799/4218
f 8916/1799/4218 8917/1800/4219 8918/1797/4216
f 8917/1800/4219 8916/1799/4218 8915/1801/4220
f 8913/1564/4221 8914/1802/4222 8912/1803/4223
f 8912/1803/4223 8911/1567/4224 8913/1564/4221
f 8911/1567/4224 8912/1803/4223 8910/1804/4225
f 8911/1567/4224 8910/1804/4225 8909/1672/4226
f 8908/1788/4227 8907/1782/4227 8906/1790/4227
f 8904/1539/4228 8903/1805/4229 8905/1537/4230
f 8903/1805/4229 8904/1539/4228 8901/1806/4231
f 8901/1806/4231 8902/1807/4232 8903/1805/4229
f 8902/1807/4232 8901/1806/4231 8900/1808/4233
f 8874/1809/4234 8898/1810/4235 8899/1811/4236
f 8898/1810/4235 8874/1809/4234 8866/1812/4237
f 8866/1812/4237 8897/1813/4238 8898/1810/4235
f 8897/1813/4238 8866/1812/4237 8856/1814/4239
f 8856/1814/4239 8896/1815/4240 8897/1813/4238
f 8896/1815/4240 8856/1814/4239 8857/1816/4241
f 8857/1816/4241 8895/1817/4242 8896/1815/4240
f 8857/1816/4241 8894/1818/4243 8895/1817/4242
f 8894/1818/4243 8857/1816/4241 8858/1819/4244
f 8858/1819/4244 8893/1820/4245 8894/1818/4243
f 8893/1820/4245 8858/1819/4244 8860/1821/4246
f 8860/1821/4246 8892/1822/4247 8893/1820/4245
f 8892/1822/4247 8860/1821/4246 8862/1823/4248
f 8862/1823/4248 8891/1824/4249 8892/1822/4247
f 8862/1823/4248 8864/1825/4250 8891/1824/4249
f 8890/1826/4251 8891/1824/4249 8864/1825/4250
f 8864/1825/4250 8872/1827/4252 8890/1826/4251
f 8889/1828/4253 8890/1826/4251 8872/1827/4252
f 8872/1827/4252 8882/1829/4254 8889/1828/4253
f 8888/1830/4255 8889/1828/4253 8882/1829/4254
f 8882/1829/4254 8887/1831/4256 8888/1830/4255
f 8887/1831/4256 8882/1829/4254 8886/1832/4257
f 8881/1833/4258 8886/1832/4257 8882/1829/4254
f 8886/1832/4257 8881/1833/4258 8885/1834/4259
f 8880/1835/4260 8885/1834/4259 8881/1833/4258
f 8885/1834/4259 8880/1835/4260 8884/1836/4261
f 8879/1837/4262 8884/1836/4261 8880/1835/4260
f 8884/1836/4261 8879/1837/4262 8883/1838/4263
f 8882/1829/4254 8872/1827/4252 8881/1833/4258
f 8871/1839/4264 8881/1833/4258 8872/1827/4252
f 8881/1833/4258 8871/1839/4264 8880/1835/4260
f 8870/1840/4265 8880/1835/4260 8871/1839/4264
f 8880/1835/4260 8870/1840/4265 8879/1837/4262
f 8870/1840/4265 8878/1841/4266 8879/1837/4262
f 8878/1841/4266 8870/1840/4265 8869/1842/4267
f 8869/1842/4267 8877/1843/4268 8878/1841/4266
f 8877/1843/4268 8869/1842/4267 8868/1844/4269
f 8868/1844/4269 8876/1845/4270 8877/1843/4268
f 8876/1845/4270 8868/1844/4269 8867/1846/4271
f 8867/1846/4271 8875/1847/4272 8876/1845/4270
f 8875/1847/4272 8867/1846/4271 8865/1848/4273
f 8865/1848/4273 8873/1849/4274 8875/1847/4272
f 8873/1849/4274 8865/1848/4273 8866/1812/4237
f 8866/1812/4237 8874/1809/4234 8873/1849/4274
f 8872/1827/4252 8864/1825/4250 8871/1839/4264
f 8863/1850/4275 8871/1839/4264 8864/1825/4250
f 8871/1839/4264 8863/1850/4275 8870/1840/4265
f 8863/1850/4275 8869/1842/4267 8870/1840/4265
f 8869/1842/4267 8863/1850/4275 8861/1851/4276
f 8861/1851/4276 8868/1844/4269 8869/1842/4267
f 8868/1844/4269 8861/1851/4276 8859/1852/4277
f 8859/1852/4277 8867/1846/4271 8868/1844/4269
f 8867/1846/4271 8859/1852/4277 8855/1853/4278
f 8855/1853/4278 8865/1848/4273 8867/1846/4271
f 8865/1848/4273 8855/1853/4278 8856/1814/4239
f 8856/1814/4239 8866/1812/4237 8865/1848/4273
f 8864/1825/4250 8862/1823/4248 8863/1850/4275
f 8862/1823/4248 8861/1851/4276 8863/1850/4275
f 8861/1851/4276 8862/1823/4248 8860/1821/4246
f 8860/1821/4246 8859/1852/4277 8861/1851/4276
f 8859/1852/4277 8860/1821/4246 8858/1819/4244
f 8858/1819/4244 8855/1853/4278 8859/1852/4277
f 8855/1853/4278 8858/1819/4244 8857/1816/4241
f 8857/1816/4241 8856/1814/4239 8855/1853/4278
f 8829/1809/4279 8853/1810/4280 8854/1811/4242
f 8853/1810/4280 8829/1809/4279 8821/1812/4281
f 8821/1812/4281 8852/1813/4282 8853/1810/4280
f 8852/1813/4282 8821/1812/4281 8811/1814/4283
f 8811/1814/4283 8851/1815/4284 8852/1813/4282
f 8851/1815/4284 8811/1814/4283 8812/1816/4285
f 8812/1816/4285 8850/1817/4286 8851/1815/4284
f 8812/1816/4285 8849/1818/4287 8850/1817/4286
f 8849/1818/4287 8812/1816/4285 8813/1819/4288
f 8813/1819/4288 8848/1820/4289 8849/1818/4287
f 8848/1820/4289 8813/1819/4288 8815/1821/4290
f 8815/1821/4290 8847/1822/4291 8848/1820/4289
f 8847/1822/4291 8815/1821/4290 8817/1823/4292
f 8817/1823/4292 8846/1824/4270 8847/1822/4291
f 8817/1823/4292 8819/1825/4293 8846/1824/4270
f 8845/1826/4268 8846/1824/4270 8819/1825/4293
f 8819/1825/4293 8827/1827/4294 8845/1826/4268
f 8844/1828/4295 8845/1826/4268 8827/1827/4294
f 8827/1827/4294 8837/1829/4296 8844/1828/4295
f 8843/1830/4297 8844/1828/4295 8837/1829/4296
f 8837/1829/4296 8842/1831/4263 8843/1830/4297
f 8842/1831/4263 8837/1829/4296 8841/1832/4298
f 8836/1833/4299 8841/1832/4298 8837/1829/4296
f 8841/1832/4298 8836/1833/4299 8840/1834/4300
f 8835/1835/4301 8840/1834/4300 8836/1833/4299
f 8840/1834/4300 8835/1835/4301 8839/1836/4302
f 8834/1837/4303 8839/1836/4302 8835/1835/4301
f 8839/1836/4302 8834/1837/4303 8838/1838/4304
f 8837/1829/4296 8827/1827/4294 8836/1833/4299
f 8826/1839/4305 8836/1833/4299 8827/1827/4294
f 8836/1833/4299 8826/1839/4305 8835/1835/4301
f 8825/1840/4306 8835/1835/4301 8826/1839/4305
f 8835/1835/4301 8825/1840/4306 8834/1837/4303
f 8825/1840/4306 8833/1841/4253 8834/1837/4303
f 8833/1841/4253 8825/1840/4306 8824/1842/4307
f 8824/1842/4307 8832/1843/4308 8833/1841/4253
f 8832/1843/4308 8824/1842/4307 8823/1844/4309
f 8823/1844/4309 8831/1845/4249 8832/1843/4308
f 8831/1845/4249 8823/1844/4309 8822/1846/4310
f 8822/1846/4310 8830/1847/4311 8831/1845/4249
f 8830/1847/4311 8822/1846/4310 8820/1848/4312
f 8820/1848/4312 8828/1849/4245 8830/1847/4311
f 8828/1849/4245 8820/1848/4312 8821/1812/4281
f 8821/1812/4281 8829/1809/4279 8828/1849/4245
f 8827/1827/4294 8819/1825/4293 8826/1839/4305
f 8818/1850/4313 8826/1839/4305 8819/1825/4293
f 8826/1839/4305 8818/1850/4313 8825/1840/4306
f 8818/1850/4313 8824/1842/4307 8825/1840/4306
f 8824/1842/4307 8818/1850/4313 8816/1851/4314
f 8816/1851/4314 8823/1844/4309 8824/1842/4307
f 8823/1844/4309 8816/1851/4314 8814/1852/4315
f 8814/1852/4315 8822/1846/4310 8823/1844/4309
f 8822/1846/4310 8814/1852/4315 8810/1853/4316
f 8810/1853/4316 8820/1848/4312 8822/1846/4310
f 8820/1848/4312 8810/1853/4316 8811/1814/4283
f 8811/1814/4283 8821/1812/4281 8820/1848/4312
f 8819/1825/4293 8817/1823/4292 8818/1850/4313
f 8817/1823/4292 8816/1851/4314 8818/1850/4313
f 8816/1851/4314 8817/1823/4292 8815/1821/4290
f 8815/1821/4290 8814/1852/4315 8816/1851/4314
f 8814/1852/4315 8815/1821/4290 8813/1819/4288
f 8813/1819/4288 8810/1853/4316 8814/1852/4315
f 8810/1853/4316 8813/1819/4288 8812/1816/4285
f 8812/1816/4285 8811/1814/4283 8810/1853/4316
f 8808/1854/4317 8809/1855/4317 8807/1856/4317
f 8807/1856/4317 8806/1857/4317 8808/1854/4317
f 8806/1857/4317 8807/1856/4317 8805/1858/4317
f 8806/1857/4317 8805/1858/4317 8804/1859/4318
f 8802/1606/4319 8803/1605/4320 8801/1860/4321
f 8801/1860/4321 8800/1861/4321 8802/1606/4319
f 8800/1861/4321 8801/1860/4321 8799/1550/4322
f 8800/1861/4321 8799/1550/4322 8798/1549/4323
f 8793/1862/4324 8796/1863/4324 8797/1864/4325
f 8796/1863/4324 8793/1862/4324 8795/1865/4326
f 8794/1866/4327 8793/1862/4324 8792/1867/4327
f 8790/1501/4328 8789/1868/4329 8791/1502/4329
f 8789/1868/4329 8790/1501/4328 8787/1869/4329
f 8787/1869/4329 8788/1870/4329 8789/1868/4329
f 8788/1870/4329 8787/1869/4329 8786/1871/4329
f 8784/1866/4330 8785/1867/4331 8783/1864/4332
f 8783/1864/4332 8782/1862/4332 8784/1866/4330
f 8782/1862/4332 8783/1864/4332 8781/1863/4332
f 8782/1862/4332 8781/1863/4332 8780/1865/4333
f 8779/1864/4334 8778/1867/4334 8777/1862/4334
f 8775/1606/4319 8774/1860/4321 8776/1605/4335
f 8774/1860/4321 8775/1606/4319 8772/1861/4321
f 8772/1861/4321 8773/1550/4336 8774/1860/4321
f 8773/1550/4336 8772/1861/4321 8771/1549/4336
f 8769/1872/4337 8770/1873/4338 8766/1874/895
f 8766/1874/895 8768/1875/895 8769/1872/4337
f 8766/1874/895 8767/1876/896 8768/1875/895
f 8767/1876/896 8766/1874/895 8765/1877/896
f 8763/1589/4152 8764/1588/4152 8762/1878/4339
f 8762/1878/4339 8761/1879/4339 8763/1589/4152
f 8761/1879/4339 8762/1878/4339 8760/1880/4340
f 8761/1879/4339 8760/1880/4340 8759/1881/4340
f 8757/1664/4214 8756/1882/4214 8758/1883/4341
f 8756/1882/4214 8757/1664/4214 8755/1661/4214
f 8756/1882/4214 8755/1661/4214 8754/1884/4214
f 8752/1877/883 8751/1875/4342 8753/1876/883
f 8751/1875/4342 8752/1877/883 8749/1874/4342
f 8749/1874/4342 8750/1872/4342 8751/1875/4342
f 8750/1872/4342 8749/1874/4342 8748/1873/4343
f 8746/1885/4344 8747/1886/4344 8743/1887/1093
f 8743/1887/1093 8745/1888/1093 8746/1885/4344
f 8743/1887/1093 8744/1889/4345 8745/1888/1093
f 8744/1889/4345 8743/1887/1093 8742/1890/4345
f 8740/1752/1093 8741/1751/1093 8739/1891/1093
f 8739/1891/1093 8738/1750/1093 8740/1752/1093
f 8738/1750/1093 8739/1891/1093 8736/1749/1093
f 8736/1749/1093 8737/1754/1093 8738/1750/1093
f 8737/1754/1093 8736/1749/1093 8735/1753/1093
f 8733/1784/4346 8734/1783/4347 8732/1786/4348
f 8732/1786/4348 8731/1785/4349 8733/1784/4346
f 8731/1785/4349 8732/1786/4348 8729/1787/4350
f 8729/1787/4350 8730/1892/4351 8731/1785/4349
f 8730/1892/4351 8729/1787/4350 8728/1893/4352
f 8726/1894/4353 8727/1895/4354 8719/1695/4355
f 8719/1695/4355 8720/1896/4356 8726/1894/4353
f 8725/1897/4357 8726/1894/4353 8720/1896/4356
f 8720/1896/4356 8724/1898/4358 8725/1897/4357
f 8720/1896/4356 8723/1899/4359 8724/1898/4358
f 8723/1899/4359 8720/1896/4356 8722/1900/4360
f 8718/1697/4361 8722/1900/4360 8720/1896/4356
f 8722/1900/4360 8718/1697/4361 8721/1901/4362
f 8720/1896/4356 8719/1695/4355 8718/1697/4361
f 8717/1480/4363 8716/1482/4363 8715/1481/4363
f 8713/1902/4364 8712/1903/4365 8714/1904/4366
f 8712/1903/4365 8713/1902/4364 8711/1905/4367
f 8711/1905/4367 8710/1906/4368 8712/1903/4365
f 8710/1906/4368 8711/1905/4367 8708/1907/4369
f 8708/1907/4369 8709/1908/4370 8710/1906/4368
f 8709/1908/4370 8708/1907/4369 8707/1909/4371
f 8706/1910/4372 8705/1911/4372 8704/1912/4372
f 8702/1913/4373 8701/1914/4374 8703/1784/4375
f 8701/1914/4374 8702/1913/4373 8700/1915/4375
f 8700/1915/4375 8699/1916/4376 8701/1914/4374
f 8699/1916/4376 8700/1915/4375 8697/1917/4033
f 8697/1917/4033 8698/1918/4377 8699/1916/4376
f 8698/1918/4377 8697/1917/4033 8696/1919/4378
f 8694/1558/4379 8695/1560/4034 8692/1559/4380
f 8692/1559/4380 8693/1561/4381 8694/1558/4379
f 8692/1559/4380 8690/1562/4382 8693/1561/4381
f 8690/1562/4382 8692/1559/4380 8691/1563/4383
f 8690/1562/4382 8691/1563/4383 8689/1745/4034
f 8690/1562/4382 8689/1745/4034 8688/1744/4034
f 8687/1920/4384 8686/1912/4384 8685/1911/4384
f 8683/1921/4385 8681/1922/4386 8684/1923/4387
f 8681/1922/4386 8683/1921/4385 8682/1924/4388
f 8681/1922/4386 8682/1924/4388 8680/1925/4389
f 8680/1925/4389 8679/1926/4390 8681/1922/4386
f 8679/1926/4390 8680/1925/4389 8676/1927/4391
f 8676/1927/4391 8678/1928/4392 8679/1926/4390
f 8676/1927/4391 8677/1929/4393 8678/1928/4392
f 8677/1929/4393 8676/1927/4391 8675/1930/4394
f 8673/1923/4393 8674/1921/4395 8671/1924/4396
f 8671/1924/4396 8672/1922/4397 8673/1923/4393
f 8671/1924/4396 8670/1926/4398 8672/1922/4397
f 8670/1926/4398 8671/1924/4396 8669/1925/4399
f 8669/1925/4399 8668/1928/4400 8670/1926/4398
f 8668/1928/4400 8669/1925/4399 8666/1927/4401
f 8666/1927/4401 8667/1929/4402 8668/1928/4400
f 8667/1929/4402 8666/1927/4401 8665/1930/4403
f 8663/1931/4404 8664/1932/4404 8662/1933/4404
f 8662/1933/4404 8661/1788/4404 8663/1931/4404
f 8661/1788/4404 8662/1933/4404 8659/1514/4405
f 8659/1514/4405 8660/1789/4405 8661/1788/4404
f 8659/1514/4405 8657/1768/4404 8660/1789/4405
f 8657/1768/4404 8659/1514/4405 8658/1516/4404
f 8657/1768/4404 8658/1516/4404 8656/1934/4404
f 8657/1768/4404 8656/1934/4404 8655/1935/4404
f 8653/1936/4406 8654/1937/4406 8652/1938/4407
f 8652/1938/4407 8651/1939/4408 8653/1936/4406
f 8651/1939/4408 8652/1938/4407 8650/1940/4409
f 8650/1940/4409 8649/1941/4410 8651/1939/4408
f 8649/1941/4410 8650/1940/4409 8648/1942/4411
f 8648/1942/4411 8647/1943/4412 8649/1941/4410
f 8647/1943/4412 8648/1942/4411 8646/1944/4413
f 8646/1944/4413 8645/1945/4414 8647/1943/4412
f 8645/1945/4414 8646/1944/4413 8644/1946/4415
f 8644/1946/4415 8643/1947/4415 8645/1945/4414
f 8643/1947/4415 8644/1946/4415 8642/1948/4416
f 8642/1948/4416 8640/1949/4417 8643/1947/4415
f 8640/1949/4417 8642/1948/4416 8641/1950/4418
f 8640/1949/4417 8641/1950/4418 8639/1951/4419
f 8640/1949/4417 8639/1951/4419 8638/1952/4420
f 8637/1953/4421 8636/1504/4421 8635/1954/4421
f 8634/1492/3933 8633/1490/3933 8632/1491/3933
f 8631/1503/4422 8630/1954/4422 8629/1504/4422
f 8628/1491/3935 8627/1494/3935 8626/1492/3935
f 8625/1504/4423 8624/1953/4423 8623/1503/4423
f 8622/1514/4424 8621/1515/4424 8620/1955/4424
f 8619/1954/4425 8618/1503/4425 8617/1953/4425
f 8616/1955/4426 8615/1933/4427 8614/1514/4426
f 8613/1506/4428 8612/1504/4428 8611/1505/4428
f 8610/1906/4429 8609/1904/4429 8608/1902/4429
f 8607/1503/4430 8606/1505/4431 8605/1504/4431
f 8604/1906/4432 8603/1902/4432 8602/1905/4432
f 8601/1911/4433 8600/1910/4434 8599/1920/4434
f 8598/1486/4435 8597/1484/4435 8596/1483/4435
f 8595/1912/4436 8594/1920/4437 8593/1910/4436
f 8592/1483/3928 8591/1488/3928 8590/1486/3928
f 8589/1639/4438 8588/1641/4438 8587/1642/4438
f 8586/1956/4086 8585/1548/4086 8584/1551/4086
f 8583/1640/4439 8582/1642/4439 8581/1641/4439
f 8580/1957/4440 8579/1958/4441 8576/1959/4442
f 8576/1959/4442 8579/1958/4441 8578/1960/4443
f 8578/1960/4443 8577/1655/4444 8576/1959/4442
f 8575/1625/4445 8574/1624/4445 8573/1628/4445
f 8572/1631/4446 8571/1632/4447 8570/1626/4448
f 8569/1626/4449 8568/1623/4449 8567/1632/4449
f 8566/1623/4450 8565/1626/4450 8564/1632/4450
f 8563/1632/4451 8562/1631/4451 8561/1626/4451
f 8560/1624/4452 8559/1625/4453 8558/1628/4454
f 8557/1548/4086 8556/1956/4086 8555/1551/4086
f 8554/1642/4455 8553/1640/4455 8552/1641/4455
f 8551/1488/4456 8550/1483/4456 8549/1486/4456
f 8548/1641/4457 8547/1639/4458 8546/1642/4459
f 8545/1484/4460 8544/1486/4460 8543/1483/4460
f 8542/1920/4461 8541/1912/4462 8540/1910/4462
f 8539/1902/4463 8538/1906/4463 8537/1905/4463
f 8536/1910/4464 8535/1911/4464 8534/1920/4464
f 8533/1904/4465 8532/1906/4465 8531/1902/4465
f 8529/1908/4466 8530/1909/4467 8528/1907/4468
f 8528/1907/4468 8525/1906/4469 8529/1908/4466
f 8525/1906/4469 8528/1907/4468 8527/1905/4470
f 8526/1903/4471 8525/1906/4471 8524/1904/4471
f 8523/1505/4472 8522/1503/4472 8521/1504/4472
f 8520/1933/4473 8519/1955/4473 8518/1514/4473
f 8517/1504/4474 8516/1506/4474 8515/1505/4474
f 8514/1515/4475 8513/1514/4475 8512/1955/4475
f 8511/1503/4476 8510/1954/4477 8509/1953/4477
f 8508/1494/4478 8507/1491/4478 8506/1492/4478
f 8505/1953/4479 8504/1504/4480 8503/1503/4480
f 8502/1490/4481 8501/1492/4481 8500/1491/4481
f 8498/1961/4482 8499/1962/4483 8497/1963/4484
f 8497/1963/4484 8496/1964/4482 8498/1961/4482
f 8496/1964/4482 8497/1963/4484 8495/1965/4485
f 8496/1964/4482 8495/1965/4485 8494/1966/4486
f 8492/1967/4487 8493/1968/4488 8489/1969/4489
f 8489/1969/4489 8491/1970/4490 8492/1967/4487
f 8489/1969/4489 8490/235/4491 8491/1970/4490
f 8490/235/4491 8489/1969/4489 8488/237/4492
f 8482/994/2146 8480/1971/4493 8487/1972/4494
f 8476/236/4495 8485/235/4496 8486/237/2257
f 8485/235/4496 8476/236/4495 8477/238/4497
f 8477/238/4497 8481/995/4498 8485/235/4496
f 8484/992/4499 8485/235/4496 8481/995/4498
f 8481/995/4498 8483/993/4500 8484/992/4499
f 8483/993/4500 8481/995/4498 8482/994/2146
f 8480/1971/4493 8482/994/2146 8481/995/4498
f 8481/995/4498 8477/238/4497 8480/1971/4493
f 8479/240/4501 8480/1971/4493 8477/238/4497
f 8477/238/4497 8478/239/4502 8479/240/4501
f 8478/239/4502 8477/238/4497 8476/236/4495
f 8474/957/1885 8475/958/4503 8471/955/3655
f 8471/955/3655 8473/956/1885 8474/957/1885
f 8471/955/3655 8472/953/4504 8473/956/1885
f 8472/953/4504 8471/955/3655 8470/954/4505
f 8468/193/4506 8469/102/4507 8466/192/4508
f 8466/192/4508 8467/190/4509 8468/193/4506
f 8467/190/4509 8466/192/4508 8465/191/4510
f 8463/190/4511 8464/191/4512 8461/192/4513
f 8461/192/4513 8462/193/4514 8463/190/4511
f 8462/193/4514 8461/192/4513 8460/102/4515
f 8457/1973/4516 8458/1974/4517 8459/1975/4518
f 8458/1974/4517 8457/1973/4516 8456/1976/4519
f 8453/100/4520 8454/101/4521 8455/102/4522
f 8454/101/4521 8453/100/4520 8452/103/4522
f 8449/100/4523 8450/101/4524 8451/103/4525
f 8450/101/4524 8449/100/4523 8448/102/4524
f 8445/1977/4526 8446/1978/4527 8447/1979/4528
f 8446/1978/4527 8445/1977/4526 8444/1980/4529
f 8441/1977/4530 8442/1981/4531 8443/1982/4530
f 8442/1981/4531 8441/1977/4530 8440/1980/4532
f 8437/1983/4533 8438/1961/4534 8439/1984/4535
f 8438/1961/4534 8437/1983/4533 8436/1962/4535
f 8433/1985/4536 8434/1984/4537 8435/1986/4536
f 8434/1984/4537 8433/1985/4536 8432/1983/4536
f 8429/1987/4538 8430/1988/4539 8431/1989/4540
f 8430/1988/4539 8429/1987/4538 8428/1990/4541
f 8425/1991/4542 8426/1988/4543 8427/1992/4544
f 8426/1988/4543 8425/1991/4542 8424/1990/4545
f 8421/1993/4546 8422/1964/4547 8423/1966/4535
f 8422/1964/4547 8421/1993/4546 8420/1994/4548
f 8417/1995/4549 8418/1994/4550 8419/1993/4551
f 8418/1994/4550 8417/1995/4549 8416/1996/4552
f 8415/1954/4553 8414/1503/4554 8413/1504/4555
f 8410/1997/4556 8412/1998/4557 8409/1999/4558
f 8410/1997/4556 8400/2000/4559 8411/2001/4560
f 8400/2000/4559 8410/1997/4556 8402/2002/4561
f 8409/1999/4558 8402/2002/4561 8410/1997/4556
f 8402/2002/4561 8409/1999/4558 8405/2003/4562
f 8395/2004/4563 8406/2005/4564 8408/2006/4560
f 8406/2005/4564 8395/2004/4563 8404/2007/4565
f 8393/99/4566 8404/2007/4565 8395/2004/4563
f 8404/2007/4565 8393/99/4566 8403/97/4567
f 8407/2008/4557 8406/2005/4564 8405/2003/4562
f 8404/2007/4565 8405/2003/4562 8406/2005/4564
f 8405/2003/4562 8404/2007/4565 8402/2002/4561
f 8403/97/4567 8402/2002/4561 8404/2007/4565
f 8402/2002/4561 8403/97/4567 8401/1973/4568
f 8402/2002/4561 8401/1973/4568 8400/2000/4559
f 8400/2000/4559 8401/1973/4568 8398/1975/4569
f 8398/1975/4569 8399/2009/4570 8400/2000/4559
f 8398/1975/4569 8397/2010/4571 8399/2009/4570
f 8397/2010/4571 8398/1975/4569 8396/1990/4572
f 8396/1990/4572 8395/2004/4563 8397/2010/4571
f 8395/2004/4563 8396/1990/4572 8394/1987/4573
f 8395/2004/4563 8394/1987/4573 8393/99/4566
f 8392/1504/4574 8391/1953/4575 8390/1954/4576
f 8389/98/4577 8388/1973/4577 8387/97/4578
f 8386/1912/4579 8385/1920/4580 8384/1911/4580
f 8383/96/4581 8382/99/4582 8381/1987/4583
f 8380/1911/4584 8379/1910/4585 8378/1912/4586
f 8377/1978/4587 8376/1981/4588 8375/1982/4589
f 8374/1482/4590 8373/1480/4591 8372/1481/4591
f 8368/1882/4214 8370/1664/4214 8371/1883/4215
f 8370/1664/4214 8368/1882/4214 8369/1661/4214
f 8369/1661/4214 8368/1882/4214 8367/1884/4214
f 8366/1982/4592 8365/1979/4593 8364/1978/4594
f 8363/1867/4595 8362/1864/4595 8361/1862/4595
f 8360/1978/1873 8359/2011/2058 8358/1981/2058
f 8357/2012/1873 8358/1981/2058 8359/2011/2058
f 8358/1981/2058 8357/2012/1873 8356/2013/2058
f 8352/1862/4596 8355/1866/4597 8354/1867/4597
f 8351/1863/4596 8352/1862/4596 8353/1864/4598
f 8352/1862/4596 8351/1863/4596 8350/1865/4599
f 8349/2014/4600 8348/2015/4600 8347/1991/4601
f 8346/1782/4602 8345/1788/4602 8344/1790/4602
f 8343/1991/4603 8342/1992/4604 8341/2014/4605
f 8339/895/4606 8340/896/4607 8337/897/4608
f 8337/897/4608 8338/898/4609 8339/895/4606
f 8337/897/4608 8335/899/4610 8338/898/4609
f 8335/899/4610 8337/897/4608 8336/900/4611
f 8335/899/4610 8336/900/4611 8333/894/4612
f 8333/894/4612 8334/889/4613 8335/899/4610
f 8333/894/4612 8332/887/4614 8334/889/4613
f 8332/887/4614 8333/894/4612 8330/891/4615
f 8330/891/4615 8331/901/4616 8332/887/4614
f 8331/901/4616 8330/891/4615 8329/902/3629
f 8328/1768/4617 8327/1767/4617 8326/1769/4617
f 8324/2016/4618 8323/2017/4619 8325/2018/4618
f 8323/2017/4619 8324/2016/4618 8322/2019/4620
f 8322/2019/4620 8321/2020/4620 8323/2017/4619
f 8321/2020/4620 8322/2019/4620 8319/2021/4621
f 8319/2021/4621 8320/2022/4622 8321/2020/4620
f 8320/2022/4622 8319/2021/4621 8318/2023/4623
f 8316/2016/4624 8317/2018/4624 8315/2017/4625
f 8315/2017/4625 8314/2019/4626 8316/2016/4624
f 8314/2019/4626 8315/2017/4625 8313/2020/4626
f 8313/2020/4626 8312/2021/4627 8314/2019/4626
f 8312/2021/4627 8313/2020/4626 8311/2022/4628
f 8312/2021/4627 8311/2022/4628 8310/2023/4629
f 8308/330/4630 8309/332/4631 8306/331/4632
f 8306/331/4632 8307/333/4633 8308/330/4630
f 8306/331/4632 8304/334/4634 8307/333/4633
f 8304/334/4634 8306/331/4632 8305/335/4635
f 8304/334/4634 8305/335/4635 8303/102/4636
f 8304/334/4634 8303/102/4636 8302/100/4637
f 8300/1967/4638 8301/1968/4639 8297/1969/4640
f 8297/1969/4640 8299/1970/4641 8300/1967/4638
f 8297/1969/4640 8298/235/4642 8299/1970/4641
f 8298/235/4642 8297/1969/4640 8296/237/4643
f 8294/1961/4644 8295/1962/4645 8293/1963/4644
f 8293/1963/4644 8292/1964/4644 8294/1961/4644
f 8292/1964/4644 8293/1963/4644 8291/1965/4646
f 8292/1964/4644 8291/1965/4646 8290/1966/4647
f 8288/957/183 8289/958/3598 8285/955/3598
f 8285/955/3598 8287/956/3598 8288/957/183
f 8285/955/3598 8286/953/183 8287/956/3598
f 8286/953/183 8285/955/3598 8284/954/183
f 8278/994/4648 8276/1971/4649 8283/1972/442
f 8272/236/3631 8281/235/4650 8282/237/4651
f 8281/235/4650 8272/236/3631 8273/238/4652
f 8273/238/4652 8277/995/4653 8281/235/4650
f 8280/992/4654 8281/235/4650 8277/995/4653
f 8277/995/4653 8279/993/4655 8280/992/4654
f 8279/993/4655 8277/995/4653 8278/994/4648
f 8276/1971/4649 8278/994/4648 8277/995/4653
f 8277/995/4653 8273/238/4652 8276/1971/4649
f 8275/240/4656 8276/1971/4649 8273/238/4652
f 8273/238/4652 8274/239/3630 8275/240/4656
f 8274/239/3630 8273/238/4652 8272/236/3631
f 8270/953/4657 8271/954/179 8267/955/178
f 8267/955/178 8269/956/178 8270/953/4657
f 8267/955/178 8268/957/179 8269/956/178
f 8268/957/179 8267/955/178 8266/958/4658
f 8264/193/4659 8265/102/4660 8262/192/4661
f 8262/192/4661 8263/190/4662 8264/193/4659
f 8263/190/4662 8262/192/4661 8261/191/4663
f 8259/190/4664 8260/191/4665 8257/192/4666
f 8257/192/4666 8258/193/4667 8259/190/4664
f 8258/193/4667 8257/192/4666 8256/102/4668
f 8253/100/4669 8254/101/4670 8255/103/4671
f 8254/101/4670 8253/100/4669 8252/102/4669
f 8249/2024/4672 8250/2025/4673 8251/2026/4674
f 8250/2025/4673 8249/2024/4672 8248/2027/4675
f 8245/1973/4676 8246/1974/4677 8247/1975/4678
f 8246/1974/4677 8245/1973/4676 8244/1976/4679
f 8241/2024/4680 8242/2028/4681 8243/1982/4682
f 8242/2028/4681 8241/2024/4680 8240/2027/4683
f 8237/887/4684 8238/888/4685 8239/889/4686
f 8238/888/4685 8237/887/4684 8236/890/4687
f 8233/1983/4688 8234/1961/4688 8235/1984/4688
f 8234/1961/4688 8233/1983/4688 8232/1962/4689
f 8229/1985/4690 8230/1984/4691 8231/1986/4690
f 8230/1984/4691 8229/1985/4690 8228/1983/4692
f 8225/1987/4693 8226/1988/4694 8227/1989/4695
f 8226/1988/4694 8225/1987/4693 8224/1990/4696
f 8221/2029/4697 8222/1988/4698 8223/1992/4699
f 8222/1988/4698 8221/2029/4697 8220/1990/4697
f 8217/891/4700 8218/892/4701 8219/893/4702
f 8218/892/4701 8217/891/4700 8216/894/4703
f 8213/1993/4688 8214/1964/4704 8215/1966/4688
f 8214/1964/4704 8213/1993/4688 8212/1994/4688
f 8209/1995/4705 8210/1994/4705 8211/1993/4706
f 8210/1994/4705 8209/1995/4705 8208/1996/4707
f 8207/1516/4708 8206/1518/4708 8205/1515/4708
f 8202/1997/4709 8204/1998/4710 8201/1999/4711
f 8202/1997/4709 8192/2000/4712 8203/2001/4713
f 8192/2000/4712 8202/1997/4709 8194/2002/4714
f 8201/1999/4711 8194/2002/4714 8202/1997/4709
f 8194/2002/4714 8201/1999/4711 8197/2003/4715
f 8187/2004/4716 8198/2005/4717 8200/2006/4718
f 8198/2005/4717 8187/2004/4716 8196/2007/4719
f 8185/99/4720 8196/2007/4719 8187/2004/4716
f 8196/2007/4719 8185/99/4720 8195/97/4721
f 8199/2008/4722 8198/2005/4717 8197/2003/4715
f 8196/2007/4719 8197/2003/4715 8198/2005/4717
f 8197/2003/4715 8196/2007/4719 8194/2002/4714
f 8195/97/4721 8194/2002/4714 8196/2007/4719
f 8194/2002/4714 8195/97/4721 8193/1973/4723
f 8194/2002/4714 8193/1973/4723 8192/2000/4712
f 8192/2000/4712 8193/1973/4723 8190/1975/4724
f 8190/1975/4724 8191/2009/4724 8192/2000/4712
f 8190/1975/4724 8189/2010/4725 8191/2009/4724
f 8189/2010/4725 8190/1975/4724 8188/1990/4726
f 8188/1990/4726 8187/2004/4716 8189/2010/4725
f 8187/2004/4716 8188/1990/4726 8186/1987/4727
f 8187/2004/4716 8186/1987/4727 8185/99/4720
f 8184/1515/4728 8183/1514/4728 8182/1516/4728
f 8181/98/4729 8180/1973/4729 8179/97/4729
f 8178/1484/4730 8177/1487/4730 8176/1485/4730
f 8175/96/4731 8174/99/4731 8173/1987/4732
f 8172/1485/4733 8171/1483/4733 8170/1484/4733
f 8169/2025/4734 8168/2028/4735 8167/1982/4736
f 8166/1488/4737 8165/1493/4737 8164/1489/4737
f 8163/1982/4738 8162/2026/4738 8161/2025/4738
f 8160/1489/3931 8159/1486/3931 8158/1488/3931
f 8157/2025/4658 8156/2030/4658 8155/2028/178
f 8154/2031/4739 8155/2028/178 8156/2030/4658
f 8155/2028/178 8154/2031/4739 8153/2032/178
f 8152/1500/3939 8151/1502/3939 8150/1499/4740
f 8149/2014/4741 8148/2033/4742 8147/2029/4742
f 8146/1499/4743 8145/1498/3937 8144/1500/3937
f 8143/2029/4744 8142/1992/4745 8141/2014/4745
f 8129/2034/4746 8131/2035/4747 8139/2036/4748
f 8139/2036/4748 8140/2037/4749 8129/2034/4746
f 8139/2036/4748 8138/2038/4750 8140/2037/4749
f 8138/2038/4750 8139/2036/4748 8137/2039/4751
f 8137/2039/4751 8136/2040/4752 8138/2038/4750
f 8136/2040/4752 8137/2039/4751 8134/2041/4753
f 8134/2041/4753 8135/848/4754 8136/2040/4752
f 8134/2041/4753 8133/2042/4755 8135/848/4754
f 8133/2042/4755 8134/2041/4753 8132/2043/4756
f 8132/2043/4756 8130/2044/4757 8133/2042/4755
f 8130/2044/4757 8132/2043/4756 8131/2035/4747
f 8130/2044/4757 8131/2035/4747 8129/2034/4746
f 8113/2036/4758 8122/2034/4759 8112/2037/4760
f 8122/2034/4759 8113/2036/4758 8121/2035/4761
f 8129/2034/4746 8127/2045/4762 8130/2044/4757
f 8127/2045/4762 8129/2034/4746 8128/2046/4762
f 8127/2045/4762 8128/2046/4762 8125/2047/4763
f 8127/2045/4762 8125/2047/4763 8126/2048/4764
f 8125/2047/4763 8123/2045/4765 8126/2048/4764
f 8123/2045/4765 8125/2047/4763 8124/2046/4766
f 8123/2045/4765 8124/2046/4766 8122/2034/4759
f 8122/2034/4759 8120/2044/4767 8123/2045/4765
f 8120/2044/4767 8122/2034/4759 8121/2035/4761
f 8120/2044/4767 8121/2035/4761 8119/2043/4768
f 8119/2043/4768 8118/2042/4769 8120/2044/4767
f 8118/2042/4769 8119/2043/4768 8116/2041/4770
f 8116/2041/4770 8117/848/4771 8118/2042/4769
f 8116/2041/4770 8115/2040/4772 8117/848/4771
f 8115/2040/4772 8116/2041/4770 8114/2039/4773
f 8114/2039/4773 8111/2038/4774 8115/2040/4772
f 8111/2038/4774 8114/2039/4773 8113/2036/4758
f 8113/2036/4758 8112/2037/4760 8111/2038/4774
f 8110/1492/3935 8109/1494/4775 8108/1491/3935
f 8106/2049/4776 8105/2050/4777 8107/2051/4778
f 8105/2050/4777 8106/2049/4776 8103/2052/4779
f 8103/2052/4779 8104/2053/4780 8105/2050/4777
f 8103/2052/4779 8102/2054/4781 8104/2053/4780
f 8102/2054/4781 8103/2052/4779 8101/2055/4782
f 8101/2055/4782 8100/2056/4783 8102/2054/4781
f 8100/2056/4783 8101/2055/4782 8098/2057/4784
f 8098/2057/4784 8099/2058/4785 8100/2056/4783
f 8098/2057/4784 8097/2059/4786 8099/2058/4785
f 8097/2059/4786 8098/2057/4784 8096/2060/4787
f 8096/2060/4787 8094/2061/4788 8097/2059/4786
f 8094/2061/4788 8096/2060/4787 8095/2062/4788
f 8094/2061/4788 8095/2062/4788 8093/2060/4789
f 8093/2060/4789 8092/2059/4790 8094/2061/4788
f 8092/2059/4790 8093/2060/4789 8090/2057/4791
f 8090/2057/4791 8091/2058/4792 8092/2059/4790
f 8090/2057/4791 8089/2056/4793 8091/2058/4792
f 8089/2056/4793 8090/2057/4791 8088/2055/4794
f 8088/2055/4794 8087/2054/4795 8089/2056/4793
f 8087/2054/4795 8088/2055/4794 8085/2052/4796
f 8085/2052/4796 8086/2053/4797 8087/2054/4795
f 8085/2052/4796 8084/2050/4798 8086/2053/4797
f 8084/2050/4798 8085/2052/4796 8083/2049/4799
f 8084/2050/4798 8083/2049/4799 8082/2051/4800
f 8081/1491/4801 8080/1490/4801 8079/1492/4801
f 8056/2063/4802 8077/2064/4803 8055/2065/4802
f 8077/2064/4803 8056/2063/4802 8078/2066/4803
f 8077/2064/4803 8078/2066/4803 8076/2067/4804
f 8076/2067/4804 8075/2068/4804 8077/2064/4803
f 8075/2068/4804 8076/2067/4804 8074/2069/4805
f 8074/2069/4805 8073/2070/4806 8075/2068/4804
f 8073/2070/4806 8074/2069/4805 8072/2071/4807
f 8072/2071/4807 8071/2072/4807 8073/2070/4806
f 8071/2072/4807 8072/2071/4807 8069/2073/4808
f 8069/2073/4808 8070/2074/4809 8071/2072/4807
f 8069/2073/4808 8067/2075/4810 8070/2074/4809
f 8067/2075/4810 8069/2073/4808 8068/2076/4810
f 8067/2075/4810 8068/2076/4810 8065/2073/4811
f 8065/2073/4811 8066/2074/4812 8067/2075/4810
f 8065/2073/4811 8064/2072/4813 8066/2074/4812
f 8064/2072/4813 8065/2073/4811 8063/2071/4814
f 8063/2071/4814 8062/2070/4815 8064/2072/4813
f 8062/2070/4815 8063/2071/4814 8061/2069/4816
f 8061/2069/4816 8060/2068/4817 8062/2070/4815
f 8060/2068/4817 8061/2069/4816 8059/2067/4818
f 8059/2067/4818 8057/2064/4819 8060/2068/4817
f 8057/2064/4819 8059/2067/4818 8058/2066/4820
f 8057/2064/4819 8058/2066/4820 8056/2063/4802
f 8057/2064/4819 8056/2063/4802 8055/2065/4802
f 8033/2077/4821 8031/2063/4822 8054/2066/4823
f 8054/2066/4823 8053/2078/4824 8033/2077/4821
f 8053/2078/4824 8054/2066/4823 8052/2067/4825
f 8052/2067/4825 8051/2079/4826 8053/2078/4824
f 8051/2079/4826 8052/2067/4825 8050/2069/4827
f 8050/2069/4827 8049/2080/4828 8051/2079/4826
f 8049/2080/4828 8050/2069/4827 8048/2071/4829
f 8048/2071/4829 8047/2081/4830 8049/2080/4828
f 8047/2081/4830 8048/2071/4829 8045/2073/4831
f 8045/2073/4831 8046/2082/4832 8047/2081/4830
f 8045/2073/4831 8043/2083/4833 8046/2082/4832
f 8043/2083/4833 8045/2073/4831 8044/2076/4834
f 8043/2083/4833 8044/2076/4834 8041/2073/4835
f 8041/2073/4835 8042/2082/4836 8043/2083/4833
f 8041/2073/4835 8040/2081/4837 8042/2082/4836
f 8040/2081/4837 8041/2073/4835 8039/2071/4838
f 8039/2071/4838 8038/2080/4839 8040/2081/4837
f 8038/2080/4839 8039/2071/4838 8037/2069/4840
f 8037/2069/4840 8036/2079/4841 8038/2080/4839
f 8036/2079/4841 8037/2069/4840 8035/2067/4842
f 8035/2067/4842 8034/2078/4843 8036/2079/4841
f 8034/2078/4843 8035/2067/4842 8032/2066/4844
f 8032/2066/4844 8033/2077/4821 8034/2078/4843
f 8033/2077/4821 8032/2066/4844 8031/2063/4822
f 8030/1486/4456 8029/1488/4456 8028/1483/4456
f 8026/2084/4845 8025/2085/4846 8027/2086/4845
f 8025/2085/4846 8026/2084/4845 8024/2087/4847
f 8024/2087/4847 8023/2088/4848 8025/2085/4846
f 8023/2088/4848 8024/2087/4847 8022/2089/4849
f 8022/2089/4849 8021/2090/4850 8023/2088/4848
f 8021/2090/4850 8022/2089/4849 8020/2091/4850
f 8020/2091/4850 8019/2092/4851 8021/2090/4850
f 8019/2092/4851 8020/2091/4850 8017/2093/4852
f 8017/2093/4852 8018/2094/4853 8019/2092/4851
f 8018/2094/4853 8017/2093/4852 8016/2095/4854
f 8015/1483/4855 8014/1484/4855 8013/1486/4855
f 8011/425/4856 8010/402/4857 8012/405/4856
f 8010/402/4857 8011/425/4856 8009/424/4858
f 8009/424/4858 8008/401/4859 8010/402/4857
f 8008/401/4859 8009/424/4858 8007/423/4860
f 8007/423/4860 8006/399/4861 8008/401/4859
f 8006/399/4861 8007/423/4860 8005/422/4862
f 8005/422/4862 8004/396/4863 8006/399/4861
f 8004/396/4863 8005/422/4862 8002/421/4864
f 8002/421/4864 8003/2096/4865 8004/396/4863
f 8003/2096/4865 8002/421/4864 8001/2097/4866
f 7999/405/4867 8000/404/4868 7997/403/4869
f 7997/403/4869 7998/402/4870 7999/405/4867
f 7997/403/4869 7996/401/4871 7998/402/4870
f 7996/401/4871 7997/403/4869 7995/400/4872
f 7995/400/4872 7993/399/4873 7996/401/4871
f 7993/399/4873 7995/400/4872 7994/397/4874
f 7993/399/4873 7994/397/4874 7990/398/4875
f 7990/398/4875 7992/396/4876 7993/399/4873
f 7990/398/4875 7991/2096/4877 7992/396/4876
f 7991/2096/4877 7990/398/4875 7989/2098/4878
f 7987/425/4879 7988/405/4880 7986/402/4881
f 7986/402/4881 7985/424/4882 7987/425/4879
f 7985/424/4882 7986/402/4881 7984/401/4883
f 7984/401/4883 7983/423/4884 7985/424/4882
f 7983/423/4884 7984/401/4883 7982/399/4885
f 7982/399/4885 7981/422/4886 7983/423/4884
f 7981/422/4886 7982/399/4885 7980/396/4887
f 7980/396/4887 7979/421/4888 7981/422/4886
f 7979/421/4888 7980/396/4887 7978/2096/4889
f 7979/421/4888 7978/2096/4889 7977/2097/4890
f 7975/404/4891 7976/420/4892 7974/419/4893
f 7974/419/4893 7973/403/4893 7975/404/4891
f 7973/403/4893 7974/419/4893 7972/418/4894
f 7972/418/4894 7971/400/4894 7973/403/4893
f 7971/400/4894 7972/418/4894 7970/417/4895
f 7970/417/4895 7969/397/4896 7971/400/4894
f 7969/397/4896 7970/417/4895 7968/416/4897
f 7968/416/4897 7967/398/4897 7969/397/4896
f 7967/398/4897 7968/416/4897 7966/2099/4898
f 7967/398/4897 7966/2099/4898 7965/2098/4898
f 7963/2100/4899 7964/2086/4900 7961/2085/4901
f 7961/2085/4901 7962/2101/4902 7963/2100/4899
f 7961/2085/4901 7959/2102/4903 7962/2101/4902
f 7959/2102/4903 7961/2085/4901 7960/2088/4904
f 7959/2102/4903 7960/2088/4904 7958/2090/4905
f 7958/2090/4905 7957/2103/4905 7959/2102/4903
f 7957/2103/4905 7958/2090/4905 7954/2092/4906
f 7954/2092/4906 7956/2104/4907 7957/2103/4905
f 7954/2092/4906 7955/2105/4908 7956/2104/4907
f 7955/2105/4908 7954/2092/4906 7953/2094/4908
f 7951/2084/4909 7952/2086/4910 7950/2085/4911
f 7950/2085/4911 7949/2087/4912 7951/2084/4909
f 7949/2087/4912 7950/2085/4911 7948/2088/4913
f 7948/2088/4913 7947/2089/4914 7949/2087/4912
f 7947/2089/4914 7948/2088/4913 7946/2090/4915
f 7946/2090/4915 7945/2091/4915 7947/2089/4914
f 7945/2091/4915 7946/2090/4915 7944/2092/4916
f 7944/2092/4916 7943/2093/4917 7945/2091/4915
f 7943/2093/4917 7944/2092/4916 7942/2094/4918
f 7943/2093/4917 7942/2094/4918 7941/2095/4919
f 7940/1481/4920 7939/1480/4921 7938/1482/4363
f 7936/2106/4922 7934/2107/4923 7937/2108/4924
f 7934/2107/4923 7936/2106/4922 7935/2109/4925
f 7934/2107/4923 7935/2109/4925 7932/2110/4926
f 7932/2110/4926 7933/2111/4927 7934/2107/4923
f 7932/2110/4926 7930/2112/4928 7933/2111/4927
f 7930/2112/4928 7932/2110/4926 7931/2113/4929
f 7930/2112/4928 7931/2113/4929 7928/2114/4930
f 7928/2114/4930 7929/2115/4930 7930/2112/4928
f 7928/2114/4930 7926/2116/4931 7929/2115/4930
f 7926/2116/4931 7928/2114/4930 7927/2117/4932
f 7926/2116/4931 7927/2117/4932 7924/2114/4933
f 7924/2114/4933 7925/2115/4934 7926/2116/4931
f 7924/2114/4933 7922/2112/4935 7925/2115/4934
f 7922/2112/4935 7924/2114/4933 7923/2113/4936
f 7922/2112/4935 7923/2113/4936 7920/2110/4937
f 7920/2110/4937 7921/2111/4938 7922/2112/4935
f 7920/2110/4937 7918/2107/4939 7921/2111/4938
f 7918/2107/4939 7920/2110/4937 7919/2109/4940
f 7918/2107/4939 7919/2109/4940 7917/2106/4941
f 7918/2107/4939 7917/2106/4941 7916/2108/4942
f 7915/1484/4943 7914/1483/4943 7913/1485/4943
f 7911/404/4944 7910/419/4945 7912/420/4946
f 7910/419/4945 7911/404/4944 7909/403/4945
f 7909/403/4945 7908/418/4947 7910/419/4945
f 7908/418/4947 7909/403/4945 7907/400/4947
f 7907/400/4947 7906/417/4948 7908/418/4947
f 7906/417/4948 7907/400/4947 7905/397/4948
f 7905/397/4948 7904/416/4949 7906/417/4948
f 7904/416/4949 7905/397/4948 7902/398/4949
f 7902/398/4949 7903/2099/4950 7904/416/4949
f 7903/2099/4950 7902/398/4949 7901/2098/4950
f 7900/1485/4951 7899/1487/4951 7898/1484/4951
f 7896/2094/4952 7895/2093/4953 7897/2095/4954
f 7895/2093/4953 7896/2094/4952 7894/2092/4955
f 7894/2092/4955 7893/2091/4956 7895/2093/4953
f 7893/2091/4956 7894/2092/4955 7892/2090/4957
f 7892/2090/4957 7891/2089/4958 7893/2091/4956
f 7891/2089/4958 7892/2090/4957 7889/2088/4958
f 7889/2088/4958 7890/2087/4959 7891/2089/4958
f 7890/2087/4959 7889/2088/4958 7888/2085/4959
f 7887/1488/4960 7886/1486/4960 7885/1489/4960
f 7883/416/4946 7882/397/4961 7884/398/4946
f 7882/397/4961 7883/416/4946 7881/417/4961
f 7881/417/4961 7880/400/4962 7882/397/4961
f 7880/400/4962 7881/417/4961 7879/418/4962
f 7879/418/4962 7878/403/4963 7880/400/4962
f 7878/403/4963 7879/418/4962 7876/419/4964
f 7876/419/4964 7877/404/4965 7878/403/4963
f 7877/404/4965 7876/419/4964 7875/420/4965
f 7874/1489/4966 7873/1493/4966 7872/1488/4966
f 7870/2118/4967 7868/2119/4968 7871/2120/4969
f 7868/2119/4968 7870/2118/4967 7869/2121/4970
f 7868/2119/4968 7869/2121/4970 7867/2122/4971
f 7867/2122/4971 7866/2123/4972 7868/2119/4968
f 7866/2123/4972 7867/2122/4971 7864/2124/4973
f 7864/2124/4973 7865/2125/4973 7866/2123/4972
f 7864/2124/4973 7862/2126/4974 7865/2125/4973
f 7862/2126/4974 7864/2124/4973 7863/2047/4974
f 7862/2126/4974 7863/2047/4974 7860/2124/4975
f 7860/2124/4975 7861/2125/4975 7862/2126/4974
f 7860/2124/4975 7859/2123/4976 7861/2125/4975
f 7859/2123/4976 7860/2124/4975 7858/2122/4977
f 7858/2122/4977 7856/2119/4978 7859/2123/4976
f 7856/2119/4978 7858/2122/4977 7857/2121/4979
f 7856/2119/4978 7857/2121/4979 7855/2118/4980
f 7856/2119/4978 7855/2118/4980 7854/2120/4981
f 7852/2094/4982 7853/2105/4982 7850/2127/4983
f 7850/2127/4983 7851/2092/4984 7852/2094/4982
f 7850/2127/4983 7848/2090/4985 7851/2092/4984
f 7848/2090/4985 7850/2127/4983 7849/2103/4986
f 7848/2090/4985 7849/2103/4986 7847/2102/4987
f 7847/2102/4987 7846/2088/4987 7848/2090/4985
f 7846/2088/4987 7847/2102/4987 7845/2101/4988
f 7846/2088/4987 7845/2101/4988 7844/2085/4989
f 7843/1496/4990 7842/1495/4990 7841/1497/4990
f 7839/396/4856 7838/422/4991 7840/421/4856
f 7838/422/4991 7839/396/4856 7837/399/4992
f 7837/399/4992 7836/423/4993 7838/422/4991
f 7836/423/4993 7837/399/4992 7835/401/4994
f 7835/401/4994 7834/424/4995 7836/423/4993
f 7834/424/4995 7835/401/4994 7832/402/4995
f 7832/402/4995 7833/425/4866 7834/424/4995
f 7833/425/4866 7832/402/4995 7831/405/4996
f 7829/2094/4997 7830/2095/4998 7828/2093/4999
f 7828/2093/4999 7827/2092/5000 7829/2094/4997
f 7827/2092/5000 7828/2093/4999 7826/2091/5001
f 7826/2091/5001 7825/2090/5002 7827/2092/5000
f 7825/2090/5002 7826/2091/5001 7824/2089/5003
f 7824/2089/5003 7823/2088/5004 7825/2090/5002
f 7823/2088/5004 7824/2089/5003 7822/2087/5005
f 7823/2088/5004 7822/2087/5005 7821/2085/5006
f 7819/396/5007 7820/398/5008 7818/397/5009
f 7818/397/5009 7817/399/5009 7819/396/5007
f 7817/399/5009 7818/397/5009 7815/400/5010
f 7815/400/5010 7816/401/5011 7817/399/5009
f 7815/400/5010 7813/402/5012 7816/401/5011
f 7813/402/5012 7815/400/5010 7814/403/5013
f 7813/402/5012 7814/403/5013 7812/404/5014
f 7813/402/5012 7812/404/5014 7811/405/5015
f 7810/1497/3940 7809/1501/5016 7808/1496/5017
f 7806/2094/4982 7804/2127/5018 7807/2105/4982
f 7804/2127/5018 7806/2094/4982 7805/2092/5019
f 7804/2127/5018 7805/2092/5019 7802/2090/5020
f 7802/2090/5020 7803/2103/5021 7804/2127/5018
f 7802/2090/5020 7801/2102/5022 7803/2103/5021
f 7801/2102/5022 7802/2090/5020 7799/2088/4987
f 7799/2088/4987 7800/2101/4988 7801/2102/5022
f 7800/2101/4988 7799/2088/4987 7798/2085/4988
f 7796/2128/5023 7797/2129/5024 7795/2130/5025
f 7795/2130/5025 7794/2131/5026 7796/2128/5023
f 7794/2131/5026 7795/2130/5025 7793/2132/5027
f 7793/2132/5027 7792/2133/5028 7794/2131/5026
f 7792/2133/5028 7793/2132/5027 7791/2134/5029
f 7792/2133/5028 7791/2134/5029 7790/2135/5030
f 7788/2136/5031 7789/2137/5032 7787/2138/5033
f 7787/2138/5033 7786/2139/5034 7788/2136/5031
f 7786/2139/5034 7787/2138/5033 7784/2140/5035
f 7784/2140/5035 7785/2141/5036 7786/2139/5034
f 7784/2140/5035 7782/2142/5037 7785/2141/5036
f 7782/2142/5037 7784/2140/5035 7783/2143/5038
f 7782/2142/5037 7783/2143/5038 7780/2140/5039
f 7780/2140/5039 7781/2141/5040 7782/2142/5037
f 7780/2140/5039 7779/2139/5041 7781/2141/5040
f 7779/2139/5041 7780/2140/5039 7777/2138/5042
f 7777/2138/5042 7778/2136/5043 7779/2139/5041
f 7778/2136/5043 7777/2138/5042 7776/2137/5044
f 7774/2144/5045 7775/2145/5046 7773/2146/5047
f 7773/2146/5047 7772/2147/5048 7774/2144/5045
f 7772/2147/5048 7773/2146/5047 7770/2148/5049
f 7770/2148/5049 7771/2149/5050 7772/2147/5048
f 7770/2148/5049 7768/2150/5051 7771/2149/5050
f 7768/2150/5051 7770/2148/5049 7769/2143/5052
f 7768/2150/5051 7769/2143/5052 7766/2148/5053
f 7766/2148/5053 7767/2149/5054 7768/2150/5051
f 7766/2148/5053 7765/2147/5055 7767/2149/5054
f 7765/2147/5055 7766/2148/5053 7763/2146/5056
f 7763/2146/5056 7764/2144/5057 7765/2147/5055
f 7764/2144/5057 7763/2146/5056 7762/2145/5058
f 7761/1504/5059 7760/1503/5059 7759/1505/5059
f 7757/2128/5060 7756/2130/5061 7758/2129/5062
f 7756/2130/5061 7757/2128/5060 7755/2131/5063
f 7755/2131/5063 7754/2132/5064 7756/2130/5061
f 7754/2132/5064 7755/2131/5063 7752/2133/5065
f 7752/2133/5065 7753/2134/5066 7754/2132/5064
f 7753/2134/5066 7752/2133/5065 7751/2135/5067
f 7749/2151/5068 7750/2152/5069 7745/2153/5070
f 7745/2153/5070 7748/2154/5071 7749/2151/5068
f 7745/2153/5070 7747/2155/5072 7748/2154/5071
f 7745/2153/5070 7746/2156/5073 7747/2155/5072
f 7746/2156/5073 7745/2153/5070 7744/2157/5074
f 7742/2156/5075 7743/2157/5076 7738/2153/5077
f 7738/2153/5077 7741/2155/5078 7742/2156/5075
f 7738/2153/5077 7740/2154/5079 7741/2155/5078
f 7738/2153/5077 7739/2151/5080 7740/2154/5079
f 7739/2151/5080 7738/2153/5077 7737/2152/5081
f 7735/2158/5082 7736/2159/5083 7734/2160/5084
f 7734/2160/5084 7733/2161/5085 7735/2158/5082
f 7733/2161/5085 7734/2160/5084 7731/2162/5086
f 7731/2162/5086 7732/2163/5087 7733/2161/5085
f 7732/2163/5087 7731/2162/5086 7730/2164/5088
f 7728/2163/5089 7729/2164/5090 7727/2162/5091
f 7727/2162/5091 7726/2161/5092 7728/2163/5089
f 7726/2161/5092 7727/2162/5091 7724/2160/5093
f 7724/2160/5093 7725/2158/5094 7726/2161/5092
f 7725/2158/5094 7724/2160/5093 7723/2159/5095
f 7721/2165/5096 7722/2166/5097 7718/2167/5098
f 7718/2167/5098 7720/2168/5099 7721/2165/5096
f 7718/2167/5098 7719/2169/5100 7720/2168/5099
f 7719/2169/5100 7718/2167/5098 7717/2170/5101
f 7715/2169/5102 7716/2170/5103 7712/2167/5104
f 7712/2167/5104 7714/2168/5105 7715/2169/5102
f 7712/2167/5104 7713/2165/5106 7714/2168/5105
f 7713/2165/5106 7712/2167/5104 7711/2166/5107
f 7709/2165/5108 7710/2166/5109 7706/2167/5110
f 7706/2167/5110 7708/2168/5111 7709/2165/5108
f 7706/2167/5110 7707/2169/5112 7708/2168/5111
f 7707/2169/5112 7706/2167/5110 7705/2170/5113
f 7703/2169/5114 7704/2170/5115 7700/2167/5116
f 7700/2167/5116 7702/2168/5117 7703/2169/5114
f 7700/2167/5116 7701/2165/5118 7702/2168/5117
f 7701/2165/5118 7700/2167/5116 7699/2166/5119
f 7697/2165/5120 7698/2166/5121 7694/2167/5122
f 7694/2167/5122 7696/2168/5123 7697/2165/5120
f 7694/2167/5122 7695/2169/5124 7696/2168/5123
f 7695/2169/5124 7694/2167/5122 7693/2170/5125
f 7692/1505/5126 7691/1506/5126 7690/1504/5126
f 7688/2171/5127 7686/2172/5128 7689/2173/5129
f 7686/2172/5128 7688/2171/5127 7687/2174/5130
f 7686/2172/5128 7687/2174/5130 7684/2175/5131
f 7684/2175/5131 7685/2176/5132 7686/2172/5128
f 7684/2175/5131 7680/2172/5133 7685/2176/5132
f 7680/2172/5133 7684/2175/5131 7683/2174/5134
f 7680/2172/5133 7683/2174/5134 7682/2171/5135
f 7682/2171/5135 7681/2173/5136 7680/2172/5133
f 7678/2177/5137 7679/2178/5138 7677/2179/5139
f 7677/2179/5139 7676/2180/5140 7678/2177/5137
f 7676/2180/5140 7677/2179/5139 7675/2181/5141
f 7676/2180/5140 7675/2181/5141 7674/2182/5142
f 7672/2183/5143 7673/2184/5144 7671/2185/5145
f 7671/2185/5145 7670/2186/5146 7672/2183/5143
f 7670/2186/5146 7671/2185/5145 7669/2187/5147
f 7670/2186/5146 7669/2187/5147 7668/2188/5148
f 7666/2036/5149 7667/2189/5150 7665/2190/5151
f 7665/2190/5151 7664/2035/5152 7666/2036/5149
f 7664/2035/5152 7665/2190/5151 7663/2191/5153
f 7664/2035/5152 7663/2191/5153 7662/2043/5154
f 7660/2169/5155 7661/2170/5156 7657/2167/5157
f 7657/2167/5157 7659/2168/5158 7660/2169/5155
f 7657/2167/5157 7658/2165/5159 7659/2168/5158
f 7658/2165/5159 7657/2167/5157 7656/2166/5160
f 7654/2192/5161 7655/2193/5162 7653/2194/5163
f 7653/2194/5163 7652/2195/5164 7654/2192/5161
f 7652/2195/5164 7653/2194/5163 7651/2196/5165
f 7652/2195/5164 7651/2196/5165 7650/2197/5166
f 7647/2198/5167 7648/2171/5168 7649/2199/5169
f 7647/2198/5167 7646/2174/5170 7648/2171/5168
f 7646/2174/5170 7647/2198/5167 7644/2200/5171
f 7644/2200/5171 7645/2175/5172 7646/2174/5170
f 7644/2200/5171 7643/2174/5173 7645/2175/5172
f 7643/2174/5173 7644/2200/5171 7641/2198/5174
f 7641/2198/5174 7642/2171/5175 7643/2174/5173
f 7642/2171/5175 7641/2198/5174 7640/2199/5176
f 5532/2201/5177 5541/2202/5178 7639/2203/5179
f 5531/2204/5180 5532/2201/5177 7639/2203/5179
f 5531/2204/5180 7639/2203/5179 7638/2202/5181
f 7638/2202/5181 5570/2205/5182 5531/2204/5180
f 5570/2205/5182 7638/2202/5181 7637/2206/5183
f 7637/2206/5183 5561/2207/5184 5570/2205/5182
f 5561/2207/5184 7637/2206/5183 5548/2208/5185
f 5548/2208/5185 5547/2209/5186 5561/2207/5184
f 7625/1251/5187 7629/1245/5188 7623/1239/5189
f 7629/1245/5188 7636/1243/5190 7623/1239/5189
f 7636/1243/5190 7629/1245/5188 7631/1242/5191
f 7631/1242/5191 7634/1244/5192 7636/1243/5190
f 7634/1244/5192 7633/1246/5193 7635/1247/5194
f 7633/1246/5193 7634/1244/5192 7631/1242/5191
f 7631/1242/5191 7632/1248/5195 7633/1246/5193
f 7631/1242/5191 7630/1249/5196 7632/1248/5195
f 7630/1249/5196 7631/1242/5191 7629/1245/5188
f 7629/1245/5188 7628/1250/5197 7630/1249/5196
f 7629/1245/5188 7625/1251/5187 7628/1250/5197
f 7627/1252/5198 7628/1250/5197 7625/1251/5187
f 7625/1251/5187 7626/1253/5199 7627/1252/5198
f 7626/1253/5199 7625/1251/5187 7624/1240/5200
f 7623/1239/5189 7624/1240/5200 7625/1251/5187
f 7624/1240/5200 7623/1239/5189 7622/1241/5201
f 7621/1508/5202 7620/1507/5202 7619/1509/5203
f 7617/2210/5204 7616/2211/5205 7618/2212/5206
f 7616/2211/5205 7617/2210/5204 7614/2213/5207
f 7614/2213/5207 7615/2108/5208 7616/2211/5205
f 7615/2108/5208 7614/2213/5207 7613/2106/5209
f 7611/2214/5210 7612/2215/5210 7610/2216/5211
f 7610/2216/5211 7609/2217/5212 7611/2214/5210
f 7609/2217/5212 7610/2216/5211 7608/2218/5213
f 7609/2217/5212 7608/2218/5213 7607/2219/5214
f 7606/1510/5215 7605/1508/5215 7604/1509/5216
f 7602/2036/5217 7601/2190/5218 7603/2189/5219
f 7601/2190/5218 7602/2036/5217 7599/2035/5220
f 7599/2035/5220 7600/2191/5221 7601/2190/5218
f 7600/2191/5221 7599/2035/5220 7598/2043/5222
f 7597/1512/5223 7596/1511/5223 7595/1513/5224
f 7593/2177/5225 7592/2179/5226 7594/2178/5227
f 7592/2179/5226 7593/2177/5225 7590/2180/5228
f 7590/2180/5228 7591/2181/5229 7592/2179/5226
f 7591/2181/5229 7590/2180/5228 7589/2182/5230
f 7588/1513/5231 7587/1517/5231 7586/1512/5231
f 7584/2214/5232 7583/2216/5233 7585/2215/5234
f 7583/2216/5233 7584/2214/5232 7581/2217/5235
f 7581/2217/5235 7582/2218/5236 7583/2216/5233
f 7582/2218/5236 7581/2217/5235 7580/2219/5237
f 7579/1519/3954 7578/1485/3954 7577/1487/3954
f 7574/1662/5238 7575/1661/5238 7576/1663/3970
f 7575/1661/5238 7574/1662/5238 7573/1664/5238
f 7570/1665/3978 7571/1663/3978 7572/1666/3977
f 7571/1663/3978 7570/1665/3978 7569/1662/5239
f 7566/1534/4086 7567/1667/4086 7568/1532/5240
f 7567/1667/4086 7566/1534/4086 7565/1668/4086
f 7562/1533/5241 7563/1532/5242 7564/1535/5242
f 7563/1532/5242 7562/1533/5241 7561/1534/5243
f 7558/1669/4089 7559/1564/4089 7560/1670/4089
f 7559/1564/4089 7558/1669/4089 7557/1566/4089
f 7554/1565/5244 7555/1564/5245 7556/1566/4149
f 7555/1564/5245 7554/1565/5244 7553/1567/5246
f 7550/1602/4089 7551/1671/4089 7552/1672/5247
f 7551/1671/4089 7550/1602/4089 7549/1673/4089
f 7546/1675/4150 7547/1674/4150 7548/1676/4150
f 7547/1674/4150 7546/1675/4150 7545/1677/4150
f 7542/1679/5248 7543/1678/5249 7544/1680/5249
f 7543/1678/5249 7542/1679/5248 7541/1681/5249
f 7538/1682/5250 7539/1600/5250 7540/1683/5250
f 7539/1600/5250 7538/1682/5250 7537/1684/5251
f 7534/1678/5252 7535/1679/5253 7536/1680/5254
f 7535/1679/5253 7534/1678/5252 7533/1681/5255
f 7530/1686/4098 7531/1685/5256 7532/1687/4099
f 7531/1685/5256 7530/1686/4098 7529/1688/5257
f 7526/1689/5258 7527/1600/5258 7528/1598/5259
f 7527/1600/5258 7526/1689/5258 7525/1690/5260
f 7522/1691/5261 7523/1600/5262 7524/1684/5262
f 7523/1600/5262 7522/1691/5261 7521/1692/5263
f 7518/1493/5264 7519/1693/5264 7520/1489/5265
f 7519/1693/5264 7518/1493/5264 7517/1694/5266
f 7514/1591/4006 7515/1590/4006 7516/1593/4006
f 7515/1590/4006 7514/1591/4006 7513/1592/4006
f 7510/1593/4007 7511/1494/4007 7512/1492/4007
f 7511/1494/4007 7510/1593/4007 7509/1590/4007
f 7506/1594/4008 7507/1592/4008 7508/1591/4008
f 7507/1592/4008 7506/1594/4008 7505/1595/4008
f 7502/1575/4009 7503/1595/4009 7504/1594/4009
f 7503/1595/4009 7502/1575/4009 7501/1596/4009
f 7498/1696/4114 7499/1695/4113 7500/1697/4114
f 7499/1695/4113 7498/1696/4114 7497/1698/5267
f 7494/1699/4118 7495/1698/4117 7496/1696/4118
f 7495/1698/4117 7494/1699/4118 7493/1700/4117
f 7490/1549/5268 7491/1548/5268 7492/1551/4119
f 7491/1548/5268 7490/1549/5268 7489/1550/5269
f 7486/1555/3979 7487/1554/3979 7488/1557/3979
f 7487/1554/3979 7486/1555/3979 7485/1556/3979
f 7482/1605/4120 7483/1604/4018 7484/1607/4019
f 7483/1604/4018 7482/1605/4120 7481/1606/5270
f 7478/1608/4022 7479/1556/5271 7480/1555/4022
f 7479/1556/5271 7478/1608/4022 7477/1609/5272
f 7474/1607/5273 7475/1609/5273 7476/1608/5273
f 7475/1609/5273 7474/1607/5273 7473/1604/5273
f 7470/1701/4122 7471/1700/4122 7472/1699/4122
f 7471/1700/4122 7470/1701/4122 7469/1702/4122
f 7466/1541/3970 7467/1540/5274 7468/1542/5274
f 7467/1540/5274 7466/1541/3970 7465/1543/5275
f 7462/1552/3978 7463/1543/3976 7464/1541/3975
f 7463/1543/3976 7462/1552/3978 7461/1553/5276
f 7458/1533/5277 7459/1532/5277 7460/1534/5278
f 7459/1532/5277 7458/1533/5277 7457/1535/3965
f 7454/1580/4123 7455/1575/4123 7456/1572/4123
f 7455/1575/4123 7454/1580/4123 7453/1583/4123
f 7450/1489/5279 7451/1694/5279 7452/1493/5280
f 7451/1694/5279 7450/1489/5279 7449/1693/5281
f 7446/1704/5282 7447/1703/5283 7448/1705/5284
f 7447/1703/5283 7446/1704/5282 7445/1706/5285
f 7442/1708/1093 7443/1707/1093 7444/1709/1093
f 7443/1707/1093 7442/1708/1093 7441/1710/1093
f 7438/1712/5286 7439/1711/5287 7440/1713/5288
f 7439/1711/5287 7438/1712/5286 7437/1714/5289
f 7434/1716/5290 7435/1715/5291 7436/1711/5292
f 7435/1715/5291 7434/1716/5290 7433/1717/5292
f 7430/1714/5293 7431/1713/5293 7432/1711/5294
f 7431/1713/5293 7430/1714/5293 7429/1712/5295
f 7426/1566/5296 7427/1603/5297 7428/1565/5298
f 7427/1603/5297 7426/1566/5296 7425/1719/5299
f 7422/1565/5300 7423/1672/5300 7424/1567/5301
f 7423/1672/5300 7422/1565/5300 7421/1602/5302
f 7418/1720/4090 7419/1677/4090 7420/1675/4090
f 7419/1677/4090 7418/1720/4090 7417/1721/4090
f 7414/1510/4152 7415/1722/4152 7416/1723/4152
f 7415/1722/4152 7414/1510/4152 7413/1509/4152
f 7410/1725/5303 7411/1724/5304 7412/1726/5303
f 7411/1724/5304 7410/1725/5303 7409/1727/5305
f 7406/1728/4156 7407/1727/4156 7408/1729/4156
f 7407/1727/4156 7406/1728/4156 7405/1724/4156
f 7402/1731/5306 7403/1730/5307 7404/1732/5308
f 7403/1730/5307 7402/1731/5306 7401/1733/5309
f 7398/1733/5310 7399/1727/5311 7400/1730/5312
f 7399/1727/5311 7398/1733/5310 7397/1724/5313
f 7394/1724/4166 7395/1732/4166 7396/1727/4166
f 7395/1732/4166 7394/1724/4166 7393/1731/4166
f 7390/1732/5314 7391/1726/5315 7392/1731/5316
f 7391/1726/5315 7390/1732/5314 7389/1725/5317
f 7386/1710/5318 7387/1734/5319 7388/1707/5318
f 7387/1734/5319 7386/1710/5318 7385/1735/5320
f 7382/1628/5321 7383/1627/5322 7384/1629/5323
f 7383/1627/5322 7382/1628/5321 7381/1630/5324
f 7378/1613/5325 7379/1736/5326 7380/1737/5327
f 7379/1736/5326 7378/1613/5325 7377/1611/5328
f 7374/1738/5329 7375/1657/5330 7376/1655/5330
f 7375/1657/5330 7374/1738/5329 7373/1739/5331
f 7370/1741/5332 7371/1740/5332 7372/1742/5332
f 7371/1740/5332 7370/1741/5332 7369/1743/5333
f 7366/1744/3982 7367/1563/3982 7368/1745/3982
f 7367/1563/3982 7366/1744/3982 7365/1562/3982
f 7362/1562/5334 7363/1559/5335 7364/1563/5336
f 7363/1559/5335 7362/1562/5334 7361/1561/5337
f 7358/1545/5338 7359/1544/5338 7360/1546/5338
f 7359/1544/5338 7358/1545/5338 7357/1547/5338
f 7354/1559/3981 7355/1558/3982 7356/1560/3982
f 7355/1558/3982 7354/1559/3981 7353/1561/3988
f 7350/1529/3980 7351/1528/3982 7352/1530/5339
f 7351/1528/3982 7350/1529/3980 7349/1531/3983
f 7346/1545/5340 7347/1544/5341 7348/1546/5340
f 7347/1544/5341 7346/1545/5340 7345/1547/5341
f 7342/1619/5342 7343/1621/5343 7344/1622/5344
f 7343/1621/5343 7342/1619/5342 7341/1620/5345
f 7338/1569/3996 7339/1568/5346 7340/1570/5347
f 7339/1568/5346 7338/1569/3996 7337/1571/5270
f 7334/1571/3998 7335/1578/5348 7336/1568/3998
f 7335/1578/5348 7334/1571/3998 7333/1579/3998
f 7330/1584/4004 7331/1577/4004 7332/1585/4004
f 7331/1577/4004 7330/1584/4004 7329/1576/4004
f 7326/1586/2414 7327/1585/2414 7328/1587/2414
f 7327/1585/2414 7326/1586/2414 7325/1584/2414
f 7322/1579/4000 7323/1572/4000 7324/1578/4000
f 7323/1572/4000 7322/1579/4000 7321/1575/4000
f 7318/1581/5349 7319/1580/5350 7320/1582/5351
f 7319/1580/5350 7318/1581/5349 7317/1583/4002
f 7314/1591/4006 7315/1590/4006 7316/1592/4006
f 7315/1590/4006 7314/1591/4006 7313/1593/4006
f 7310/1575/4009 7311/1595/4009 7312/1596/4009
f 7311/1595/4009 7310/1575/4009 7309/1594/4009
f 7306/1593/4007 7307/1494/4007 7308/1590/4007
f 7307/1494/4007 7306/1593/4007 7305/1492/4007
f 7302/1594/4008 7303/1592/4008 7304/1595/4008
f 7303/1592/4008 7302/1594/4008 7301/1591/4008
f 7298/1636/5352 7299/1635/5353 7300/1633/5354
f 7299/1635/5353 7298/1636/5352 7297/1634/5355
f 7294/1634/1102 7295/1638/1102 7296/1635/1102
f 7295/1638/1102 7294/1634/1102 7293/1637/1102
f 7290/1634/5356 7291/1633/5357 7292/1635/5356
f 7291/1633/5357 7290/1634/5356 7289/1636/5358
f 7286/1637/5359 7287/1635/5359 7288/1638/5359
f 7287/1635/5359 7286/1637/5359 7285/1634/5359
f 7282/1644/5360 7283/1643/5361 7284/1645/5362
f 7283/1643/5361 7282/1644/5360 7281/1646/5363
f 7278/1656/5364 7279/1655/5364 7280/1657/5365
f 7279/1655/5364 7278/1656/5364 7277/1658/5365
f 7274/1648/5366 7275/1647/5367 7276/1649/5368
f 7275/1647/5367 7274/1648/5366 7273/1650/5367
f 7270/1652/5369 7271/1651/5370 7272/1653/5371
f 7271/1651/5370 7270/1652/5369 7269/1654/5372
f 7266/1611/4025 7267/1610/4025 7268/1612/4025
f 7267/1610/4025 7266/1611/4025 7265/1613/4025
f 7262/1614/5373 7263/1610/5374 7264/1613/5375
f 7263/1610/5374 7262/1614/5373 7261/1615/5376
f 7258/1608/4022 7259/1556/5272 7260/1609/5272
f 7259/1556/5272 7258/1608/4022 7257/1555/5272
f 7254/1528/4041 7255/1529/4041 7256/1531/4041
f 7255/1529/4041 7254/1528/4041 7253/1530/4041
f 7250/1617/4036 7251/1618/4041 7252/1563/4041
f 7251/1618/4041 7250/1617/4036 7249/1616/4036
f 7246/1573/5377 7247/1572/5377 7248/1574/5377
f 7247/1572/5377 7246/1573/5377 7245/1575/5377
f 7243/1758/5378 7234/1759/5379 7244/1760/5379
f 7234/1759/5379 7243/1758/5378 7239/1756/5380
f 7242/1755/5381 7239/1756/5380 7243/1758/5378
f 7239/1756/5380 7242/1755/5381 7241/1757/883
f 7238/1761/883 7239/1756/5380 7240/1762/883
f 7239/1756/5380 7238/1761/883 7234/1759/5379
f 7236/1765/5382 7237/1766/5382 7233/1763/5327
f 7233/1763/5327 7235/1764/5383 7236/1765/5382
f 7233/1763/5327 7234/1759/5384 7235/1764/5383
f 7234/1759/5384 7233/1763/5327 7232/1760/5385
f 7230/1540/4214 7231/1796/4214 7228/1795/4214
f 7228/1795/4214 7229/1542/4214 7230/1540/4214
f 7229/1542/4214 7228/1795/4214 7227/1794/4341
f 7225/1800/5386 7226/1801/5387 7223/1799/5388
f 7223/1799/5388 7224/1797/5389 7225/1800/5386
f 7224/1797/5389 7223/1799/5388 7222/1798/5390
f 7220/1481/4201 7221/1482/4203 7218/1779/5391
f 7218/1779/5391 7219/1777/4201 7220/1481/4201
f 7219/1777/4201 7218/1779/5391 7217/1778/4204
f 7215/1958/5392 7216/1957/5393 7213/1657/5394
f 7213/1657/5394 7214/1960/5395 7215/1958/5392
f 7214/1960/5395 7213/1657/5394 7212/1655/5396
f 7210/1668/4086 7211/1793/4086 7208/1534/4086
f 7208/1534/4086 7209/1667/5397 7210/1668/4086
f 7209/1667/5397 7208/1534/4086 7207/1532/5398
f 7205/1767/5399 7206/1768/5400 7204/1789/5401
f 7204/1789/5401 7195/1782/5402 7205/1767/5399
f 7195/1782/5402 7204/1789/5401 7203/1788/5403
f 7201/1792/5402 7202/1768/5404 7200/1769/5402
f 7200/1769/5402 7198/1791/5405 7201/1792/5402
f 7198/1791/5405 7200/1769/5402 7199/1780/5405
f 7198/1791/5405 7199/1780/5405 7196/1781/5406
f 7196/1781/5406 7197/1790/5406 7198/1791/5405
f 7197/1790/5406 7196/1781/5406 7195/1782/5406
f 7193/1769/4070 7194/1767/4070 7191/1782/4070
f 7191/1782/4070 7192/1780/4070 7193/1769/4070
f 7192/1780/4070 7191/1782/4070 7190/1781/4070
f 7188/1777/4196 7189/1778/5407 7186/1779/4199
f 7186/1779/4199 7187/1481/4196 7188/1777/4196
f 7187/1481/4196 7186/1779/4199 7185/1482/4199
f 7183/1786/2414 7184/1787/2414 7181/1785/2414
f 7181/1785/2414 7182/1783/2414 7183/1786/2414
f 7182/1783/2414 7181/1785/2414 7180/1784/5408
f 7176/1525/5409 7179/1526/5410 7177/1520/5409
f 7174/1521/5409 7177/1520/5409 7178/1522/5409
f 7177/1520/5409 7174/1521/5409 7176/1525/5409
f 7172/1523/5409 7176/1525/5409 7174/1521/5409
f 7176/1525/5409 7172/1523/5409 7175/1527/5409
f 7174/1521/5409 7173/1524/5410 7172/1523/5409
f 7170/1877/895 7171/1876/895 7169/1875/5411
f 7169/1875/5411 7168/1874/5411 7170/1877/895
f 7168/1874/5411 7169/1875/5411 7167/1872/5412
f 7168/1874/5411 7167/1872/5412 7166/1873/4338
f 7164/2192/5413 7163/2194/5414 7165/2193/5415
f 7163/2194/5414 7164/2192/5413 7161/2195/5416
f 7161/2195/5416 7162/2196/5417 7163/2194/5414
f 7162/2196/5417 7161/2195/5416 7160/2197/5417
f 7158/1854/5418 7157/1856/5418 7159/1855/5418
f 7157/1856/5418 7158/1854/5418 7155/1857/5418
f 7155/1857/5418 7156/1858/5418 7157/1856/5418
f 7156/1858/5418 7155/1857/5418 7154/1859/5418
f 7152/2129/5419 7147/2220/5420 7153/2221/5421
f 7147/2220/5420 7152/2129/5419 7149/2128/5422
f 7148/2144/5423 7151/2222/5424 7146/2223/5425
f 7148/2144/5423 7149/2128/5422 7150/2135/5426
f 7149/2128/5422 7148/2144/5423 7147/2220/5420
f 7146/2223/5425 7147/2220/5420 7148/2144/5423
f 7147/2220/5420 7146/2223/5425 7145/2224/5427
f 7143/2225/5428 7144/2226/5429 7141/2227/5430
f 7141/2227/5430 7142/2228/5431 7143/2225/5428
f 7142/2228/5431 7141/2227/5430 7140/2229/5432
f 7138/2230/5433 7139/2231/5434 7136/2232/5435
f 7136/2232/5435 7137/2233/4772 7138/2230/5433
f 7137/2233/4772 7136/2232/5435 7135/2234/5436
f 7133/2228/5437 7134/2229/5438 7131/2227/5439
f 7131/2227/5439 7132/2225/5440 7133/2228/5437
f 7132/2225/5440 7131/2227/5439 7130/2226/5441
f 7128/2233/5442 7129/2234/5443 7126/2232/5444
f 7126/2232/5444 7127/2230/5445 7128/2233/5442
f 7127/2230/5445 7126/2232/5444 7125/2231/5446
f 7123/1564/5447 7122/1803/5448 7124/1802/5400
f 7122/1803/5448 7123/1564/5447 7120/1567/5449
f 7120/1567/5449 7121/1804/5450 7122/1803/5448
f 7121/1804/5450 7120/1567/5449 7119/1672/5451
f 7114/2235/5452 7117/2157/5453 7118/2156/5454
f 7117/2157/5453 7114/2235/5452 7112/2147/5455
f 7102/2235/5456 7105/2138/5457 7116/2236/5458
f 7114/2235/5452 7115/2236/5459 7113/2138/5460
f 7113/2138/5460 7112/2147/5455 7114/2235/5452
f 7112/2147/5455 7113/2138/5460 7110/2148/5461
f 7110/2148/5461 7111/2237/5462 7112/2147/5455
f 7110/2148/5461 7108/2150/5463 7111/2237/5462
f 7108/2150/5463 7110/2148/5461 7109/2143/5464
f 7108/2150/5463 7109/2143/5464 7106/2148/5465
f 7106/2148/5465 7107/2237/5466 7108/2150/5463
f 7106/2148/5465 7104/2147/5467 7107/2237/5466
f 7104/2147/5467 7106/2148/5465 7105/2138/5457
f 7105/2138/5457 7102/2235/5456 7104/2147/5467
f 7102/2235/5456 7103/2157/5468 7104/2147/5467
f 7103/2157/5468 7102/2235/5456 7101/2156/5469
f 7099/1866/5470 7098/1864/5471 7100/1867/5472
f 7098/1864/5471 7099/1866/5470 7096/1862/5473
f 7096/1862/5473 7097/1863/5471 7098/1864/5471
f 7097/1863/5471 7096/1862/5473 7095/1865/5474
f 7091/2214/5475 7094/2238/5476 7089/2136/5477
f 7091/2214/5475 7092/2239/5424 7093/2240/5423
f 7092/2239/5424 7091/2214/5475 7090/2241/5478
f 7089/2136/5477 7090/2241/5478 7091/2214/5475
f 7090/2241/5478 7089/2136/5477 7088/2242/5479
f 7085/2243/5480 7086/2244/5481 7087/2245/5481
f 7086/2244/5481 7085/2243/5480 7084/2246/5480
f 7081/2245/5482 7082/2246/5483 7083/2243/5484
f 7082/2246/5483 7081/2245/5482 7080/2247/5485
f 7077/2245/5486 7078/2248/5487 7079/2249/5488
f 7078/2248/5487 7077/2245/5486 7076/2244/5489
f 7073/2250/5490 7074/2251/5490 7075/2252/5491
f 7074/2251/5490 7073/2250/5490 7072/2253/5492
f 7069/2254/5493 7070/2247/5493 7071/2245/5494
f 7070/2247/5493 7069/2254/5493 7068/2255/5495
f 7065/2170/5496 7066/2169/5497 7067/2169/5498
f 7066/2169/5497 7065/2170/5496 7064/2170/5499
f 7061/2249/5500 7062/2251/5501 7063/2252/5502
f 7062/2251/5501 7061/2249/5500 7060/2248/5503
f 7057/2256/5504 7058/2257/5504 7059/2258/5504
f 7058/2257/5504 7057/2256/5504 7056/2259/5505
f 7053/2260/5506 7054/2259/5507 7055/2256/5507
f 7054/2259/5507 7053/2260/5506 7052/2261/5508
f 7049/2256/5509 7050/2253/5510 7051/2250/5511
f 7050/2253/5510 7049/2256/5509 7048/2259/5512
f 7045/2262/5513 7046/2259/5514 7047/2256/5514
f 7046/2259/5514 7045/2262/5513 7044/2263/5515
f 7041/2264/5516 7042/2263/5517 7043/2262/5518
f 7042/2263/5517 7041/2264/5516 7040/2265/5516
f 7037/2266/5519 7038/2265/5520 7039/2264/5521
f 7038/2265/5520 7037/2266/5519 7036/2267/5522
f 7033/2043/5523 7034/2268/5524 7035/2041/5525
f 7034/2268/5524 7033/2043/5523 7032/2191/5526
f 7029/2269/5527 7030/2270/5528 7031/2271/5528
f 7030/2270/5528 7029/2269/5527 7028/2272/5529
f 7025/2273/5530 7026/2182/5531 7027/2181/5532
f 7026/2182/5531 7025/2273/5530 7024/2274/5533
f 7021/2178/5534 7022/2274/5534 7023/2273/5535
f 7022/2274/5534 7021/2178/5534 7020/2177/5536
f 7017/2137/5537 7018/2238/5538 7019/2275/5539
f 7018/2238/5538 7017/2137/5537 7016/2136/5540
f 7013/2275/5541 7014/2219/5542 7015/2218/5543
f 7014/2219/5542 7013/2275/5541 7012/2238/5544
f 7009/2276/5545 7010/2277/5546 7011/2278/5547
f 7010/2277/5546 7009/2276/5545 7008/2279/5548
f 7005/2145/5549 7006/2135/5550 7007/2134/5551
f 7006/2135/5550 7005/2145/5549 7004/2144/5552
f 7001/2280/5553 7002/2281/5554 7003/2282/5555
f 7002/2281/5554 7001/2280/5553 7000/2283/5556
f 6997/2284/5557 6998/2155/5558 6999/2154/5559
f 6998/2155/5558 6997/2284/5557 6996/2285/5560
f 6993/2286/5561 6994/2285/5561 6995/2284/5562
f 6994/2285/5561 6993/2286/5561 6992/2287/5563
f 6989/2288/5564 6990/2287/5565 6991/2286/5566
f 6990/2287/5565 6989/2288/5564 6988/2289/5567
f 6985/2236/5568 6986/2289/5568 6987/2288/5569
f 6986/2289/5568 6985/2236/5568 6984/2235/5570
f 6981/2254/5571 6982/2247/5571 6983/2255/5572
f 6982/2247/5571 6981/2254/5571 6980/2245/5571
f 6977/2256/5573 6978/2257/5573 6979/2259/5573
f 6978/2257/5573 6977/2256/5573 6976/2258/5573
f 6973/2170/5574 6974/2169/5575 6975/2170/5576
f 6974/2169/5575 6973/2170/5574 6972/2169/5577
f 6969/2290/5578 6970/2291/5579 6971/2292/5580
f 6970/2291/5579 6969/2290/5578 6968/2293/5581
f 6965/2245/5582 6966/2248/5583 6967/2244/5584
f 6966/2248/5583 6965/2245/5582 6964/2249/5585
f 6961/2243/5586 6962/2244/5587 6963/2246/5586
f 6962/2244/5587 6961/2243/5586 6960/2245/5587
f 6957/2260/5588 6958/2259/5589 6959/2261/5588
f 6958/2259/5589 6957/2260/5588 6956/2256/5589
f 6953/2256/5590 6954/2253/5591 6955/2259/5592
f 6954/2253/5591 6953/2256/5590 6952/2250/5593
f 6949/2043/5594 6950/2268/5594 6951/2191/5595
f 6950/2268/5594 6949/2043/5594 6948/2041/5596
f 6946/1606/4319 6945/1860/4321 6947/1605/5597
f 6945/1860/4321 6946/1606/4319 6943/1861/4321
f 6943/1861/4321 6944/1550/5598 6945/1860/4321
f 6944/1550/5598 6943/1861/4321 6942/1549/5599
f 6940/1606/4335 6941/1605/4335 6939/1860/4321
f 6939/1860/4321 6938/1861/4321 6940/1606/4335
f 6938/1861/4321 6939/1860/4321 6937/1550/4336
f 6938/1861/4321 6937/1550/4336 6936/1549/4336
f 6934/1501/4328 6935/1502/4328 6933/1868/4329
f 6933/1868/4329 6932/1869/4329 6934/1501/4328
f 6932/1869/4329 6933/1868/4329 6931/1870/4329
f 6932/1869/4329 6931/1870/4329 6930/1871/4329
f 6928/1876/883 6929/1877/883 6925/1874/883
f 6925/1874/883 6927/1875/883 6928/1876/883
f 6925/1874/883 6926/1872/5600 6927/1875/883
f 6926/1872/5600 6925/1874/883 6924/1873/4343
f 6922/2183/5601 6921/2185/5602 6923/2184/5603
f 6921/2185/5602 6922/2183/5601 6919/2186/5604
f 6919/2186/5604 6920/2187/5605 6921/2185/5602
f 6920/2187/5605 6919/2186/5604 6918/2188/5605
f 6915/2269/5606 6916/2270/5607 6917/2272/5608
f 6916/2270/5607 6915/2269/5606 6914/2271/5607
f 6911/2273/5609 6912/2182/5610 6913/2274/5611
f 6912/2182/5610 6911/2273/5609 6910/2181/5612
f 6907/2178/5613 6908/2274/5613 6909/2177/5614
f 6908/2274/5613 6907/2178/5613 6906/2273/5615
f 6903/2137/5616 6904/2238/5617 6905/2136/5618
f 6904/2238/5617 6903/2137/5616 6902/2275/5619
f 6899/2275/5620 6900/2219/5621 6901/2238/5622
f 6900/2219/5621 6899/2275/5620 6898/2218/5623
f 6895/2276/5624 6896/2277/5625 6897/2279/5626
f 6896/2277/5625 6895/2276/5624 6894/2278/5627
f 6891/2145/5628 6892/2135/5629 6893/2144/5630
f 6892/2135/5629 6891/2145/5628 6890/2134/5631
f 6887/2290/5632 6888/2291/5633 6889/2293/5634
f 6888/2291/5633 6887/2290/5632 6886/2292/5635
f 6883/2249/5636 6884/2251/5637 6885/2248/5638
f 6884/2251/5637 6883/2249/5636 6882/2252/5639
f 6879/2280/5640 6880/2281/5641 6881/2283/5641
f 6880/2281/5641 6879/2280/5640 6878/2282/5642
f 6875/2284/5643 6876/2155/5644 6877/2285/5645
f 6876/2155/5644 6875/2284/5643 6874/2154/5646
f 6871/2264/5647 6872/2263/5648 6873/2265/5647
f 6872/2263/5648 6871/2264/5647 6870/2262/5649
f 6867/2262/5650 6868/2259/5651 6869/2263/5652
f 6868/2259/5651 6867/2262/5650 6866/2256/5653
f 6863/2250/5654 6864/2251/5655 6865/2253/5656
f 6864/2251/5655 6863/2250/5654 6862/2252/5655
f 6859/2266/5657 6860/2265/5657 6861/2267/5658
f 6860/2265/5657 6859/2266/5657 6858/2264/5659
f 6855/2245/5660 6856/2246/5661 6857/2247/5662
f 6856/2246/5661 6855/2245/5660 6854/2243/5663
f 6851/2288/5664 6852/2287/5665 6853/2289/5666
f 6852/2287/5665 6851/2288/5664 6850/2286/5667
f 6847/2236/5668 6848/2289/5669 6849/2235/5670
f 6848/2289/5669 6847/2236/5668 6846/2288/5671
f 6843/2286/5672 6844/2285/5673 6845/2287/5674
f 6844/2285/5673 6843/2286/5672 6842/2284/5675
f 6837/2136/5676 6838/2241/5677 6841/2242/5678
f 6839/2239/5679 6835/2214/5680 6840/2240/5681
f 6835/2214/5680 6839/2239/5679 6838/2241/5677
f 6838/2241/5677 6837/2136/5676 6835/2214/5680
f 6837/2136/5676 6836/2238/5682 6835/2214/5680
f 6830/2128/5683 6826/2144/5684 6834/2135/5685
f 6828/2223/5686 6829/2220/5687 6833/2224/5688
f 6829/2220/5687 6831/2129/5689 6832/2221/5690
f 6831/2129/5689 6829/2220/5687 6830/2128/5683
f 6826/2144/5684 6830/2128/5683 6829/2220/5687
f 6829/2220/5687 6828/2223/5686 6826/2144/5684
f 6828/2223/5686 6827/2222/5679 6826/2144/5684
f 6824/1589/4152 6823/1878/5691 6825/1588/4152
f 6823/1878/5691 6824/1589/4152 6821/1879/5691
f 6821/1879/5691 6822/1880/4340 6823/1878/5691
f 6822/1880/4340 6821/1879/5691 6820/1881/4340
f 6818/1889/4345 6819/1890/4345 6815/1887/1093
f 6815/1887/1093 6817/1888/1093 6818/1889/4345
f 6815/1887/1093 6816/1885/4344 6817/1888/1093
f 6816/1885/4344 6815/1887/1093 6814/1886/4344
f 6812/1539/5692 6813/1537/5693 6811/1805/5694
f 6811/1805/5694 6810/1806/5695 6812/1539/5692
f 6810/1806/5695 6811/1805/5694 6809/1807/5696
f 6810/1806/5695 6809/1807/5696 6808/1808/5697
f 6806/1754/1093 6807/1753/1093 6805/1749/1093
f 6805/1749/1093 6804/1750/1093 6806/1754/1093
f 6804/1750/1093 6805/1749/1093 6802/1891/1093
f 6802/1891/1093 6803/1752/1093 6804/1750/1093
f 6803/1752/1093 6802/1891/1093 6801/1751/1093
f 6799/1892/5698 6800/1893/5699 6798/1787/5700
f 6798/1787/5700 6797/1785/5701 6799/1892/5698
f 6797/1785/5701 6798/1787/5700 6795/1786/5702
f 6795/1786/5702 6796/1784/5703 6797/1785/5701
f 6796/1784/5703 6795/1786/5702 6794/1783/4347
f 6792/1900/5704 6793/1901/5705 6785/1697/5706
f 6785/1697/5706 6786/1896/5707 6792/1900/5704
f 6791/1899/5708 6792/1900/5704 6786/1896/5707
f 6786/1896/5707 6790/1898/5709 6791/1899/5708
f 6786/1896/5707 6789/1897/5710 6790/1898/5709
f 6789/1897/5710 6786/1896/5707 6788/1894/5711
f 6784/1695/5712 6788/1894/5711 6786/1896/5707
f 6788/1894/5711 6784/1695/5712 6787/1895/5713
f 6786/1896/5707 6785/1697/5706 6784/1695/5712
f 6783/2261/5714 6782/2260/5715 6781/2294/5716
f 6779/1558/4034 6777/1559/5717 6780/1560/4034
f 6777/1559/5717 6779/1558/4034 6778/1561/5718
f 6777/1559/5717 6778/1561/5718 6774/1562/5719
f 6774/1562/5719 6776/1563/5720 6777/1559/5717
f 6774/1562/5719 6775/1745/4034 6776/1563/5720
f 6775/1745/4034 6774/1562/5719 6773/1744/4034
f 6771/1902/5721 6772/1904/5722 6770/1903/5723
f 6770/1903/5723 6769/1905/5724 6771/1902/5721
f 6769/1905/5724 6770/1903/5723 6768/1906/5725
f 6768/1906/5725 6767/1907/5726 6769/1905/5724
f 6767/1907/5726 6768/1906/5725 6766/1908/5727
f 6767/1907/5726 6766/1908/5727 6765/1909/5728
f 6763/1913/5729 6764/1784/4374 6762/1914/4375
f 6762/1914/4375 6761/1915/4374 6763/1913/5729
f 6761/1915/4374 6762/1914/4375 6760/1916/4379
f 6760/1916/4379 6759/1917/5730 6761/1915/4374
f 6759/1917/5730 6760/1916/4379 6758/1918/5731
f 6759/1917/5730 6758/1918/5731 6757/1919/5732
f 6756/2294/5733 6755/2265/5733 6754/2261/5734
f 6752/1931/4404 6751/1933/4404 6753/1932/4404
f 6751/1933/4404 6752/1931/4404 6750/1788/4404
f 6750/1788/4404 6748/1514/5735 6751/1933/4404
f 6748/1514/5735 6750/1788/4404 6749/1789/5735
f 6748/1514/5735 6749/1789/5735 6745/1768/4404
f 6745/1768/4404 6747/1516/4404 6748/1514/5735
f 6745/1768/4404 6746/1934/5736 6747/1516/4404
f 6746/1934/5736 6745/1768/4404 6744/1935/5736
f 6742/1929/5737 6743/1930/5738 6741/1927/5739
f 6741/1927/5739 6740/1928/5740 6742/1929/5737
f 6740/1928/5740 6741/1927/5739 6739/1925/5741
f 6739/1925/5741 6738/1926/5742 6740/1928/5740
f 6738/1926/5742 6739/1925/5741 6735/1924/4389
f 6735/1924/4389 6737/1922/5743 6738/1926/5742
f 6735/1924/4389 6736/1923/5744 6737/1922/5743
f 6736/1923/5744 6735/1924/4389 6734/1921/5745
f 6732/1921/5746 6733/1923/5747 6730/1922/5748
f 6730/1922/5748 6731/1924/5749 6732/1921/5746
f 6730/1922/5748 6729/1925/4396 6731/1924/5749
f 6729/1925/4396 6730/1922/5748 6728/1926/4396
f 6728/1926/4396 6726/1927/5750 6729/1925/4396
f 6726/1927/5750 6728/1926/4396 6727/1928/5751
f 6726/1927/5750 6727/1928/5751 6725/1929/5752
f 6726/1927/5750 6725/1929/5752 6724/1930/5753
f 6723/2265/5754 6722/2294/5755 6721/2295/5756
f 6720/2296/5757 6719/2297/5757 6718/2298/5758
f 6717/2295/5759 6716/2299/5759 6715/2265/5760
f 6714/2298/5761 6713/2300/5762 6712/2296/5763
f 6711/2301/5764 6710/2302/5764 6709/2258/5764
f 6708/2303/5765 6707/2304/5766 6706/2305/5767
f 6705/2258/5768 6704/2257/5768 6703/2301/5768
f 6700/1659/857 6701/1658/857 6702/1656/857
f 6701/1658/857 6700/1659/857 6699/1660/857
f 6696/1640/5769 6697/1639/5770 6698/1641/5769
f 6697/1639/5770 6696/1640/5769 6695/1642/5771
f 6693/1623/5772 6694/1632/5773 6691/1630/5772
f 6691/1630/5772 6692/1625/5774 6693/1623/5772
f 6692/1625/5774 6691/1630/5772 6690/1628/5775
f 6688/1631/5776 6689/1624/5777 6690/1628/5778
f 6689/1624/5777 6688/1631/5776 6687/1626/5779
f 6684/1624/5780 6685/1623/5780 6686/1625/5780
f 6685/1623/5780 6684/1624/5780 6683/1626/5780
f 6680/1620/5781 6681/1622/5782 6682/1621/5782
f 6681/1622/5782 6680/1620/5781 6679/1619/5783
f 6676/1620/5784 6677/1618/5785 6678/1563/5785
f 6677/1618/5785 6676/1620/5784 6675/1619/5784
f 6672/1563/5786 6673/1619/5787 6674/1620/5788
f 6673/1619/5787 6672/1563/5786 6671/1618/5789
f 6668/1529/5790 6669/1528/3961 6670/1530/5790
f 6669/1528/3961 6668/1529/5790 6667/1531/3961
f 6664/1563/3961 6665/1616/3961 6666/1617/3961
f 6665/1616/3961 6664/1563/3961 6663/1618/3961
f 6660/1530/5791 6661/1531/4035 6662/1528/4034
f 6661/1531/4035 6660/1530/5791 6659/1529/5792
f 6656/1605/4018 6657/1604/4120 6658/1606/4019
f 6657/1604/4120 6656/1605/4018 6655/1607/4120
f 6652/1615/4030 6653/1613/5793 6654/1610/5794
f 6653/1613/5793 6652/1615/4030 6651/1614/5795
f 6648/1607/5273 6649/1609/5273 6650/1604/5273
f 6649/1609/5273 6648/1607/5273 6647/1608/5273
f 6644/1555/3979 6645/1554/3979 6646/1556/3979
f 6645/1554/3979 6644/1555/3979 6643/1557/3979
f 6640/1718/5796 6641/1711/5796 6642/1715/5797
f 6641/1711/5796 6640/1718/5796 6639/1713/5798
f 6636/1598/5799 6637/1597/5799 6638/1599/5800
f 6637/1597/5799 6636/1598/5799 6635/1600/5799
f 6632/1588/5801 6633/1587/4005 6634/1589/5802
f 6633/1587/4005 6632/1588/5801 6631/1586/4005
f 6628/1576/2414 6629/1574/2414 6630/1577/2414
f 6629/1574/2414 6628/1576/2414 6627/1573/2414
f 6624/1537/5803 6625/1536/5319 6626/1538/5804
f 6625/1536/5319 6624/1537/5803 6623/1539/5805
f 6620/1549/5268 6621/1548/5268 6622/1550/3973
f 6621/1548/5268 6620/1549/5268 6619/1551/5268
f 6616/1565/5806 6617/1601/5806 6618/1602/5807
f 6617/1601/5806 6616/1565/5806 6615/1603/5808
f 6613/1960/5809 6614/1655/5810 6611/1657/5811
f 6611/1657/5811 6612/1958/5812 6613/1960/5809
f 6612/1958/5812 6611/1657/5811 6610/1957/5813
f 6609/2306/5814 6606/2307/5815 6604/2308/5816
f 6604/2308/5816 6608/2309/5817 6609/2306/5814
f 6608/2309/5817 6604/2308/5816 6602/2310/5818
f 6608/2309/5817 6602/2310/5818 6596/2311/5819
f 6606/2307/5815 6607/2312/2578 6605/2313/5820
f 6605/2313/5820 6604/2308/5816 6606/2307/5815
f 6604/2308/5816 6605/2313/5820 6603/2314/5821
f 6603/2314/5821 6602/2310/5818 6604/2308/5816
f 6602/2310/5818 6603/2314/5821 6601/2315/5822
f 6601/2315/5822 6596/2311/5819 6602/2310/5818
f 6596/2311/5819 6601/2315/5822 6600/2316/5823
f 6596/2311/5819 6600/2316/5823 6598/2317/981
f 6597/2318/5824 6598/2317/981 6599/2319/5825
f 6598/2317/981 6597/2318/5824 6596/2311/5819
f 6596/2311/5819 6597/2318/5824 6593/2320/5826
f 6593/2320/5826 6595/2309/5827 6596/2311/5819
f 6593/2320/5826 6594/2306/5828 6595/2309/5827
f 6594/2306/5828 6593/2320/5826 6592/2321/5829
f 6590/2169/5830 6591/2170/5831 6587/2167/5832
f 6587/2167/5832 6589/2168/5833 6590/2169/5830
f 6587/2167/5832 6588/2165/5834 6589/2168/5833
f 6588/2165/5834 6587/2167/5832 6586/2166/5835
f 6584/2165/5836 6585/2166/5837 6581/2167/5838
f 6581/2167/5838 6583/2168/5839 6584/2165/5836
f 6581/2167/5838 6582/2169/5840 6583/2168/5839
f 6582/2169/5840 6581/2167/5838 6580/2170/5841
f 6578/2169/5842 6579/2170/5843 6575/2167/5844
f 6575/2167/5844 6577/2168/5845 6578/2169/5842
f 6575/2167/5844 6576/2165/5846 6577/2168/5845
f 6576/2165/5846 6575/2167/5844 6574/2166/5847
f 6572/2165/5848 6573/2166/5849 6569/2167/5850
f 6569/2167/5850 6571/2168/5851 6572/2165/5848
f 6569/2167/5850 6570/2169/5852 6571/2168/5851
f 6570/2169/5852 6569/2167/5850 6568/2170/5853
f 6566/2210/5854 6567/2212/5855 6565/2211/5856
f 6565/2211/5856 6564/2213/5857 6566/2210/5854
f 6564/2213/5857 6565/2211/5856 6563/2108/5858
f 6564/2213/5857 6563/2108/5858 6562/2106/5859
f 6560/2169/5860 6561/2170/5861 6557/2167/5862
f 6557/2167/5862 6559/2168/5863 6560/2169/5860
f 6557/2167/5862 6558/2165/5864 6559/2168/5863
f 6558/2165/5864 6557/2167/5862 6556/2166/5865
f 6554/2165/5866 6555/2166/5867 6551/2167/5868
f 6551/2167/5868 6553/2168/5869 6554/2165/5866
f 6551/2167/5868 6552/2169/5870 6553/2168/5869
f 6552/2169/5870 6551/2167/5868 6550/2170/5871
f 6549/2305/5872 6548/2322/5873 6547/2303/5872
f 6545/330/5874 6543/331/5875 6546/332/5876
f 6543/331/5875 6545/330/5874 6544/333/5877
f 6543/331/5875 6544/333/5877 6540/334/5878
f 6540/334/5878 6542/335/5879 6543/331/5875
f 6540/334/5878 6541/102/5880 6542/335/5879
f 6541/102/5880 6540/334/5878 6539/100/5881
f 6537/2016/5882 6538/2018/5883 6536/2017/5884
f 6536/2017/5884 6535/2019/5885 6537/2016/5882
f 6535/2019/5885 6536/2017/5884 6534/2020/5886
f 6534/2020/5886 6533/2021/5887 6535/2019/5885
f 6533/2021/5887 6534/2020/5886 6532/2022/5888
f 6533/2021/5887 6532/2022/5888 6531/2023/5889
f 6529/330/5890 6530/332/5891 6527/331/5892
f 6527/331/5892 6528/333/5893 6529/330/5890
f 6527/331/5892 6525/334/5894 6528/333/5893
f 6525/334/5894 6527/331/5892 6526/335/5895
f 6525/334/5894 6526/335/5895 6524/102/5896
f 6525/334/5894 6524/102/5896 6523/100/5897
f 6521/2096/5898 6522/2098/5899 6519/398/5900
f 6519/398/5900 6520/396/5901 6521/2096/5898
f 6519/398/5900 6517/399/5902 6520/396/5901
f 6517/399/5902 6519/398/5900 6518/397/5903
f 6517/399/5902 6518/397/5903 6516/400/5904
f 6516/400/5904 6515/401/5904 6517/399/5902
f 6515/401/5904 6516/400/5904 6512/403/5905
f 6512/403/5905 6514/402/5906 6515/401/5904
f 6512/403/5905 6513/405/5907 6514/402/5906
f 6513/405/5907 6512/403/5905 6511/404/5908
f 6509/2105/4908 6510/2094/4908 6507/2092/4906
f 6507/2092/4906 6508/2104/4907 6509/2105/4908
f 6507/2092/4906 6506/2103/4905 6508/2104/4907
f 6506/2103/4905 6507/2092/4906 6505/2090/4905
f 6505/2090/4905 6503/2102/5909 6506/2103/4905
f 6503/2102/5909 6505/2090/4905 6504/2088/4904
f 6503/2102/5909 6504/2088/4904 6500/2085/4901
f 6500/2085/4901 6502/2101/4902 6503/2102/5909
f 6500/2085/4901 6501/2100/4899 6502/2101/4902
f 6501/2100/4899 6500/2085/4901 6499/2086/4899
f 6498/2323/5910 6497/2324/5911 6496/2325/5911
f 6495/2326/1093 6484/1886/1093 6482/2327/1093
f 6484/1886/1093 6495/2326/1093 6494/2328/1093
f 6494/2328/1093 6493/1885/1093 6484/1886/1093
f 6493/1885/1093 6494/2328/1093 6492/2329/1093
f 6492/2329/1093 6491/1888/1093 6493/1885/1093
f 6491/1888/1093 6492/2329/1093 6490/2330/1093
f 6490/2330/1093 6489/2331/4345 6491/1888/1093
f 6489/2331/4345 6490/2330/1093 6488/1857/4345
f 6488/1857/4345 6487/2332/4345 6489/2331/4345
f 6487/2332/4345 6488/1857/4345 6486/1854/4345
f 6486/1854/4345 6485/1887/5912 6487/2332/4345
f 6485/1887/5912 6486/1854/4345 6483/2333/5912
f 6483/2333/5912 6484/1886/1093 6485/1887/5912
f 6484/1886/1093 6483/2333/5912 6482/2327/1093
f 6481/2325/5913 6480/2334/5913 6479/2323/5914
f 6477/1936/5915 6476/1938/5916 6478/1937/5915
f 6476/1938/5916 6477/1936/5915 6475/1939/5917
f 6475/1939/5917 6474/1940/5918 6476/1938/5916
f 6474/1940/5918 6475/1939/5917 6473/1941/5919
f 6473/1941/5919 6472/1942/5920 6474/1940/5918
f 6472/1942/5920 6473/1941/5919 6471/1943/5921
f 6471/1943/5921 6470/1944/5922 6472/1942/5920
f 6470/1944/5922 6471/1943/5921 6469/1945/5923
f 6469/1945/5923 6468/1946/5924 6470/1944/5922
f 6468/1946/5924 6469/1945/5923 6467/1947/5924
f 6467/1947/5924 6466/1948/5925 6468/1946/5924
f 6466/1948/5925 6467/1947/5924 6463/1949/5926
f 6463/1949/5926 6465/1950/5927 6466/1948/5925
f 6463/1949/5926 6464/1951/5928 6465/1950/5927
f 6464/1951/5928 6463/1949/5926 6462/1952/5929
f 6461/2334/5930 6460/2325/5931 6459/2335/5932
f 6445/2328/1093 6456/1886/1093 6447/1885/1093
f 6456/1886/1093 6445/2328/1093 6458/2326/1093
f 6457/2327/1093 6456/1886/1093 6458/2326/1093
f 6456/1886/1093 6457/2327/1093 6455/2333/5912
f 6455/2333/5912 6454/1887/5912 6456/1886/1093
f 6454/1887/5912 6455/2333/5912 6453/1854/4345
f 6453/1854/4345 6452/2332/4345 6454/1887/5912
f 6452/2332/4345 6453/1854/4345 6451/1857/4345
f 6451/1857/4345 6450/2331/4345 6452/2332/4345
f 6450/2331/4345 6451/1857/4345 6449/2330/1093
f 6449/2330/1093 6448/1888/1093 6450/2331/4345
f 6448/1888/1093 6449/2330/1093 6446/2329/1093
f 6446/2329/1093 6447/1885/1093 6448/1888/1093
f 6447/1885/1093 6446/2329/1093 6445/2328/1093
f 6443/1936/5933 6444/1937/5933 6442/1938/5934
f 6442/1938/5934 6441/1939/5935 6443/1936/5933
f 6441/1939/5935 6442/1938/5934 6440/1940/5936
f 6440/1940/5936 6439/1941/5937 6441/1939/5935
f 6439/1941/5937 6440/1940/5936 6438/1942/5938
f 6438/1942/5938 6437/1943/5939 6439/1941/5937
f 6437/1943/5939 6438/1942/5938 6436/1944/5940
f 6436/1944/5940 6435/1945/5941 6437/1943/5939
f 6435/1945/5941 6436/1944/5940 6434/1946/5942
f 6434/1946/5942 6433/1947/5942 6435/1945/5941
f 6433/1947/5942 6434/1946/5942 6432/1948/5943
f 6432/1948/5943 6430/1949/5944 6433/1947/5942
f 6430/1949/5944 6432/1948/5943 6431/1950/5945
f 6430/1949/5944 6431/1950/5945 6429/1951/5946
f 6430/1949/5944 6429/1951/5946 6428/1952/5947
f 6427/2335/5948 6426/2336/5949 6425/2334/5950
f 6422/2336/5951 6423/2297/5952 6424/2296/5953
f 6423/2297/5952 6422/2336/5951 6421/2335/5954
f 6418/2322/5955 6419/2337/5956 6420/2338/5957
f 6419/2337/5956 6418/2322/5955 6417/2305/5958
f 6408/2339/5959 6416/2323/5960 6406/2334/5961
f 6404/2340/5962 6414/2322/5963 6415/2338/5964
f 6414/2322/5963 6404/2340/5962 6413/2303/5965
f 6402/2341/5966 6413/2303/5965 6404/2340/5962
f 6413/2303/5965 6402/2341/5966 6412/2342/5967
f 6412/2342/5967 6411/2343/5968 6413/2303/5965
f 6411/2343/5968 6412/2342/5967 6410/2344/5969
f 6410/2344/5969 6409/2300/5970 6411/2343/5968
f 6409/2300/5970 6410/2344/5969 6408/2339/5959
f 6409/2300/5970 6408/2339/5959 6407/2296/5971
f 6406/2334/5961 6407/2296/5971 6408/2339/5959
f 6407/2296/5971 6406/2334/5961 6405/2336/5972
f 6404/2340/5962 6403/2345/5973 6402/2341/5966
f 6400/2304/5974 6401/2303/5975 6399/2343/5976
f 6399/2343/5976 6398/2346/5977 6400/2304/5974
f 6398/2346/5977 6399/2343/5976 6397/2300/5978
f 6398/2346/5977 6397/2300/5978 6396/2298/5979
f 6394/2347/5980 6395/2348/5981 6391/2349/5982
f 6391/2349/5982 6393/2350/5983 6394/2347/5980
f 6391/2349/5982 6392/2351/5984 6393/2350/5983
f 6391/2349/5982 6390/2352/5985 6392/2351/5984
f 6390/2352/5985 6391/2349/5982 6389/2353/5986
f 6389/2353/5986 6388/2354/5987 6390/2352/5985
f 6388/2354/5987 6389/2353/5986 6387/2355/5988
f 6387/2355/5988 6386/2356/5989 6388/2354/5987
f 6386/2356/5989 6387/2355/5988 6385/2357/5990
f 6385/2357/5990 6383/2358/5991 6386/2356/5989
f 6383/2358/5991 6385/2357/5990 6384/2359/5992
f 6383/2358/5991 6384/2359/5992 6382/2360/5993
f 6383/2358/5991 6382/2360/5993 6381/2361/5994
f 6379/1951/5995 6377/1949/5996 6380/1952/5997
f 6377/1949/5996 6379/1951/5995 6378/1950/5998
f 6377/1949/5996 6378/1950/5998 6376/1948/5999
f 6376/1948/5999 6375/1947/6000 6377/1949/5996
f 6375/1947/6000 6376/1948/5999 6374/1946/6001
f 6374/1946/6001 6373/1945/6002 6375/1947/6000
f 6373/1945/6002 6374/1946/6001 6372/1944/6003
f 6372/1944/6003 6371/1943/6004 6373/1945/6002
f 6371/1943/6004 6372/1944/6003 6370/1942/6005
f 6370/1942/6005 6369/1941/6006 6371/1943/6004
f 6369/1941/6006 6370/1942/6005 6368/1940/6007
f 6368/1940/6007 6367/1939/6008 6369/1941/6006
f 6367/1939/6008 6368/1940/6007 6365/1938/6009
f 6365/1938/6009 6366/1936/6010 6367/1939/6008
f 6366/1936/6010 6365/1938/6009 6364/1937/6010
f 6360/2362/6011 6362/2363/6012 6363/2364/6013
f 6360/2362/6011 6361/2365/6014 6362/2363/6012
f 6360/2362/6011 6359/2366/6015 6361/2365/6014
f 6359/2366/6015 6360/2362/6011 6358/2367/6016
f 6358/2367/6016 6356/2368/6017 6359/2366/6015
f 6356/2368/6017 6358/2367/6016 6357/2369/6018
f 6356/2368/6017 6357/2369/6018 6354/2370/6019
f 6354/2370/6019 6355/2047/6020 6356/2368/6017
f 6354/2370/6019 6352/2368/6021 6355/2047/6020
f 6352/2368/6021 6354/2370/6019 6353/2369/6022
f 6352/2368/6021 6353/2369/6022 6351/2367/6023
f 6351/2367/6023 6350/2366/6024 6352/2368/6021
f 6350/2366/6024 6351/2367/6023 6347/2362/6025
f 6347/2362/6025 6349/2365/6026 6350/2366/6024
f 6347/2362/6025 6348/2363/6027 6349/2365/6026
f 6348/2363/6027 6347/2362/6025 6346/2364/6028
f 6345/2371/6029 6344/2372/6029 6343/2373/6030
f 6341/2374/6031 6340/2375/6032 6342/2376/6033
f 6340/2375/6032 6341/2374/6031 6338/2377/6034
f 6338/2377/6034 6339/2378/6035 6340/2375/6032
f 6338/2377/6034 6337/2379/6036 6339/2378/6035
f 6337/2379/6036 6338/2377/6034 6336/2380/6037
f 6336/2380/6037 6335/2381/6038 6337/2379/6036
f 6335/2381/6038 6336/2380/6037 6334/2382/6039
f 6334/2382/6039 6333/2383/6040 6335/2381/6038
f 6333/2383/6040 6334/2382/6039 6331/2384/6041
f 6331/2384/6041 6332/2385/6042 6333/2383/6040
f 6331/2384/6041 6330/2383/6043 6332/2385/6042
f 6330/2383/6043 6331/2384/6041 6329/2382/6044
f 6329/2382/6044 6328/2381/6045 6330/2383/6043
f 6328/2381/6045 6329/2382/6044 6327/2380/6046
f 6327/2380/6046 6326/2379/6047 6328/2381/6045
f 6326/2379/6047 6327/2380/6046 6324/2377/6048
f 6324/2377/6048 6325/2378/6049 6326/2379/6047
f 6324/2377/6048 6321/2375/6050 6325/2378/6049
f 6321/2375/6050 6324/2377/6048 6323/2374/6051
f 6323/2374/6051 6322/2376/6052 6321/2375/6050
f 6320/2373/6053 6319/2386/6053 6318/2371/6053
f 6262/2387/6054 6302/2388/6055 6264/2389/6056
f 6302/2388/6055 6262/2387/6054 6309/2390/6057
f 6309/2390/6057 6310/2391/6058 6302/2388/6055
f 6310/2391/6058 6309/2390/6057 6317/2392/6059
f 6308/2393/6060 6317/2392/6059 6309/2390/6057
f 6317/2392/6059 6308/2393/6060 6316/2394/6061
f 6307/2395/6062 6316/2394/6061 6308/2393/6060
f 6316/2394/6061 6307/2395/6062 6315/2396/6063
f 6306/2393/6064 6315/2396/6063 6307/2395/6062
f 6315/2396/6063 6306/2393/6064 6314/2394/6065
f 6305/2390/6066 6314/2394/6065 6306/2393/6064
f 6314/2394/6065 6305/2390/6066 6313/2392/6067
f 6304/2388/6068 6313/2392/6067 6305/2390/6066
f 6313/2392/6067 6304/2388/6068 6312/2391/6069
f 6303/2397/6070 6312/2391/6069 6304/2388/6068
f 6312/2391/6069 6303/2397/6070 6311/2398/6071
f 6302/2388/6055 6311/2398/6071 6303/2397/6070
f 6311/2398/6071 6302/2388/6055 6310/2391/6058
f 6266/2399/6072 6268/2400/6073 6286/2401/6074
f 6266/2399/6072 6286/2401/6074 6301/2402/6075
f 6301/2402/6075 6263/2403/6076 6266/2399/6072
f 6263/2403/6076 6301/2402/6075 6300/2404/6077
f 6300/2404/6077 6262/2387/6054 6263/2403/6076
f 6262/2387/6054 6300/2404/6077 6299/2405/6078
f 6299/2405/6078 6309/2390/6057 6262/2387/6054
f 6309/2390/6057 6299/2405/6078 6308/2393/6060
f 6298/2406/6079 6308/2393/6060 6299/2405/6078
f 6308/2393/6060 6298/2406/6079 6307/2395/6062
f 6297/2405/6080 6307/2395/6062 6298/2406/6079
f 6307/2395/6062 6297/2405/6080 6306/2393/6064
f 6296/2387/6081 6306/2393/6064 6297/2405/6080
f 6306/2393/6064 6296/2387/6081 6305/2390/6066
f 6295/2389/6082 6305/2390/6066 6296/2387/6081
f 6305/2390/6066 6295/2389/6082 6304/2388/6068
f 6294/2407/6083 6304/2388/6068 6295/2389/6082
f 6304/2388/6068 6294/2407/6083 6303/2397/6070
f 6264/2389/6056 6303/2397/6070 6294/2407/6083
f 6303/2397/6070 6264/2389/6056 6302/2388/6055
f 6280/2408/6084 6301/2402/6075 6286/2401/6074
f 6301/2402/6075 6280/2408/6084 6293/2409/6085
f 6293/2409/6085 6300/2404/6077 6301/2402/6075
f 6300/2404/6077 6293/2409/6085 6292/2410/6086
f 6292/2410/6086 6299/2405/6078 6300/2404/6077
f 6299/2405/6078 6292/2410/6086 6298/2406/6079
f 6291/2404/6087 6298/2406/6079 6292/2410/6086
f 6298/2406/6079 6291/2404/6087 6297/2405/6080
f 6290/2403/6088 6297/2405/6080 6291/2404/6087
f 6297/2405/6080 6290/2403/6088 6296/2387/6081
f 6289/2411/6089 6296/2387/6081 6290/2403/6088
f 6296/2387/6081 6289/2411/6089 6295/2389/6082
f 6288/2412/6090 6295/2389/6082 6289/2411/6089
f 6295/2389/6082 6288/2412/6090 6294/2407/6083
f 6265/2411/6091 6294/2407/6083 6288/2412/6090
f 6294/2407/6083 6265/2411/6091 6264/2389/6056
f 6293/2409/6085 6280/2408/6084 6278/2401/6092
f 6278/2401/6092 6285/2402/6093 6293/2409/6085
f 6292/2410/6086 6293/2409/6085 6285/2402/6093
f 6285/2402/6093 6291/2404/6087 6292/2410/6086
f 6291/2404/6087 6285/2402/6093 6284/2399/6094
f 6291/2404/6087 6284/2399/6094 6290/2403/6088
f 6283/2413/6095 6290/2403/6088 6284/2399/6094
f 6290/2403/6088 6283/2413/6095 6289/2411/6089
f 6282/2414/6096 6289/2411/6089 6283/2413/6095
f 6289/2411/6089 6282/2414/6096 6288/2412/6090
f 6288/2412/6090 6282/2414/6096 6267/2413/6097
f 6267/2413/6097 6265/2411/6091 6288/2412/6090
f 6268/2400/6073 6270/2415/6098 6287/2416/6099
f 6287/2416/6099 6286/2401/6074 6268/2400/6073
f 6286/2401/6074 6287/2416/6099 6281/2417/6100
f 6286/2401/6074 6281/2417/6100 6280/2408/6084
f 6285/2402/6093 6278/2401/6092 6276/2400/6101
f 6276/2400/6101 6284/2399/6094 6285/2402/6093
f 6284/2399/6094 6276/2400/6101 6274/2418/6102
f 6284/2399/6094 6274/2418/6102 6283/2413/6095
f 6272/2419/6103 6283/2413/6095 6274/2418/6102
f 6283/2413/6095 6272/2419/6103 6282/2414/6096
f 6282/2414/6096 6272/2419/6103 6269/2418/6104
f 6269/2418/6104 6267/2413/6097 6282/2414/6096
f 6280/2408/6084 6281/2417/6100 6279/2416/6105
f 6279/2416/6105 6278/2401/6092 6280/2408/6084
f 6278/2401/6092 6279/2416/6105 6277/2415/6106
f 6277/2415/6106 6276/2400/6101 6278/2401/6092
f 6276/2400/6101 6277/2415/6106 6275/2420/6107
f 6275/2420/6107 6274/2418/6102 6276/2400/6101
f 6274/2418/6102 6275/2420/6107 6273/2421/6108
f 6274/2418/6102 6273/2421/6108 6272/2419/6103
f 6272/2419/6103 6273/2421/6108 6271/2420/6109
f 6271/2420/6109 6269/2418/6104 6272/2419/6103
f 6269/2418/6104 6271/2420/6109 6270/2415/6098
f 6270/2415/6098 6268/2400/6073 6269/2418/6104
f 6267/2413/6097 6269/2418/6104 6268/2400/6073
f 6268/2400/6073 6266/2399/6072 6267/2413/6097
f 6265/2411/6091 6267/2413/6097 6266/2399/6072
f 6265/2411/6091 6266/2399/6072 6263/2403/6076
f 6263/2403/6076 6264/2389/6056 6265/2411/6091
f 6264/2389/6056 6263/2403/6076 6262/2387/6054
f 6261/2422/6110 6260/2423/6110 6259/2424/6110
f 6257/2338/6111 6258/2337/6112 6255/2425/6113
f 6255/2425/6113 6256/2340/6114 6257/2338/6111
f 6255/2425/6113 6253/2345/6115 6256/2340/6114
f 6253/2345/6115 6255/2425/6113 6254/2426/6116
f 6253/2345/6115 6254/2426/6116 6252/2427/6117
f 6252/2427/6117 6251/2341/6118 6253/2345/6115
f 6251/2341/6118 6252/2427/6117 6250/2428/6119
f 6250/2428/6119 6249/2342/6120 6251/2341/6118
f 6249/2342/6120 6250/2428/6119 6248/2429/6121
f 6248/2429/6121 6247/2344/6122 6249/2342/6120
f 6247/2344/6122 6248/2429/6121 6246/2430/6123
f 6246/2430/6123 6243/2339/6124 6247/2344/6122
f 6243/2339/6124 6246/2430/6123 6245/2324/6125
f 6245/2324/6125 6244/2323/6126 6243/2339/6124
f 6242/2424/6127 6241/2431/6127 6240/2422/6128
f 6231/983/6129 6239/1340/6130 6232/1339/3251
f 6230/985/6131 6237/976/6132 6238/986/6133
f 6237/976/6132 6230/985/6131 6228/975/6134
f 6228/975/6134 6236/977/6135 6237/976/6132
f 6236/977/6135 6228/975/6134 6226/978/6136
f 6226/978/6136 6235/979/6137 6236/977/6135
f 6235/979/6137 6226/978/6136 6222/980/6138
f 6222/980/6138 6234/981/6139 6235/979/6137
f 6234/981/6139 6222/980/6138 6223/982/6140
f 6223/982/6140 6233/1338/3253 6234/981/6139
f 6223/982/6140 6232/1339/3251 6233/1338/3253
f 6232/1339/3251 6223/982/6140 6231/983/6129
f 6223/982/6140 6224/984/6141 6231/983/6129
f 6229/987/3243 6228/975/6134 6230/985/6131
f 6228/975/6134 6229/987/3243 6227/988/6142
f 6227/988/6142 6226/978/6136 6228/975/6134
f 6226/978/6136 6227/988/6142 6225/989/6143
f 6225/989/6143 6222/980/6138 6226/978/6136
f 6222/980/6138 6225/989/6143 6224/984/6141
f 6224/984/6141 6223/982/6140 6222/980/6138
f 6220/2016/6144 6219/2017/6145 6221/2018/6146
f 6219/2017/6145 6220/2016/6144 6218/2019/6147
f 6218/2019/6147 6217/2020/6145 6219/2017/6145
f 6217/2020/6145 6218/2019/6147 6215/2021/6145
f 6215/2021/6145 6216/2022/6145 6217/2020/6145
f 6216/2022/6145 6215/2021/6145 6214/2023/6148
f 6213/2424/6149 6212/2423/6149 6211/2432/6149
f 6210/2306/6150 6204/2308/6151 6206/2307/6152
f 6204/2308/6151 6210/2306/6150 6209/2309/6153
f 6209/2309/6153 6202/2310/6154 6204/2308/6151
f 6202/2310/6154 6209/2309/6153 6194/2311/6155
f 6198/2318/6156 6208/2319/6157 6199/2317/6158
f 6206/2307/6152 6205/2313/6159 6207/2312/2401
f 6205/2313/6159 6206/2307/6152 6204/2308/6151
f 6204/2308/6151 6203/2314/6160 6205/2313/6159
f 6203/2314/6160 6204/2308/6151 6202/2310/6154
f 6202/2310/6154 6201/2315/963 6203/2314/6160
f 6201/2315/963 6202/2310/6154 6194/2311/6155
f 6194/2311/6155 6200/2316/6161 6201/2315/963
f 6194/2311/6155 6199/2317/6158 6200/2316/6161
f 6199/2317/6158 6194/2311/6155 6198/2318/6156
f 6194/2311/6155 6195/2320/6162 6198/2318/6156
f 6196/2306/6163 6197/2321/6164 6195/2320/6162
f 6195/2320/6162 6193/2309/6165 6196/2306/6163
f 6195/2320/6162 6194/2311/6155 6193/2309/6165
f 6191/1229/6166 6192/1230/6167 6190/1231/6168
f 6181/1232/6169 6191/1229/6166 6182/1233/6170
f 6190/1231/6168 6182/1233/6170 6191/1229/6166
f 6182/1233/6170 6190/1231/6168 6183/1234/6171
f 6180/416/6172 6188/2433/6173 6189/2099/6174
f 6188/2433/6173 6180/416/6172 6179/1235/6175
f 6179/1235/6175 6187/2434/6176 6188/2433/6173
f 6187/2434/6176 6179/1235/6175 6178/1236/6177
f 6178/1236/6177 6186/2435/6178 6187/2434/6176
f 6178/1236/6177 6185/1237/6179 6186/2435/6178
f 6185/1237/6179 6178/1236/6177 6177/1226/6180
f 6177/1226/6180 6184/1238/6181 6185/1237/6179
f 6184/1238/6181 6177/1226/6180 6176/1227/6182
f 6176/1227/6182 6183/1234/6171 6184/1238/6181
f 6183/1234/6171 6176/1227/6182 6182/1233/6170
f 6175/1228/6183 6182/1233/6170 6176/1227/6182
f 6182/1233/6170 6175/1228/6183 6181/1232/6169
f 6175/1228/6183 6174/420/6184 6181/1232/6169
f 6173/417/6185 6179/1235/6175 6180/416/6172
f 6179/1235/6175 6173/417/6185 6172/1225/6186
f 6172/1225/6186 6178/1236/6177 6179/1235/6175
f 6172/1225/6186 6177/1226/6180 6178/1236/6177
f 6177/1226/6180 6172/1225/6186 6171/1224/6187
f 6171/1224/6187 6176/1227/6182 6177/1226/6180
f 6176/1227/6182 6171/1224/6187 6175/1228/6183
f 6169/419/6188 6175/1228/6183 6171/1224/6187
f 6175/1228/6183 6169/419/6188 6174/420/6184
f 6172/1225/6186 6173/417/6185 6170/418/6189
f 6170/418/6189 6171/1224/6187 6172/1225/6186
f 6171/1224/6187 6170/418/6189 6169/419/6188
f 6165/2436/6190 6166/2437/6191 6168/2438/6192
f 6149/2439/6193 6167/2440/6194 6140/2441/6195
f 6139/2442/6196 6140/2441/6195 6167/2440/6194
f 6167/2440/6194 6166/2437/6191 6139/2442/6196
f 6166/2437/6191 6165/2436/6190 6139/2442/6196
f 6139/2442/6196 6165/2436/6190 6164/2443/6197
f 6164/2443/6197 6130/2444/6198 6139/2442/6196
f 6130/2444/6198 6164/2443/6197 6163/2445/6199
f 6163/2445/6199 6129/2446/6200 6130/2444/6198
f 6129/2446/6200 6163/2445/6199 6162/2447/6201
f 6162/2447/6201 6133/2448/6202 6129/2446/6200
f 6133/2448/6202 6162/2447/6201 6161/2449/6203
f 6161/2449/6203 6135/2450/6204 6133/2448/6202
f 6135/2450/6204 6161/2449/6203 6160/2451/6205
f 6160/2451/6205 6137/2452/6206 6135/2450/6204
f 6137/2452/6206 6160/2451/6205 6159/2453/6207
f 6137/2452/6206 6159/2453/6207 6158/2454/6208
f 6158/2454/6208 6138/2455/6209 6137/2452/6206
f 6138/2455/6209 6158/2454/6208 6147/2456/6210
f 6156/2457/6211 6148/2458/6212 6157/2459/6213
f 6148/2458/6212 6156/2457/6211 6146/2460/6214
f 6155/2461/6215 6146/2460/6214 6156/2457/6211
f 6146/2460/6214 6155/2461/6215 6145/2462/6216
f 6154/2463/6217 6145/2462/6216 6155/2461/6215
f 6145/2462/6216 6154/2463/6217 6144/2464/6218
f 6153/2465/6219 6144/2464/6218 6154/2463/6217
f 6153/2465/6219 6143/2466/6220 6144/2464/6218
f 6143/2466/6220 6153/2465/6219 6152/2467/6221
f 6152/2467/6221 6142/2468/6222 6143/2466/6220
f 6142/2468/6222 6152/2467/6221 6151/2469/6223
f 6151/2469/6223 6141/2470/6224 6142/2468/6222
f 6141/2470/6224 6151/2469/6223 6150/2471/6225
f 6150/2471/6225 6149/2439/6193 6141/2470/6224
f 6140/2441/6195 6141/2470/6224 6149/2439/6193
f 6146/2460/6214 6147/2456/6210 6148/2458/6212
f 6147/2456/6210 6146/2460/6214 6138/2455/6209
f 6145/2462/6216 6138/2455/6209 6146/2460/6214
f 6138/2455/6209 6145/2462/6216 6136/2472/6226
f 6144/2464/6218 6136/2472/6226 6145/2462/6216
f 6144/2464/6218 6134/2473/6227 6136/2472/6226
f 6134/2473/6227 6144/2464/6218 6143/2466/6220
f 6143/2466/6220 6132/2474/6228 6134/2473/6227
f 6132/2474/6228 6143/2466/6220 6142/2468/6222
f 6142/2468/6222 6131/2475/6229 6132/2474/6228
f 6131/2475/6229 6142/2468/6222 6141/2470/6224
f 6141/2470/6224 6140/2441/6195 6131/2475/6229
f 6130/2444/6198 6131/2475/6229 6140/2441/6195
f 6140/2441/6195 6139/2442/6196 6130/2444/6198
f 6136/2472/6226 6137/2452/6206 6138/2455/6209
f 6136/2472/6226 6135/2450/6204 6137/2452/6206
f 6135/2450/6204 6136/2472/6226 6134/2473/6227
f 6134/2473/6227 6133/2448/6202 6135/2450/6204
f 6133/2448/6202 6134/2473/6227 6132/2474/6228
f 6132/2474/6228 6129/2446/6200 6133/2448/6202
f 6129/2446/6200 6132/2474/6228 6131/2475/6229
f 6131/2475/6229 6130/2444/6198 6129/2446/6200
f 6128/2432/6230 6127/2476/6230 6126/2424/6230
f 6120/2218/6231 6125/2137/6232 6118/2138/6233
f 6125/2137/6232 6120/2218/6231 6124/2275/6234
f 6122/2240/6235 6123/2215/6236 6121/2216/6237
f 6121/2216/6237 6119/2477/6238 6122/2240/6235
f 6119/2477/6238 6121/2216/6237 6120/2218/6231
f 6119/2477/6238 6120/2218/6231 6118/2138/6233
f 6118/2138/6233 6117/2478/6239 6119/2477/6238
f 6117/2478/6239 6118/2138/6233 6116/2140/6240
f 6116/2140/6240 6114/2479/6241 6117/2478/6239
f 6114/2479/6241 6116/2140/6240 6115/2143/6242
f 6114/2479/6241 6115/2143/6242 6113/2140/6243
f 6113/2140/6243 6112/2478/6244 6114/2479/6241
f 6112/2478/6244 6113/2140/6243 6105/2138/6245
f 6112/2478/6244 6105/2138/6245 6111/2477/6246
f 6106/2218/6247 6111/2477/6246 6105/2138/6245
f 6111/2477/6246 6106/2218/6247 6109/2216/6248
f 6109/2216/6248 6110/2240/6249 6111/2477/6246
f 6110/2240/6249 6109/2216/6248 6108/2215/6250
f 6104/2137/6251 6107/2275/6251 6106/2218/6247
f 6106/2218/6247 6105/2138/6245 6104/2137/6251
f 6103/2371/6252 6102/2386/6253 6101/2373/6254
f 6084/2480/6255 6094/2481/2536 6095/2482/6256
f 6095/2482/6256 6100/2483/6257 6084/2480/6255
f 6095/2482/6256 6099/2484/6258 6100/2483/6257
f 6099/2484/6258 6095/2482/6256 6098/2485/6259
f 6097/2484/6260 6098/2485/6259 6095/2482/6256
f 6095/2482/6256 6096/2483/6261 6097/2484/6260
f 6095/2482/6256 6045/2480/6262 6096/2483/6261
f 6045/2480/6262 6095/2482/6256 6094/2481/2536
f 6087/2486/6263 6093/2487/6264 6092/2488/6265
f 6092/2488/6265 6081/2489/6266 6087/2486/6263
f 6081/2489/6266 6092/2488/6265 6091/2490/6267
f 6081/2489/6266 6091/2490/6267 6083/2491/6268
f 6088/2492/6269 6085/2493/6270 6089/2494/6271
f 6076/2495/6272 6090/2496/6273 6061/2497/6274
f 6076/2495/6272 6089/2494/6271 6090/2496/6273
f 6089/2494/6271 6076/2495/6272 6088/2492/6269
f 6077/2498/6275 6088/2492/6269 6076/2495/6272
f 6077/2498/6275 6080/2499/6276 6088/2492/6269
f 6082/2500/6277 6088/2492/6269 6080/2499/6276
f 6088/2492/6269 6082/2500/6277 6085/2493/6270
f 6079/2151/6278 6087/2486/6263 6081/2489/6266
f 6085/2493/6270 6084/2480/6279 6086/2483/6280
f 6084/2480/6279 6085/2493/6270 6082/2500/6277
f 6082/2500/6277 6083/2491/6268 6084/2480/6279
f 6083/2491/6268 6082/2500/6277 6081/2489/6266
f 6080/2499/6276 6081/2489/6266 6082/2500/6277
f 6081/2489/6266 6080/2499/6276 6079/2151/6278
f 6077/2498/6275 6079/2151/6278 6080/2499/6276
f 6077/2498/6275 6078/2154/6281 6079/2151/6278
f 6077/2498/6275 6072/2284/6282 6078/2154/6281
f 6072/2284/6282 6077/2498/6275 6070/2501/6283
f 6076/2495/6272 6070/2501/6283 6077/2498/6275
f 6070/2501/6283 6076/2495/6272 6071/2502/6284
f 6061/2497/6274 6071/2502/6284 6076/2495/6272
f 6071/2502/6284 6061/2497/6274 6060/2148/6285
f 6074/2288/6286 6069/2138/6287 6075/2236/6288
f 6069/2138/6287 6074/2288/6286 6070/2501/6283
f 6073/2286/6289 6070/2501/6283 6074/2288/6286
f 6070/2501/6283 6073/2286/6289 6072/2284/6282
f 6060/2148/6285 6070/2501/6283 6071/2502/6284
f 6070/2501/6283 6060/2148/6285 6069/2138/6287
f 6054/2495/6290 6056/2497/6291 6068/2496/6292
f 6054/2495/6290 6068/2496/6292 6067/2494/6293
f 6067/2494/6293 6066/2492/6294 6054/2495/6290
f 6066/2492/6294 6067/2494/6293 6047/2493/6295
f 6066/2492/6294 6047/2493/6295 6048/2500/6296
f 6048/2500/6296 6049/2499/6297 6066/2492/6294
f 6050/2498/6298 6066/2492/6294 6049/2499/6297
f 6066/2492/6294 6050/2498/6298 6054/2495/6290
f 6063/2288/6299 6065/2236/6300 6064/2138/6301
f 6064/2138/6301 6053/2501/6302 6063/2288/6299
f 6053/2501/6302 6064/2138/6301 6057/2148/6303
f 6057/2148/6303 6055/2502/6304 6053/2501/6302
f 6053/2501/6302 6062/2286/6305 6063/2288/6299
f 6062/2286/6305 6053/2501/6302 6052/2284/6306
f 6058/2503/6307 6060/2148/6285 6061/2497/6274
f 6060/2148/6285 6058/2503/6307 6059/2143/6308
f 6058/2503/6307 6057/2148/6303 6059/2143/6308
f 6057/2148/6303 6058/2503/6307 6056/2497/6291
f 6055/2502/6304 6057/2148/6303 6056/2497/6291
f 6056/2497/6291 6054/2495/6290 6055/2502/6304
f 6054/2495/6290 6053/2501/6302 6055/2502/6304
f 6053/2501/6302 6054/2495/6290 6050/2498/6298
f 6050/2498/6298 6052/2284/6306 6053/2501/6302
f 6050/2498/6298 6051/2154/6309 6052/2284/6306
f 6050/2498/6298 6044/2151/6310 6051/2154/6309
f 6050/2498/6298 6049/2499/6297 6044/2151/6310
f 6040/2489/6311 6044/2151/6310 6049/2499/6297
f 6049/2499/6297 6048/2500/6296 6040/2489/6311
f 6039/2491/6312 6040/2489/6311 6048/2500/6296
f 6048/2500/6296 6045/2480/6313 6039/2491/6312
f 6045/2480/6313 6048/2500/6296 6047/2493/6295
f 6047/2493/6295 6046/2483/6314 6045/2480/6313
f 6044/2151/6310 6040/2489/6311 6042/2486/6315
f 6042/2486/6315 6041/2488/6316 6043/2487/6317
f 6041/2488/6316 6042/2486/6315 6040/2489/6311
f 6040/2489/6311 6038/2490/6318 6041/2488/6316
f 6040/2489/6311 6039/2491/6312 6038/2490/6318
f 6036/1751/6319 6031/1750/6319 6037/1752/6319
f 6031/1750/6319 6036/1751/6319 6034/1748/6319
f 6030/1749/857 6031/1750/6319 6034/1748/6319
f 6034/1748/6319 6035/1746/857 6030/1749/857
f 6035/1746/857 6034/1748/6319 6033/1747/857
f 6029/1753/857 6032/1754/857 6031/1750/6319
f 6031/1750/6319 6030/1749/857 6029/1753/857
f 6028/2373/6320 6027/2372/6321 6026/2371/6322
f 6016/2504/895 6024/1480/895 6025/2505/895
f 6024/1480/895 6016/2504/895 6023/1481/895
f 6017/2506/895 6023/1481/895 6016/2504/895
f 6023/1481/895 6017/2506/895 6022/2507/895
f 6023/1481/895 6022/2507/895 6021/1777/895
f 6019/2508/895 6020/2509/895 6018/2510/895
f 6018/2510/895 6015/2511/895 6019/2508/895
f 6015/2511/895 6018/2510/895 6017/2506/895
f 6017/2506/895 6016/2504/895 6015/2511/895
f 6014/2512/6323 6013/2513/6324 6012/2514/6324
f 6005/1502/4152 6008/2515/4152 6011/1499/4152
f 6009/2516/4152 6007/2517/4152 6010/2518/4152
f 6007/2517/4152 6009/2516/4152 6008/2515/4152
f 6008/2515/4152 6005/1502/4152 6007/2517/4152
f 6005/1502/4152 6006/1497/4152 6007/2517/4152
f 6006/1497/4152 6005/1502/4152 6004/1501/4152
f 6000/2519/6325 6003/2520/6326 6002/2188/6325
f 6002/2188/6325 6001/2187/6327 6000/2519/6325
f 5996/2184/6328 5999/2183/6329 5998/2520/6330
f 5998/2520/6330 5997/2519/6331 5996/2184/6328
f 5995/2514/6332 5994/2521/6332 5993/2512/6332
f 5991/2189/6333 5992/2036/6334 5990/2039/6335
f 5990/2039/6335 5987/2522/6336 5991/2189/6333
f 5987/2522/6336 5990/2039/6335 5989/2041/6337
f 5989/2041/6337 5988/2268/6338 5987/2522/6336
f 5983/2169/6339 5986/2169/6340 5985/2170/6339
f 5985/2170/6339 5984/2170/6341 5983/2169/6339
f 5979/2169/6342 5982/2169/6343 5981/2170/6344
f 5981/2170/6344 5980/2170/6345 5979/2169/6342
f 5971/300/6346 5978/2523/6347 5969/2524/909
f 5973/521/6348 5967/520/6349 5976/518/6350
f 5967/520/6349 5973/521/6348 5970/519/6351
f 5975/523/6352 5976/518/6350 5977/522/6353
f 5976/518/6350 5975/523/6352 5973/521/6348
f 5974/317/6354 5973/521/6348 5975/523/6352
f 5973/521/6348 5974/317/6354 5972/301/6355
f 5972/301/6355 5970/519/6351 5973/521/6348
f 5970/519/6351 5972/301/6355 5971/300/6346
f 5969/2524/909 5970/519/6351 5971/300/6346
f 5970/519/6351 5969/2524/909 5967/520/6349
f 5969/2524/909 5968/2525/6356 5967/520/6349
f 5965/301/6357 5956/2526/6358 5966/317/6359
f 5956/2526/6358 5965/301/6357 5955/2527/6360
f 5955/2527/6360 5965/301/6357 5953/300/6349
f 5953/300/6349 5954/2528/6361 5955/2527/6360
f 5950/2529/6362 5964/2530/6363 5963/2531/6364
f 5963/2531/6364 5949/2532/6365 5950/2529/6362
f 5949/2532/6365 5963/2531/6364 5962/311/6366
f 5962/311/6366 5947/309/6367 5949/2532/6365
f 5947/309/6367 5962/311/6366 5961/310/6368
f 5947/309/6367 5961/310/6368 5946/308/6369
f 5960/312/3378 5946/308/6369 5961/310/6368
f 5946/308/6369 5960/312/3378 5959/313/3377
f 5959/313/3377 5945/306/6370 5946/308/6369
f 5945/306/6370 5959/313/3377 5958/2533/6371
f 5958/2533/6371 5951/2534/6372 5945/306/6370
f 5951/2534/6372 5958/2533/6371 5957/2535/6373
f 5957/2535/6373 5956/2526/6358 5951/2534/6372
f 5955/2527/6360 5951/2534/6372 5956/2526/6358
f 5951/2534/6372 5955/2527/6360 5943/305/6374
f 5955/2527/6360 5954/2528/6361 5943/305/6374
f 5942/2536/6375 5943/305/6374 5954/2528/6361
f 5954/2528/6361 5953/300/6349 5942/2536/6375
f 5953/300/6349 5952/2523/6376 5942/2536/6375
f 5943/305/6374 5945/306/6370 5951/2534/6372
f 5944/307/6377 5941/2537/6378 5948/2538/6379
f 5949/2532/6365 5948/2538/6379 5950/2529/6362
f 5948/2538/6379 5949/2532/6365 5947/309/6367
f 5948/2538/6379 5947/309/6367 5944/307/6377
f 5946/308/6369 5944/307/6377 5947/309/6367
f 5944/307/6377 5946/308/6369 5945/306/6370
f 5945/306/6370 5943/305/6374 5944/307/6377
f 5941/2537/6378 5944/307/6377 5943/305/6374
f 5943/305/6374 5942/2536/6375 5941/2537/6378
f 5940/2514/6380 5939/2476/6380 5938/2432/6380
f 5913/2207/6381 5937/2208/6382 5930/2206/6383
f 5907/2209/6384 5937/2208/6382 5913/2207/6381
f 5937/2208/6382 5907/2209/6384 5936/2539/6385
f 5895/2207/6386 5936/2539/6385 5907/2209/6384
f 5895/2207/6386 5935/2208/6387 5936/2539/6385
f 5935/2208/6387 5895/2207/6386 5885/2205/6388
f 5885/2205/6388 5934/2206/6389 5935/2208/6387
f 5934/2206/6389 5885/2205/6388 5877/2204/6390
f 5877/2204/6390 5933/2202/6391 5934/2206/6389
f 5871/2201/6392 5933/2202/6391 5877/2204/6390
f 5933/2202/6391 5871/2201/6392 5932/2203/6393
f 5869/2204/6394 5932/2203/6393 5871/2201/6392
f 5869/2204/6394 5931/2202/6395 5932/2203/6393
f 5931/2202/6395 5869/2204/6394 5867/2205/6396
f 5867/2205/6396 5930/2206/6383 5931/2202/6395
f 5930/2206/6383 5867/2205/6396 5913/2207/6381
f 5867/2205/6396 5868/2540/6397 5913/2207/6381
f 5912/2541/6398 5913/2207/6381 5868/2540/6397
f 5868/2540/6397 5873/2542/6399 5912/2541/6398
f 5914/2543/6400 5912/2541/6398 5873/2542/6399
f 5873/2542/6399 5879/2544/6401 5914/2543/6400
f 5915/2545/6402 5914/2543/6400 5879/2544/6401
f 5879/2544/6401 5887/2546/6403 5915/2545/6402
f 5916/2547/6404 5915/2545/6402 5887/2546/6403
f 5887/2546/6403 5897/2548/6405 5916/2547/6404
f 5917/2549/6406 5916/2547/6404 5897/2548/6405
f 5897/2548/6405 5911/2550/6407 5917/2549/6406
f 5918/2551/6408 5917/2549/6406 5911/2550/6407
f 5918/2551/6408 5911/2550/6407 5922/2552/6409
f 5918/2551/6408 5922/2552/6409 5929/2553/6410
f 5918/2551/6408 5929/2553/6410 5919/2554/6411
f 5919/2554/6411 5929/2553/6410 5928/2555/6412
f 5928/2555/6412 5920/2556/6413 5919/2554/6411
f 5920/2556/6413 5928/2555/6412 5927/2557/6414
f 5920/2556/6413 5927/2557/6414 5921/2558/6415
f 5927/2557/6414 5926/2559/6416 5921/2558/6415
f 5908/2556/6417 5921/2558/6415 5926/2559/6416
f 5908/2556/6417 5926/2559/6416 5925/2557/6418
f 5908/2556/6417 5925/2557/6418 5909/2554/6419
f 5909/2554/6419 5925/2557/6418 5924/2555/6420
f 5924/2555/6420 5910/2551/6421 5909/2554/6419
f 5910/2551/6421 5924/2555/6420 5923/2553/6422
f 5910/2551/6421 5923/2553/6422 5911/2550/6407
f 5923/2553/6422 5922/2552/6409 5911/2550/6407
f 5908/2556/6417 5899/2560/6423 5921/2558/6415
f 5900/2561/6424 5921/2558/6415 5899/2560/6423
f 5921/2558/6415 5900/2561/6424 5920/2556/6413
f 5901/2562/6425 5920/2556/6413 5900/2561/6424
f 5901/2562/6425 5919/2554/6411 5920/2556/6413
f 5919/2554/6411 5901/2562/6425 5902/2548/6426
f 5902/2548/6426 5918/2551/6408 5919/2554/6411
f 5917/2549/6406 5918/2551/6408 5902/2548/6426
f 5902/2548/6426 5903/2563/6427 5917/2549/6406
f 5916/2547/6404 5917/2549/6406 5903/2563/6427
f 5903/2563/6427 5904/2564/6428 5916/2547/6404
f 5915/2545/6402 5916/2547/6404 5904/2564/6428
f 5904/2564/6428 5905/2565/6429 5915/2545/6402
f 5914/2543/6400 5915/2545/6402 5905/2565/6429
f 5905/2565/6429 5906/2540/6430 5914/2543/6400
f 5912/2541/6398 5914/2543/6400 5906/2540/6430
f 5906/2540/6430 5907/2209/6384 5912/2541/6398
f 5913/2207/6381 5912/2541/6398 5907/2209/6384
f 5911/2550/6407 5897/2548/6405 5910/2551/6421
f 5896/2562/6431 5910/2551/6421 5897/2548/6405
f 5896/2562/6431 5909/2554/6419 5910/2551/6421
f 5909/2554/6419 5896/2562/6431 5898/2561/6432
f 5898/2561/6432 5908/2556/6417 5909/2554/6419
f 5899/2560/6423 5908/2556/6417 5898/2561/6432
f 5907/2209/6384 5906/2540/6430 5895/2207/6386
f 5894/2566/6433 5895/2207/6386 5906/2540/6430
f 5906/2540/6430 5905/2565/6429 5894/2566/6433
f 5893/2567/6434 5894/2566/6433 5905/2565/6429
f 5905/2565/6429 5904/2564/6428 5893/2567/6434
f 5892/2568/6435 5893/2567/6434 5904/2564/6428
f 5904/2564/6428 5903/2563/6427 5892/2568/6435
f 5891/2547/6436 5892/2568/6435 5903/2563/6427
f 5903/2563/6427 5902/2548/6426 5891/2547/6436
f 5901/2562/6425 5891/2547/6436 5902/2548/6426
f 5891/2547/6436 5901/2562/6425 5890/2546/6437
f 5900/2561/6424 5890/2546/6437 5901/2562/6425
f 5890/2546/6437 5900/2561/6424 5889/2569/6438
f 5899/2560/6423 5889/2569/6438 5900/2561/6424
f 5889/2569/6438 5899/2560/6423 5888/2570/6439
f 5898/2561/6432 5888/2570/6439 5899/2560/6423
f 5888/2570/6439 5898/2561/6432 5886/2569/6440
f 5896/2562/6431 5886/2569/6440 5898/2561/6432
f 5886/2569/6440 5896/2562/6431 5887/2546/6403
f 5897/2548/6405 5887/2546/6403 5896/2562/6431
f 5895/2207/6386 5894/2566/6433 5885/2205/6388
f 5884/2571/6441 5885/2205/6388 5894/2566/6433
f 5894/2566/6433 5893/2567/6434 5884/2571/6441
f 5883/2572/6442 5884/2571/6441 5893/2567/6434
f 5893/2567/6434 5892/2568/6435 5883/2572/6442
f 5882/2564/6443 5883/2572/6442 5892/2568/6435
f 5892/2568/6435 5891/2547/6436 5882/2564/6443
f 5890/2546/6437 5882/2564/6443 5891/2547/6436
f 5882/2564/6443 5890/2546/6437 5881/2545/6444
f 5889/2569/6438 5881/2545/6444 5890/2546/6437
f 5881/2545/6444 5889/2569/6438 5880/2544/6445
f 5888/2570/6439 5880/2544/6445 5889/2569/6438
f 5880/2544/6445 5888/2570/6439 5878/2573/6446
f 5886/2569/6440 5878/2573/6446 5888/2570/6439
f 5878/2573/6446 5886/2569/6440 5879/2544/6401
f 5887/2546/6403 5879/2544/6401 5886/2569/6440
f 5885/2205/6388 5884/2571/6441 5877/2204/6390
f 5876/2574/6447 5877/2204/6390 5884/2571/6441
f 5884/2571/6441 5883/2572/6442 5876/2574/6447
f 5875/2567/6448 5876/2574/6447 5883/2572/6442
f 5883/2572/6442 5882/2564/6443 5875/2567/6448
f 5881/2545/6444 5875/2567/6448 5882/2564/6443
f 5875/2567/6448 5881/2545/6444 5874/2565/6449
f 5880/2544/6445 5874/2565/6449 5881/2545/6444
f 5874/2565/6449 5880/2544/6445 5872/2543/6450
f 5878/2573/6446 5872/2543/6450 5880/2544/6445
f 5872/2543/6450 5878/2573/6446 5873/2542/6399
f 5879/2544/6401 5873/2542/6399 5878/2573/6446
f 5877/2204/6390 5876/2574/6447 5871/2201/6392
f 5870/2571/6451 5871/2201/6392 5876/2574/6447
f 5876/2574/6447 5875/2567/6448 5870/2571/6451
f 5874/2565/6449 5870/2571/6451 5875/2567/6448
f 5870/2571/6451 5874/2565/6449 5866/2566/6452
f 5872/2543/6450 5866/2566/6452 5874/2565/6449
f 5866/2566/6452 5872/2543/6450 5868/2540/6397
f 5873/2542/6399 5868/2540/6397 5872/2543/6450
f 5871/2201/6392 5870/2571/6451 5869/2204/6394
f 5866/2566/6452 5869/2204/6394 5870/2571/6451
f 5869/2204/6394 5866/2566/6452 5867/2205/6396
f 5868/2540/6397 5867/2205/6396 5866/2566/6452
f 5865/2432/6453 5864/2521/6453 5863/2514/6453
f 5861/2198/6454 5852/2575/6455 5862/2199/6456
f 5861/2198/6454 5860/2576/6457 5852/2575/6455
f 5860/2576/6457 5861/2198/6454 5858/2200/6458
f 5858/2200/6458 5859/2577/6459 5860/2576/6457
f 5858/2200/6458 5857/2576/6460 5859/2577/6459
f 5857/2576/6460 5858/2200/6458 5856/2198/6461
f 5856/2198/6461 5836/2575/6462 5857/2576/6460
f 5836/2575/6462 5856/2198/6461 5855/2199/6463
f 5846/2578/6464 5847/2579/6465 5854/2580/6466
f 5852/2575/6455 5853/2581/6467 5851/2582/6468
f 5851/2582/6468 5850/2583/6469 5852/2575/6455
f 5850/2583/6469 5851/2582/6468 5849/2584/6470
f 5849/2584/6470 5848/2585/6471 5850/2583/6469
f 5848/2585/6471 5849/2584/6470 5847/2579/6465
f 5848/2585/6471 5847/2579/6465 5844/2586/6472
f 5829/2587/6473 5844/2586/6472 5847/2579/6465
f 5847/2579/6465 5846/2578/6464 5829/2587/6473
f 5828/2588/6474 5829/2587/6473 5846/2578/6464
f 5846/2578/6464 5845/2589/6475 5828/2588/6474
f 5828/2588/6474 5845/2589/6475 5831/2578/6476
f 5844/2586/6472 5829/2587/6473 5843/2590/6477
f 5827/2591/6478 5843/2590/6477 5829/2587/6473
f 5843/2590/6477 5827/2591/6478 5842/2592/6479
f 5827/2591/6478 5841/2590/6480 5842/2592/6479
f 5841/2590/6480 5827/2591/6478 5830/2587/6481
f 5830/2587/6481 5840/2586/6482 5841/2590/6480
f 5840/2586/6482 5830/2587/6481 5832/2579/6483
f 5832/2579/6483 5839/2585/6484 5840/2586/6482
f 5839/2585/6484 5832/2579/6483 5838/2584/6485
f 5838/2584/6485 5837/2583/6486 5839/2585/6484
f 5837/2583/6486 5838/2584/6485 5835/2582/6487
f 5835/2582/6487 5836/2575/6462 5837/2583/6486
f 5836/2575/6462 5835/2582/6487 5834/2581/6488
f 5832/2579/6483 5831/2578/6476 5833/2580/6489
f 5831/2578/6476 5832/2579/6483 5830/2587/6481
f 5830/2587/6481 5828/2588/6474 5831/2578/6476
f 5828/2588/6474 5830/2587/6481 5827/2591/6478
f 5829/2587/6473 5828/2588/6474 5827/2591/6478
f 5822/521/6490 5825/518/6491 5821/520/6492
f 5824/523/6493 5826/522/6494 5825/518/6491
f 5825/518/6491 5822/521/6490 5824/523/6493
f 5823/317/6495 5824/523/6493 5822/521/6490
f 5822/521/6490 5817/301/6496 5823/317/6495
f 5817/301/6496 5822/521/6490 5816/519/6497
f 5821/520/6492 5816/519/6497 5822/521/6490
f 5816/519/6497 5821/520/6492 5818/2524/6498
f 5821/520/6492 5820/2525/2807 5818/2524/6498
f 5815/300/6499 5818/2524/6498 5819/2523/2800
f 5818/2524/6498 5815/300/6499 5816/519/6497
f 5817/301/6496 5816/519/6497 5815/300/6499
f 5797/305/6500 5814/2537/561 5796/2536/562
f 5814/2537/561 5797/305/6500 5813/307/6501
f 5813/307/6501 5812/2538/560 5814/2537/561
f 5798/2534/6502 5801/306/6503 5797/305/6500
f 5801/306/6503 5813/307/6501 5797/305/6500
f 5813/307/6501 5801/306/6503 5803/308/6504
f 5803/308/6504 5806/309/6505 5813/307/6501
f 5812/2538/560 5813/307/6501 5806/309/6505
f 5806/309/6505 5808/2532/6506 5812/2538/560
f 5810/2529/6507 5812/2538/560 5808/2532/6506
f 5810/2529/6507 5809/2531/6508 5811/2530/6509
f 5809/2531/6508 5810/2529/6507 5808/2532/6506
f 5808/2532/6506 5807/311/6510 5809/2531/6508
f 5808/2532/6506 5806/309/6505 5807/311/6510
f 5806/309/6505 5805/310/6511 5807/311/6510
f 5805/310/6511 5806/309/6505 5803/308/6504
f 5803/308/6504 5804/312/6512 5805/310/6511
f 5803/308/6504 5802/313/555 5804/312/6512
f 5802/313/555 5803/308/6504 5801/306/6503
f 5801/306/6503 5800/2533/6513 5802/313/555
f 5801/306/6503 5798/2534/6502 5800/2533/6513
f 5799/2535/6514 5800/2533/6513 5798/2534/6502
f 5798/2534/6502 5791/2526/6515 5799/2535/6514
f 5791/2526/6515 5798/2534/6502 5792/2527/6516
f 5797/305/6500 5792/2527/6516 5798/2534/6502
f 5792/2527/6516 5797/305/6500 5794/2528/6517
f 5796/2536/562 5794/2528/6517 5797/305/6500
f 5794/2528/6517 5796/2536/562 5793/300/6492
f 5796/2536/562 5795/2523/2807 5793/300/6492
f 5793/300/6492 5792/2527/6516 5794/2528/6517
f 5792/2527/6516 5793/300/6492 5790/301/6518
f 5790/301/6518 5791/2526/6515 5792/2527/6516
f 5791/2526/6515 5790/301/6518 5789/317/6519
f 5782/2593/6520 5783/2594/6521 5784/2595/6522
f 5784/2595/6522 5788/2596/6523 5782/2593/6520
f 5784/2595/6522 5787/2597/6524 5788/2596/6523
f 5784/2595/6522 5786/2598/6525 5787/2597/6524
f 5784/2595/6522 5785/2599/6526 5786/2598/6525
f 5784/2595/6522 5780/2600/6527 5785/2599/6526
f 5780/2600/6527 5784/2595/6522 5783/2594/6521
f 5779/2601/6528 5780/2600/6527 5783/2594/6521
f 5783/2594/6521 5782/2593/6520 5779/2601/6528
f 5782/2593/6520 5781/2602/6529 5779/2601/6528
f 5780/2600/6527 5779/2601/6528 5778/2603/6530
f 5775/2604/6531 5776/2605/6532 5777/2606/6533
f 5776/2605/6532 5775/2604/6531 5774/2607/6534
f 5771/2608/6535 5772/2609/6536 5773/2610/6537
f 5772/2609/6536 5771/2608/6535 5770/2611/6538
f 5767/2612/6539 5768/2609/6540 5769/2611/6541
f 5768/2609/6540 5767/2612/6539 5766/2613/6542
f 5763/2606/6543 5764/2614/6544 5765/2615/6545
f 5764/2614/6544 5763/2606/6543 5762/2605/6546
f 5759/2604/6547 5760/2605/6548 5761/2607/6549
f 5760/2605/6548 5759/2604/6547 5758/2606/6550
f 5755/2616/6551 5756/2617/6552 5757/2618/6553
f 5756/2617/6552 5755/2616/6551 5754/2619/6552
f 5751/2620/6554 5752/2621/6555 5753/2622/6556
f 5752/2621/6555 5751/2620/6554 5750/2623/6555
f 5747/2623/6557 5748/2624/6558 5749/2621/6559
f 5748/2624/6558 5747/2623/6557 5746/2625/6560
f 5743/2626/6561 5744/2624/6562 5745/2625/6563
f 5744/2624/6562 5743/2626/6561 5742/2627/6564
f 5739/2608/6565 5740/2609/6566 5741/2611/6567
f 5740/2609/6566 5739/2608/6565 5738/2610/6568
f 5735/2612/6569 5736/2609/6570 5737/2613/6571
f 5736/2609/6570 5735/2612/6569 5734/2611/6572
f 5731/2606/6573 5732/2614/6574 5733/2605/6575
f 5732/2614/6574 5731/2606/6573 5730/2615/6576
f 5727/2597/6577 5728/2628/6578 5729/2629/6577
f 5728/2628/6578 5727/2597/6577 5726/2598/6577
f 5723/2629/6579 5724/2630/6580 5725/2631/6580
f 5724/2630/6580 5723/2629/6579 5722/2628/6581
f 5719/2620/6582 5720/2632/6583 5721/2633/6584
f 5720/2632/6583 5719/2620/6582 5718/2622/6582
f 5716/2602/6585 5717/2634/6586 5713/2635/6587
f 5713/2635/6587 5715/2601/6587 5716/2602/6585
f 5713/2635/6587 5714/2603/6588 5715/2601/6587
f 5714/2603/6588 5713/2635/6587 5712/2636/6588
f 5710/2637/6589 5711/2638/6590 5708/2639/6591
f 5708/2639/6591 5709/2640/6592 5710/2637/6589
f 5708/2639/6591 5706/2618/6593 5709/2640/6592
f 5706/2618/6593 5708/2639/6591 5707/2641/6594
f 5706/2618/6593 5707/2641/6594 5705/2642/6595
f 5705/2642/6595 5703/2616/6596 5706/2618/6593
f 5703/2616/6596 5705/2642/6595 5704/2643/6597
f 5703/2616/6596 5704/2643/6597 5700/2644/6598
f 5700/2644/6598 5702/2645/6599 5703/2616/6596
f 5700/2644/6598 5701/2646/6600 5702/2645/6599
f 5701/2646/6600 5700/2644/6598 5699/2647/6601
f 5685/1240/6602 5697/2648/5198 5698/1241/5199
f 5697/2648/5198 5685/1240/6602 5684/1251/6603
f 5684/1251/6603 5690/2649/6604 5697/2648/5198
f 5690/2649/6604 5684/1251/6603 5688/1245/6605
f 5679/1252/6606 5688/1245/6605 5684/1251/6603
f 5679/1252/6606 5687/2650/6607 5688/1245/6605
f 5687/2650/6607 5679/1252/6606 5680/2651/6608
f 5680/2651/6608 5686/2652/6609 5687/2650/6607
f 5686/2652/6609 5680/2651/6608 5696/2653/5192
f 5686/2652/6609 5696/2653/5192 5695/2654/6610
f 5686/2652/6609 5695/2654/6610 5694/1248/6611
f 5686/2652/6609 5694/1248/6611 5693/1246/6612
f 5686/2652/6609 5693/1246/6612 5689/1242/6613
f 5692/1247/6614 5689/1242/6613 5693/1246/6612
f 5689/1242/6613 5692/1247/6614 5691/1244/6615
f 5691/1244/6615 5690/2649/6604 5689/1242/6613
f 5688/1245/6605 5689/1242/6613 5690/2649/6604
f 5689/1242/6613 5688/1245/6605 5686/2652/6609
f 5688/1245/6605 5687/2650/6607 5686/2652/6609
f 5683/1253/6616 5684/1251/6603 5685/1240/6602
f 5684/1251/6603 5683/1253/6616 5679/1252/6606
f 5682/2655/6617 5679/1252/6606 5683/1253/6616
f 5679/1252/6606 5682/2655/6617 5681/2656/5189
f 5681/2656/5189 5680/2651/6608 5679/1252/6606
f 5678/2297/6618 5677/2296/6619 5676/2298/6618
f 5671/1252/6620 5670/1245/6621 5675/2650/6622
f 5663/2652/6623 5664/2653/3011 5674/2651/6624
f 5670/1245/6621 5667/1242/6625 5663/2652/6623
f 5663/2652/6623 5675/2650/6622 5670/1245/6621
f 5675/2650/6622 5663/2652/6623 5674/2651/6624
f 5674/2651/6624 5671/1252/6620 5675/2650/6622
f 5671/1252/6620 5674/2651/6624 5673/2656/3006
f 5671/1252/6620 5673/2656/3006 5672/2655/3008
f 5671/1252/6620 5672/2655/3008 5657/1253/6626
f 5657/1253/6626 5658/1251/6627 5671/1252/6620
f 5670/1245/6621 5671/1252/6620 5658/1251/6627
f 5658/1251/6627 5660/2649/6628 5670/1245/6621
f 5667/1242/6625 5670/1245/6621 5660/2649/6628
f 5667/1242/6625 5660/2649/6628 5669/1244/6629
f 5667/1242/6625 5669/1244/6629 5668/1247/6630
f 5667/1242/6625 5668/1247/6630 5666/1246/6631
f 5666/1246/6631 5663/2652/6623 5667/1242/6625
f 5663/2652/6623 5666/1246/6631 5665/1248/6632
f 5665/1248/6632 5662/2654/6633 5663/2652/6623
f 5664/2653/3011 5663/2652/6623 5662/2654/6633
f 5659/2648/6634 5656/1240/6635 5661/1241/6636
f 5660/2649/6628 5658/1251/6627 5659/2648/6634
f 5656/1240/6635 5659/2648/6634 5658/1251/6627
f 5658/1251/6627 5657/1253/6626 5656/1240/6635
f 5655/2300/6637 5654/2298/6638 5653/2296/6639
f 5651/2145/6640 5652/2134/6641 5637/2132/6642
f 5637/2132/6642 5638/2146/6643 5651/2145/6640
f 5649/2221/6644 5636/2130/6645 5650/2129/6646
f 5636/2130/6645 5649/2221/6644 5639/2657/6647
f 5647/2221/6648 5648/2129/6649 5632/2130/6650
f 5632/2130/6650 5646/2657/6651 5647/2221/6648
f 5646/2657/6651 5632/2130/6650 5633/2146/6652
f 5633/2146/6652 5645/2658/6653 5646/2657/6651
f 5645/2658/6653 5633/2146/6652 5644/2148/6654
f 5644/2148/6654 5642/2659/6655 5645/2658/6653
f 5642/2659/6655 5644/2148/6654 5643/2143/6656
f 5642/2659/6655 5643/2143/6656 5641/2148/6657
f 5641/2148/6657 5640/2658/6658 5642/2659/6655
f 5640/2658/6658 5641/2148/6657 5638/2146/6643
f 5638/2146/6643 5639/2657/6647 5640/2658/6658
f 5639/2657/6647 5638/2146/6643 5636/2130/6645
f 5638/2146/6643 5637/2132/6642 5636/2130/6645
f 5634/2145/6659 5631/2132/6660 5635/2134/6661
f 5631/2132/6660 5634/2145/6659 5633/2146/6652
f 5633/2146/6652 5632/2130/6650 5631/2132/6660
f 5616/2660/6662 5614/2661/6663 5630/2662/6664
f 5630/2662/6664 5628/2663/6665 5616/2660/6662
f 5628/2663/6665 5630/2662/6664 5629/2664/6666
f 5628/2663/6665 5629/2664/6666 5627/2662/6667
f 5627/2662/6667 5625/2660/6668 5628/2663/6665
f 5625/2660/6668 5627/2662/6667 5623/2661/6669
f 5626/2665/6670 5622/2666/6671 5621/2667/6672
f 5622/2666/6671 5626/2665/6670 5625/2660/6668
f 5625/2660/6668 5624/2668/6673 5622/2666/6671
f 5624/2668/6673 5625/2660/6668 5623/2661/6669
f 5623/2661/6669 5622/2666/6671 5624/2668/6673
f 5622/2666/6671 5623/2661/6669 5618/2669/6674
f 5622/2666/6671 5618/2669/6674 5619/2670/6675
f 5619/2670/6675 5621/2667/6672 5622/2666/6671
f 5621/2667/6672 5619/2670/6675 5602/2671/6676
f 5602/2671/6676 5620/2672/6677 5621/2667/6672
f 5602/2671/6676 5604/2673/6678 5620/2672/6677
f 5602/2671/6676 5603/2674/6679 5604/2673/6678
f 5618/2669/6674 5602/2671/6676 5619/2670/6675
f 5602/2671/6676 5618/2669/6674 5601/2675/6680
f 5613/2666/6681 5617/2665/6682 5612/2667/6683
f 5613/2666/6681 5616/2660/6662 5617/2665/6682
f 5613/2666/6681 5615/2668/6684 5616/2660/6662
f 5614/2661/6663 5616/2660/6662 5615/2668/6684
f 5615/2668/6684 5613/2666/6681 5614/2661/6663
f 5613/2666/6681 5597/2669/6685 5614/2661/6663
f 5597/2669/6685 5613/2666/6681 5600/2670/6686
f 5612/2667/6683 5600/2670/6686 5613/2666/6681
f 5600/2670/6686 5612/2667/6683 5599/2671/6687
f 5611/2672/6688 5599/2671/6687 5612/2667/6683
f 5599/2671/6687 5611/2672/6688 5609/2673/6689
f 5609/2673/6689 5610/2674/6690 5599/2671/6687
f 5598/2675/6691 5599/2671/6687 5610/2674/6690
f 5610/2674/6690 5609/2673/6689 5598/2675/6691
f 5609/2673/6689 5608/2676/6692 5598/2675/6691
f 5608/2676/6692 5609/2673/6689 5606/2677/6693
f 5606/2677/6693 5607/2678/6694 5608/2676/6692
f 5606/2677/6693 5605/2676/6695 5607/2678/6694
f 5605/2676/6695 5606/2677/6693 5604/2673/6678
f 5604/2673/6678 5601/2675/6680 5605/2676/6695
f 5601/2675/6680 5604/2673/6678 5603/2674/6679
f 5603/2674/6679 5602/2671/6676 5601/2675/6680
f 5599/2671/6687 5597/2669/6685 5600/2670/6686
f 5599/2671/6687 5598/2675/6691 5597/2669/6685
f 5596/2304/6696 5595/2303/6697 5594/2305/6697
f 5533/2561/6698 5578/2556/6699 5535/2560/6700
f 5578/2556/6699 5533/2561/6698 5585/2554/6701
f 5585/2554/6701 5586/2557/6702 5578/2556/6699
f 5586/2557/6702 5585/2554/6701 5593/2555/6703
f 5584/2551/6704 5593/2555/6703 5585/2554/6701
f 5593/2555/6703 5584/2551/6704 5592/2553/6705
f 5583/2550/6706 5592/2553/6705 5584/2551/6704
f 5592/2553/6705 5583/2550/6706 5591/2552/6707
f 5582/2551/6708 5591/2552/6707 5583/2550/6706
f 5591/2552/6707 5582/2551/6708 5590/2553/6709
f 5581/2554/6710 5590/2553/6709 5582/2551/6708
f 5590/2553/6709 5581/2554/6710 5589/2555/6711
f 5580/2556/6712 5589/2555/6711 5581/2554/6710
f 5589/2555/6711 5580/2556/6712 5588/2557/6713
f 5579/2558/6714 5588/2557/6713 5580/2556/6712
f 5588/2557/6713 5579/2558/6714 5587/2559/6715
f 5578/2556/6699 5587/2559/6715 5579/2558/6714
f 5587/2559/6715 5578/2556/6699 5586/2557/6702
f 5526/2544/6716 5527/2573/6717 5534/2570/6718
f 5534/2570/6718 5527/2573/6717 5577/2569/6719
f 5577/2569/6719 5533/2561/6698 5534/2570/6718
f 5533/2561/6698 5577/2569/6719 5576/2562/6720
f 5576/2562/6720 5585/2554/6701 5533/2561/6698
f 5585/2554/6701 5576/2562/6720 5584/2551/6704
f 5575/2548/6721 5584/2551/6704 5576/2562/6720
f 5584/2551/6704 5575/2548/6721 5583/2550/6706
f 5575/2548/6721 5574/2549/6722 5583/2550/6706
f 5583/2550/6706 5574/2549/6722 5582/2551/6708
f 5573/2548/6723 5582/2551/6708 5574/2549/6722
f 5582/2551/6708 5573/2548/6723 5581/2554/6710
f 5572/2562/6724 5581/2554/6710 5573/2548/6723
f 5581/2554/6710 5572/2562/6724 5580/2556/6712
f 5571/2561/6725 5580/2556/6712 5572/2562/6724
f 5580/2556/6712 5571/2561/6725 5579/2558/6714
f 5571/2561/6725 5535/2560/6700 5579/2558/6714
f 5579/2558/6714 5535/2560/6700 5578/2556/6699
f 5531/2204/5180 5570/2205/5182 5529/2566/6726
f 5569/2540/6727 5529/2566/6726 5570/2205/5182
f 5529/2566/6726 5569/2540/6727 5525/2543/6728
f 5568/2542/6729 5525/2543/6728 5569/2540/6727
f 5525/2543/6728 5568/2542/6729 5527/2573/6717
f 5567/2544/6730 5527/2573/6717 5568/2542/6729
f 5567/2544/6730 5577/2569/6719 5527/2573/6717
f 5577/2569/6719 5567/2544/6730 5566/2546/6731
f 5566/2546/6731 5576/2562/6720 5577/2569/6719
f 5576/2562/6720 5566/2546/6731 5575/2548/6721
f 5566/2546/6731 5565/2547/6732 5575/2548/6721
f 5574/2549/6722 5575/2548/6721 5565/2547/6732
f 5565/2547/6732 5564/2563/6733 5574/2549/6722
f 5574/2549/6722 5564/2563/6733 5573/2548/6723
f 5563/2547/6734 5573/2548/6723 5564/2563/6733
f 5573/2548/6723 5563/2547/6734 5572/2562/6724
f 5562/2546/6735 5572/2562/6724 5563/2547/6734
f 5572/2562/6724 5562/2546/6735 5571/2561/6725
f 5562/2546/6735 5536/2569/6736 5571/2561/6725
f 5535/2560/6700 5571/2561/6725 5536/2569/6736
f 5570/2205/5182 5561/2207/5184 5569/2540/6727
f 5560/2541/6737 5569/2540/6727 5561/2207/5184
f 5569/2540/6727 5560/2541/6737 5568/2542/6729
f 5559/2543/6738 5568/2542/6729 5560/2541/6737
f 5568/2542/6729 5559/2543/6738 5567/2544/6730
f 5558/2545/6739 5567/2544/6730 5559/2543/6738
f 5567/2544/6730 5558/2545/6739 5566/2546/6731
f 5565/2547/6732 5566/2546/6731 5558/2545/6739
f 5558/2545/6739 5557/2564/6740 5565/2547/6732
f 5564/2563/6733 5565/2547/6732 5557/2564/6740
f 5557/2564/6740 5556/2568/6741 5564/2563/6733
f 5564/2563/6733 5556/2568/6741 5563/2547/6734
f 5555/2564/6742 5563/2547/6734 5556/2568/6741
f 5563/2547/6734 5555/2564/6742 5562/2546/6735
f 5555/2564/6742 5537/2545/6743 5562/2546/6735
f 5536/2569/6736 5562/2546/6735 5537/2545/6743
f 5561/2207/5184 5547/2209/5186 5560/2541/6737
f 5554/2540/6744 5560/2541/6737 5547/2209/5186
f 5560/2541/6737 5554/2540/6744 5559/2543/6738
f 5553/2565/6745 5559/2543/6738 5554/2540/6744
f 5559/2543/6738 5553/2565/6745 5558/2545/6739
f 5557/2564/6740 5558/2545/6739 5553/2565/6745
f 5553/2565/6745 5552/2567/6746 5557/2564/6740
f 5556/2568/6741 5557/2564/6740 5552/2567/6746
f 5552/2567/6746 5551/2572/6747 5556/2568/6741
f 5555/2564/6742 5556/2568/6741 5551/2572/6747
f 5551/2572/6747 5538/2567/6748 5555/2564/6742
f 5537/2545/6743 5555/2564/6742 5538/2567/6748
f 5547/2209/5186 5545/2207/6749 5554/2540/6744
f 5550/2566/6750 5554/2540/6744 5545/2207/6749
f 5554/2540/6744 5550/2566/6750 5553/2565/6745
f 5552/2567/6746 5553/2565/6745 5550/2566/6750
f 5550/2566/6750 5549/2571/6751 5552/2567/6746
f 5551/2572/6747 5552/2567/6746 5549/2571/6751
f 5549/2571/6751 5539/2574/6752 5551/2572/6747
f 5538/2567/6748 5551/2572/6747 5539/2574/6752
f 5545/2207/6749 5543/2205/6753 5550/2566/6750
f 5549/2571/6751 5550/2566/6750 5543/2205/6753
f 5543/2205/6753 5540/2204/6754 5549/2571/6751
f 5539/2574/6752 5549/2571/6751 5540/2204/6754
f 5547/2209/5186 5548/2208/5185 5546/2539/6755
f 5545/2207/6749 5547/2209/5186 5546/2539/6755
f 5545/2207/6749 5546/2539/6755 5544/2208/6756
f 5544/2208/6756 5543/2205/6753 5545/2207/6749
f 5543/2205/6753 5544/2208/6756 5542/2206/6757
f 5542/2206/6757 5540/2204/6754 5543/2205/6753
f 5540/2204/6754 5542/2206/6757 5541/2202/5178
f 5541/2202/5178 5532/2201/5177 5540/2204/6754
f 5540/2204/6754 5532/2201/5177 5539/2574/6752
f 5530/2571/6758 5539/2574/6752 5532/2201/5177
f 5539/2574/6752 5530/2571/6758 5538/2567/6748
f 5528/2565/6759 5538/2567/6748 5530/2571/6758
f 5538/2567/6748 5528/2565/6759 5537/2545/6743
f 5526/2544/6716 5537/2545/6743 5528/2565/6759
f 5537/2545/6743 5526/2544/6716 5536/2569/6736
f 5534/2570/6718 5536/2569/6736 5526/2544/6716
f 5536/2569/6736 5534/2570/6718 5535/2560/6700
f 5535/2560/6700 5534/2570/6718 5533/2561/6698
f 5532/2201/5177 5531/2204/5180 5530/2571/6758
f 5529/2566/6726 5530/2571/6758 5531/2204/5180
f 5530/2571/6758 5529/2566/6726 5528/2565/6759
f 5525/2543/6728 5528/2565/6759 5529/2566/6726
f 5528/2565/6759 5525/2543/6728 5526/2544/6716
f 5527/2573/6717 5526/2544/6716 5525/2543/6728
f 5524/2322/6760 5523/2305/6761 5522/2303/6761
f 5520/2679/6762 5515/2680/6763 5521/2681/6764
f 5520/2679/6762 5516/2682/6765 5515/2680/6763
f 5516/2682/6765 5520/2679/6762 5519/2683/6766
f 5519/2683/6766 5518/2684/6767 5516/2682/6765
f 5517/2683/6768 5516/2682/6765 5518/2684/6767
f 5516/2682/6765 5517/2683/6768 5514/2679/6769
f 5514/2679/6769 5515/2680/6763 5516/2682/6765
f 5515/2680/6763 5514/2679/6769 5513/2681/6770
f 5511/1231/6771 5512/1230/6772 5510/1229/6773
f 5502/1234/6774 5511/1231/6771 5503/1233/6775
f 5510/1229/6773 5503/1233/6775 5511/1231/6771
f 5503/1233/6775 5510/1229/6773 5504/1232/6776
f 5501/1235/6777 5508/417/6778 5509/416/6779
f 5508/417/6778 5501/1235/6777 5500/1225/6780
f 5500/1225/6780 5507/418/6781 5508/417/6778
f 5507/418/6781 5500/1225/6780 5493/1224/6782
f 5493/1224/6782 5506/419/6783 5507/418/6781
f 5506/419/6783 5493/1224/6782 5494/1228/6784
f 5494/1228/6784 5505/420/6785 5506/419/6783
f 5494/1228/6784 5504/1232/6776 5505/420/6785
f 5504/1232/6776 5494/1228/6784 5503/1233/6775
f 5495/1227/6786 5503/1233/6775 5494/1228/6784
f 5503/1233/6775 5495/1227/6786 5502/1234/6774
f 5495/1227/6786 5497/1238/6787 5502/1234/6774
f 5496/1226/6788 5493/1224/6782 5500/1225/6780
f 5499/1236/6789 5500/1225/6780 5501/1235/6777
f 5500/1225/6780 5499/1236/6789 5496/1226/6788
f 5498/1237/6790 5496/1226/6788 5499/1236/6789
f 5496/1226/6788 5498/1237/6790 5497/1238/6787
f 5497/1238/6787 5495/1227/6786 5496/1226/6788
f 5493/1224/6782 5496/1226/6788 5495/1227/6786
f 5495/1227/6786 5494/1228/6784 5493/1224/6782
f 5492/2324/6791 5491/2323/6792 5490/2325/6793
f 5481/2685/6794 5484/2686/6795 5489/2687/6796
f 5489/2687/6796 5478/2688/6797 5481/2685/6794
f 5478/2688/6797 5489/2687/6796 5488/2689/6798
f 5488/2689/6798 5487/2690/6799 5478/2688/6797
f 5483/2691/6800 5482/2686/6801 5486/2692/6802
f 5484/2686/6795 5483/2691/6800 5485/2692/6803
f 5484/2686/6795 5481/2685/6794 5483/2691/6800
f 5482/2686/6801 5483/2691/6800 5481/2685/6794
f 5481/2685/6794 5480/2687/6804 5482/2686/6801
f 5480/2687/6804 5481/2685/6794 5478/2688/6797
f 5478/2688/6797 5479/2689/6805 5480/2687/6804
f 5479/2689/6805 5478/2688/6797 5477/2690/6806
f 5476/2334/6807 5475/2325/6808 5474/2323/6809
f 5445/2693/6810 5446/2694/6811 5473/2695/6812
f 5473/2695/6812 5460/2696/6813 5445/2693/6810
f 5460/2696/6813 5473/2695/6812 5472/2697/6814
f 5472/2697/6814 5462/2698/6815 5460/2696/6813
f 5462/2698/6815 5472/2697/6814 5471/2699/6816
f 5471/2699/6816 5463/2700/6817 5462/2698/6815
f 5463/2700/6817 5471/2699/6816 5470/2701/6818
f 5470/2701/6818 5465/2702/6819 5463/2700/6817
f 5465/2702/6819 5470/2701/6818 5469/2703/6820
f 5469/2703/6820 5467/2704/6821 5465/2702/6819
f 5467/2704/6821 5469/2703/6820 5468/2705/6822
f 5468/2705/6822 5466/2706/6823 5467/2704/6821
f 5466/2706/6823 5468/2705/6822 5457/2707/6824
f 5457/2707/6824 5456/2708/6825 5466/2706/6823
f 5456/2708/6825 5464/2709/6826 5466/2706/6823
f 5464/2709/6826 5456/2708/6825 5458/2710/6827
f 5458/2710/6827 5461/2711/6828 5464/2709/6826
f 5461/2711/6828 5458/2710/6827 5459/2712/6829
f 5466/2706/6823 5465/2702/6819 5467/2704/6821
f 5465/2702/6819 5466/2706/6823 5464/2709/6826
f 5464/2709/6826 5463/2700/6817 5465/2702/6819
f 5463/2700/6817 5464/2709/6826 5461/2711/6828
f 5461/2711/6828 5462/2698/6815 5463/2700/6817
f 5461/2711/6828 5460/2696/6813 5462/2698/6815
f 5460/2696/6813 5461/2711/6828 5459/2712/6829
f 5459/2712/6829 5445/2693/6810 5460/2696/6813
f 5459/2712/6829 5448/2713/6830 5445/2693/6810
f 5459/2712/6829 5450/2714/6831 5448/2713/6830
f 5450/2714/6831 5459/2712/6829 5458/2710/6827
f 5458/2710/6827 5452/2715/6832 5450/2714/6831
f 5452/2715/6832 5458/2710/6827 5456/2708/6825
f 5456/2708/6825 5454/2716/6833 5452/2715/6832
f 5456/2708/6825 5457/2707/6824 5455/2717/6834
f 5455/2717/6834 5454/2716/6833 5456/2708/6825
f 5454/2716/6833 5455/2717/6834 5453/2718/6835
f 5453/2718/6835 5452/2715/6832 5454/2716/6833
f 5452/2715/6832 5453/2718/6835 5451/2719/6836
f 5451/2719/6836 5450/2714/6831 5452/2715/6832
f 5450/2714/6831 5451/2719/6836 5449/2720/6837
f 5449/2720/6837 5448/2713/6830 5450/2714/6831
f 5448/2713/6830 5449/2720/6837 5447/2721/6838
f 5447/2721/6838 5445/2693/6810 5448/2713/6830
f 5445/2693/6810 5447/2721/6838 5444/2722/6839
f 5446/2694/6811 5445/2693/6810 5444/2722/6839
f 5443/2325/6840 5442/2334/6841 5441/2335/6842
f 5414/2714/6843 5440/2720/6844 5416/2719/6845
f 5440/2720/6844 5414/2714/6843 5434/2713/6846
f 5434/2713/6846 5439/2721/6847 5440/2720/6844
f 5439/2721/6847 5434/2713/6846 5433/2693/6848
f 5433/2693/6848 5438/2722/6849 5439/2721/6847
f 5438/2722/6849 5433/2693/6848 5437/2694/6850
f 5433/2693/6848 5436/2695/6851 5437/2694/6850
f 5436/2695/6851 5433/2693/6848 5432/2696/6852
f 5432/2696/6852 5435/2697/6853 5436/2695/6851
f 5435/2697/6853 5432/2696/6852 5430/2698/6854
f 5430/2698/6854 5429/2699/6855 5435/2697/6853
f 5411/2712/6856 5434/2713/6846 5414/2714/6843
f 5411/2712/6856 5433/2693/6848 5434/2713/6846
f 5411/2712/6856 5432/2696/6852 5433/2693/6848
f 5432/2696/6852 5411/2712/6856 5412/2711/6857
f 5412/2711/6857 5430/2698/6854 5432/2696/6852
f 5412/2711/6857 5428/2700/6858 5430/2698/6854
f 5428/2700/6858 5412/2711/6857 5431/2709/6859
f 5431/2709/6859 5426/2702/6860 5428/2700/6858
f 5426/2702/6860 5431/2709/6859 5422/2706/6861
f 5422/2706/6861 5424/2704/6862 5426/2702/6860
f 5420/2708/6863 5422/2706/6861 5431/2709/6859
f 5420/2708/6863 5415/2715/6864 5418/2716/6865
f 5415/2715/6864 5420/2708/6863 5413/2710/6866
f 5431/2709/6859 5413/2710/6866 5420/2708/6863
f 5413/2710/6866 5431/2709/6859 5412/2711/6857
f 5429/2699/6855 5430/2698/6854 5428/2700/6858
f 5428/2700/6858 5427/2701/6867 5429/2699/6855
f 5427/2701/6867 5428/2700/6858 5426/2702/6860
f 5426/2702/6860 5425/2703/6868 5427/2701/6867
f 5425/2703/6868 5426/2702/6860 5424/2704/6862
f 5424/2704/6862 5423/2705/6869 5425/2703/6868
f 5423/2705/6869 5424/2704/6862 5422/2706/6861
f 5422/2706/6861 5421/2707/6870 5423/2705/6869
f 5421/2707/6870 5422/2706/6861 5420/2708/6863
f 5420/2708/6863 5419/2717/6871 5421/2707/6870
f 5419/2717/6871 5420/2708/6863 5418/2716/6865
f 5418/2716/6865 5417/2718/6872 5419/2717/6871
f 5417/2718/6872 5418/2716/6865 5415/2715/6864
f 5415/2715/6864 5416/2719/6845 5417/2718/6872
f 5416/2719/6845 5415/2715/6864 5414/2714/6843
f 5413/2710/6866 5414/2714/6843 5415/2715/6864
f 5414/2714/6843 5413/2710/6866 5411/2712/6856
f 5413/2710/6866 5412/2711/6857 5411/2712/6856
f 5410/2336/6873 5409/2335/6874 5408/2334/6875
f 5405/2297/6876 5406/2336/6877 5407/2296/6878
f 5406/2336/6877 5405/2297/6876 5404/2335/6879
f 5401/2337/6880 5402/2322/6881 5403/2338/6882
f 5402/2322/6881 5401/2337/6880 5400/2305/6883
f 5398/2433/6776 5397/416/6884 5399/2099/6885
f 5396/2434/6886 5395/1235/6887 5398/2433/6776
f 5397/416/6884 5398/2433/6776 5395/1235/6887
f 5395/1235/6887 5394/417/6888 5397/416/6884
f 5382/2435/6889 5381/1236/6890 5396/2434/6886
f 5395/1235/6887 5396/2434/6886 5381/1236/6890
f 5381/1236/6890 5383/1225/6891 5395/1235/6887
f 5394/417/6888 5395/1235/6887 5383/1225/6891
f 5383/1225/6891 5393/418/6892 5394/417/6888
f 5393/418/6892 5383/1225/6891 5384/1224/6893
f 5384/1224/6893 5392/419/6894 5393/418/6892
f 5392/419/6894 5384/1224/6893 5385/1228/6895
f 5385/1228/6895 5391/420/6896 5392/419/6894
f 5385/1228/6895 5390/1232/6897 5391/420/6896
f 5390/1232/6897 5385/1228/6895 5386/1233/6898
f 5386/1233/6898 5388/1229/6899 5390/1232/6897
f 5388/1229/6899 5386/1233/6898 5387/1231/6900
f 5387/1231/6900 5389/1230/6790 5388/1229/6899
f 5376/1234/6901 5387/1231/6900 5386/1233/6898
f 5386/1233/6898 5378/1227/6902 5376/1234/6901
f 5378/1227/6902 5386/1233/6898 5385/1228/6895
f 5378/1227/6902 5385/1228/6895 5384/1224/6893
f 5384/1224/6893 5379/1226/6903 5378/1227/6902
f 5379/1226/6903 5384/1224/6893 5383/1225/6891
f 5383/1225/6891 5381/1236/6890 5379/1226/6903
f 5381/1236/6890 5382/2435/6889 5380/1237/6904
f 5380/1237/6904 5379/1226/6903 5381/1236/6890
f 5379/1226/6903 5380/1237/6904 5377/1238/6905
f 5377/1238/6905 5378/1227/6902 5379/1226/6903
f 5378/1227/6902 5377/1238/6905 5376/1234/6901
f 5374/2304/6906 5373/2343/6907 5375/2303/6908
f 5373/2343/6907 5374/2304/6906 5371/2346/6909
f 5371/2346/6909 5372/2300/6910 5373/2343/6907
f 5372/2300/6910 5371/2346/6909 5370/2298/6911
f 5314/2723/6912 5354/2724/6913 5316/2725/6914
f 5354/2724/6913 5314/2723/6912 5361/2726/6915
f 5361/2726/6915 5362/2727/6916 5354/2724/6913
f 5362/2727/6916 5361/2726/6915 5369/2728/6917
f 5360/2729/6918 5369/2728/6917 5361/2726/6915
f 5369/2728/6917 5360/2729/6918 5368/2730/6919
f 5359/2731/6920 5368/2730/6919 5360/2729/6918
f 5368/2730/6919 5359/2731/6920 5367/2732/6921
f 5358/2729/6922 5367/2732/6921 5359/2731/6920
f 5367/2732/6921 5358/2729/6922 5366/2730/6923
f 5357/2726/6924 5366/2730/6923 5358/2729/6922
f 5366/2730/6923 5357/2726/6924 5365/2728/6925
f 5356/2724/6926 5365/2728/6925 5357/2726/6924
f 5365/2728/6925 5356/2724/6926 5364/2727/6927
f 5355/2733/6928 5364/2727/6927 5356/2724/6926
f 5364/2727/6927 5355/2733/6928 5363/2734/6929
f 5354/2724/6913 5363/2734/6929 5355/2733/6928
f 5363/2734/6929 5354/2724/6913 5362/2727/6916
f 5318/2735/6930 5320/2736/6931 5338/2737/6932
f 5318/2735/6930 5338/2737/6932 5353/2738/6933
f 5353/2738/6933 5315/2739/6934 5318/2735/6930
f 5315/2739/6934 5353/2738/6933 5352/2740/6935
f 5352/2740/6935 5314/2723/6912 5315/2739/6934
f 5314/2723/6912 5352/2740/6935 5351/2741/6936
f 5351/2741/6936 5361/2726/6915 5314/2723/6912
f 5361/2726/6915 5351/2741/6936 5360/2729/6918
f 5350/2742/6937 5360/2729/6918 5351/2741/6936
f 5360/2729/6918 5350/2742/6937 5359/2731/6920
f 5349/2741/6938 5359/2731/6920 5350/2742/6937
f 5359/2731/6920 5349/2741/6938 5358/2729/6922
f 5348/2723/6939 5358/2729/6922 5349/2741/6938
f 5358/2729/6922 5348/2723/6939 5357/2726/6924
f 5347/2725/6940 5357/2726/6924 5348/2723/6939
f 5357/2726/6924 5347/2725/6940 5356/2724/6926
f 5346/2743/6941 5356/2724/6926 5347/2725/6940
f 5356/2724/6926 5346/2743/6941 5355/2733/6928
f 5316/2725/6914 5355/2733/6928 5346/2743/6941
f 5355/2733/6928 5316/2725/6914 5354/2724/6913
f 5332/2744/6942 5353/2738/6933 5338/2737/6932
f 5353/2738/6933 5332/2744/6942 5345/2745/6943
f 5345/2745/6943 5352/2740/6935 5353/2738/6933
f 5352/2740/6935 5345/2745/6943 5344/2746/6944
f 5344/2746/6944 5351/2741/6936 5352/2740/6935
f 5351/2741/6936 5344/2746/6944 5350/2742/6937
f 5343/2740/6945 5350/2742/6937 5344/2746/6944
f 5350/2742/6937 5343/2740/6945 5349/2741/6938
f 5342/2739/6946 5349/2741/6938 5343/2740/6945
f 5349/2741/6938 5342/2739/6946 5348/2723/6939
f 5341/2747/6947 5348/2723/6939 5342/2739/6946
f 5348/2723/6939 5341/2747/6947 5347/2725/6940
f 5340/2748/6948 5347/2725/6940 5341/2747/6947
f 5347/2725/6940 5340/2748/6948 5346/2743/6941
f 5317/2747/6949 5346/2743/6941 5340/2748/6948
f 5346/2743/6941 5317/2747/6949 5316/2725/6914
f 5345/2745/6943 5332/2744/6942 5330/2737/6950
f 5330/2737/6950 5337/2738/6951 5345/2745/6943
f 5344/2746/6944 5345/2745/6943 5337/2738/6951
f 5337/2738/6951 5343/2740/6945 5344/2746/6944
f 5343/2740/6945 5337/2738/6951 5336/2735/6952
f 5343/2740/6945 5336/2735/6952 5342/2739/6946
f 5335/2749/6953 5342/2739/6946 5336/2735/6952
f 5342/2739/6946 5335/2749/6953 5341/2747/6947
f 5334/2750/6954 5341/2747/6947 5335/2749/6953
f 5341/2747/6947 5334/2750/6954 5340/2748/6948
f 5340/2748/6948 5334/2750/6954 5319/2749/6955
f 5319/2749/6955 5317/2747/6949 5340/2748/6948
f 5320/2736/6931 5322/2751/6956 5339/2752/6957
f 5339/2752/6957 5338/2737/6932 5320/2736/6931
f 5338/2737/6932 5339/2752/6957 5333/2753/6958
f 5338/2737/6932 5333/2753/6958 5332/2744/6942
f 5337/2738/6951 5330/2737/6950 5328/2736/6959
f 5328/2736/6959 5336/2735/6952 5337/2738/6951
f 5336/2735/6952 5328/2736/6959 5326/2754/6960
f 5336/2735/6952 5326/2754/6960 5335/2749/6953
f 5324/2755/6961 5335/2749/6953 5326/2754/6960
f 5335/2749/6953 5324/2755/6961 5334/2750/6954
f 5334/2750/6954 5324/2755/6961 5321/2754/6962
f 5321/2754/6962 5319/2749/6955 5334/2750/6954
f 5332/2744/6942 5333/2753/6958 5331/2752/6963
f 5331/2752/6963 5330/2737/6950 5332/2744/6942
f 5330/2737/6950 5331/2752/6963 5329/2751/6964
f 5329/2751/6964 5328/2736/6959 5330/2737/6950
f 5328/2736/6959 5329/2751/6964 5327/2756/6965
f 5327/2756/6965 5326/2754/6960 5328/2736/6959
f 5326/2754/6960 5327/2756/6965 5325/2757/6966
f 5326/2754/6960 5325/2757/6966 5324/2755/6961
f 5324/2755/6961 5325/2757/6966 5323/2756/6967
f 5323/2756/6967 5321/2754/6962 5324/2755/6961
f 5321/2754/6962 5323/2756/6967 5322/2751/6956
f 5322/2751/6956 5320/2736/6931 5321/2754/6962
f 5319/2749/6955 5321/2754/6962 5320/2736/6931
f 5320/2736/6931 5318/2735/6930 5319/2749/6955
f 5317/2747/6949 5319/2749/6955 5318/2735/6930
f 5317/2747/6949 5318/2735/6930 5315/2739/6934
f 5315/2739/6934 5316/2725/6914 5317/2747/6949
f 5316/2725/6914 5315/2739/6934 5314/2723/6912
f 5312/2347/6968 5309/2349/6969 5313/2348/6970
f 5309/2349/6969 5312/2347/6968 5311/2350/6971
f 5309/2349/6969 5311/2350/6971 5310/2351/6972
f 5309/2349/6969 5310/2351/6972 5308/2352/6973
f 5308/2352/6973 5307/2353/6974 5309/2349/6969
f 5307/2353/6974 5308/2352/6973 5306/2354/6975
f 5306/2354/6975 5305/2355/6976 5307/2353/6974
f 5305/2355/6976 5306/2354/6975 5304/2356/6977
f 5304/2356/6977 5303/2357/6978 5305/2355/6976
f 5303/2357/6978 5304/2356/6977 5300/2358/6979
f 5300/2358/6979 5302/2359/6980 5303/2357/6978
f 5300/2358/6979 5301/2360/6981 5302/2359/6980
f 5301/2360/6981 5300/2358/6979 5299/2361/6982
f 5269/2724/6983 5268/2743/6984 5270/2725/6985
f 5270/2725/6985 5290/2726/6986 5269/2724/6983
f 5292/2728/6987 5269/2724/6983 5290/2726/6986
f 5290/2726/6986 5298/2730/6988 5292/2728/6987
f 5298/2730/6988 5290/2726/6986 5289/2729/6989
f 5289/2729/6989 5297/2732/6990 5298/2730/6988
f 5289/2729/6989 5288/2731/6991 5297/2732/6990
f 5288/2731/6991 5296/2730/6992 5297/2732/6990
f 5296/2730/6992 5288/2731/6991 5287/2729/6993
f 5287/2729/6993 5295/2728/6994 5296/2730/6992
f 5295/2728/6994 5287/2729/6993 5286/2726/6995
f 5286/2726/6995 5294/2727/6996 5295/2728/6994
f 5294/2727/6996 5286/2726/6995 5260/2724/6997
f 5260/2724/6997 5293/2734/6998 5294/2727/6996
f 5260/2724/6997 5261/2733/6999 5293/2734/6998
f 5261/2733/6999 5291/2727/7000 5293/2734/6998
f 5291/2727/7000 5261/2733/6999 5269/2724/6983
f 5269/2724/6983 5292/2728/6987 5291/2727/7000
f 5279/2754/7001 5262/2736/7002 5243/2735/7003
f 5243/2735/7003 5252/2749/7004 5279/2754/7001
f 5281/2755/7005 5279/2754/7001 5252/2749/7004
f 5252/2749/7004 5283/2750/7006 5281/2755/7005
f 5283/2750/7006 5252/2749/7004 5253/2747/7007
f 5283/2750/7006 5253/2747/7007 5271/2748/7008
f 5270/2725/6985 5271/2748/7008 5253/2747/7007
f 5253/2747/7007 5254/2723/7009 5270/2725/6985
f 5290/2726/6986 5270/2725/6985 5254/2723/7009
f 5254/2723/7009 5289/2729/6989 5290/2726/6986
f 5254/2723/7009 5255/2741/7010 5289/2729/6989
f 5288/2731/6991 5289/2729/6989 5255/2741/7010
f 5255/2741/7010 5256/2742/7011 5288/2731/6991
f 5256/2742/7011 5287/2729/6993 5288/2731/6991
f 5287/2729/6993 5256/2742/7011 5257/2741/7012
f 5257/2741/7012 5286/2726/6995 5287/2729/6993
f 5286/2726/6995 5257/2741/7012 5258/2723/7013
f 5258/2723/7013 5260/2724/6997 5286/2726/6995
f 5274/2752/7014 5285/2751/7015 5273/2736/7016
f 5284/2754/7017 5273/2736/7016 5285/2751/7015
f 5285/2751/7015 5282/2756/7018 5284/2754/7017
f 5281/2755/7005 5284/2754/7017 5282/2756/7018
f 5284/2754/7017 5281/2755/7005 5283/2750/7006
f 5273/2736/7016 5284/2754/7017 5272/2749/7019
f 5283/2750/7006 5272/2749/7019 5284/2754/7017
f 5272/2749/7019 5283/2750/7006 5271/2748/7008
f 5282/2756/7018 5280/2757/7020 5281/2755/7005
f 5279/2754/7001 5281/2755/7005 5280/2757/7020
f 5280/2757/7020 5278/2756/7021 5279/2754/7001
f 5262/2736/7002 5279/2754/7001 5278/2756/7021
f 5278/2756/7021 5277/2751/7022 5262/2736/7002
f 5263/2737/7023 5262/2736/7002 5277/2751/7022
f 5277/2751/7022 5276/2752/7024 5263/2737/7023
f 5264/2744/7025 5263/2737/7023 5276/2752/7024
f 5276/2752/7024 5275/2753/7026 5264/2744/7025
f 5265/2737/7027 5264/2744/7025 5275/2753/7026
f 5275/2753/7026 5274/2752/7014 5265/2737/7027
f 5273/2736/7016 5265/2737/7027 5274/2752/7014
f 5265/2737/7027 5273/2736/7016 5266/2735/7028
f 5272/2749/7019 5266/2735/7028 5273/2736/7016
f 5266/2735/7028 5272/2749/7019 5267/2747/7029
f 5271/2748/7008 5267/2747/7029 5272/2749/7019
f 5267/2747/7029 5271/2748/7008 5268/2743/6984
f 5271/2748/7008 5270/2725/6985 5268/2743/6984
f 5268/2743/6984 5269/2724/6983 5261/2733/6999
f 5259/2725/7030 5268/2743/6984 5261/2733/6999
f 5268/2743/6984 5259/2725/7030 5267/2747/7029
f 5251/2739/7031 5267/2747/7029 5259/2725/7030
f 5267/2747/7029 5251/2739/7031 5266/2735/7028
f 5250/2738/7032 5266/2735/7028 5251/2739/7031
f 5266/2735/7028 5250/2738/7032 5265/2737/7027
f 5264/2744/7025 5265/2737/7027 5250/2738/7032
f 5250/2738/7032 5248/2745/7033 5264/2744/7025
f 5263/2737/7023 5264/2744/7025 5248/2745/7033
f 5248/2745/7033 5246/2738/7034 5263/2737/7023
f 5262/2736/7002 5263/2737/7023 5246/2738/7034
f 5246/2738/7034 5243/2735/7003 5262/2736/7002
f 5261/2733/6999 5260/2724/6997 5259/2725/7030
f 5258/2723/7013 5259/2725/7030 5260/2724/6997
f 5259/2725/7030 5258/2723/7013 5251/2739/7031
f 5249/2740/7035 5251/2739/7031 5258/2723/7013
f 5249/2740/7035 5258/2723/7013 5257/2741/7012
f 5257/2741/7012 5247/2746/7036 5249/2740/7035
f 5247/2746/7036 5257/2741/7012 5256/2742/7011
f 5245/2740/7037 5247/2746/7036 5256/2742/7011
f 5256/2742/7011 5255/2741/7010 5245/2740/7037
f 5244/2739/7038 5245/2740/7037 5255/2741/7010
f 5255/2741/7010 5254/2723/7009 5244/2739/7038
f 5253/2747/7007 5244/2739/7038 5254/2723/7009
f 5244/2739/7038 5253/2747/7007 5252/2749/7004
f 5252/2749/7004 5243/2735/7003 5244/2739/7038
f 5251/2739/7031 5249/2740/7035 5250/2738/7032
f 5248/2745/7033 5250/2738/7032 5249/2740/7035
f 5248/2745/7033 5249/2740/7035 5247/2746/7036
f 5246/2738/7034 5248/2745/7033 5247/2746/7036
f 5247/2746/7036 5245/2740/7037 5246/2738/7034
f 5243/2735/7003 5246/2738/7034 5245/2740/7037
f 5245/2740/7037 5244/2739/7038 5243/2735/7003
f 5242/2758/7039 5241/2759/7040 5240/2760/7041
f 5185/2388/7042 5232/2392/7043 5239/2391/7044
f 5239/2391/7044 5184/2397/7045 5185/2388/7042
f 5184/2397/7045 5239/2391/7044 5238/2398/7046
f 5188/2388/7047 5184/2397/7045 5238/2398/7046
f 5188/2388/7047 5238/2398/7046 5237/2391/7048
f 5237/2391/7048 5190/2390/7049 5188/2388/7047
f 5190/2390/7049 5237/2391/7048 5236/2392/7050
f 5236/2392/7050 5192/2393/7051 5190/2390/7049
f 5192/2393/7051 5236/2392/7050 5235/2394/7052
f 5235/2394/7052 5194/2395/7053 5192/2393/7051
f 5194/2395/7053 5235/2394/7052 5234/2396/7054
f 5196/2393/7055 5194/2395/7053 5234/2396/7054
f 5196/2393/7055 5234/2396/7054 5233/2394/7056
f 5233/2394/7056 5198/2390/7057 5196/2393/7055
f 5198/2390/7057 5233/2394/7056 5232/2392/7043
f 5232/2392/7043 5185/2388/7042 5198/2390/7057
f 5224/2420/7058 5231/2421/7059 5216/2419/7060
f 5218/2418/7061 5216/2419/7060 5231/2421/7059
f 5231/2421/7059 5230/2420/7062 5218/2418/7061
f 5219/2400/7063 5218/2418/7061 5230/2420/7062
f 5230/2420/7062 5229/2415/7064 5219/2400/7063
f 5220/2401/7065 5219/2400/7063 5229/2415/7064
f 5229/2415/7064 5228/2416/7066 5220/2401/7065
f 5221/2408/7067 5220/2401/7065 5228/2416/7066
f 5228/2416/7066 5227/2417/7068 5221/2408/7067
f 5222/2401/7069 5221/2408/7067 5227/2417/7068
f 5227/2417/7068 5226/2416/7070 5222/2401/7069
f 5223/2400/7071 5222/2401/7069 5226/2416/7070
f 5226/2416/7070 5225/2415/7072 5223/2400/7071
f 5217/2418/7073 5223/2400/7071 5225/2415/7072
f 5225/2415/7072 5224/2420/7058 5217/2418/7073
f 5216/2419/7060 5217/2418/7073 5224/2420/7058
f 5208/2414/7074 5209/2413/7075 5217/2418/7073
f 5223/2400/7071 5217/2418/7073 5209/2413/7075
f 5209/2413/7075 5210/2399/7076 5223/2400/7071
f 5222/2401/7069 5223/2400/7071 5210/2399/7076
f 5210/2399/7076 5211/2402/7077 5222/2401/7069
f 5221/2408/7067 5222/2401/7069 5211/2402/7077
f 5211/2402/7077 5212/2409/7078 5221/2408/7067
f 5220/2401/7065 5221/2408/7067 5212/2409/7078
f 5212/2409/7078 5213/2402/7079 5220/2401/7065
f 5219/2400/7063 5220/2401/7065 5213/2402/7079
f 5213/2402/7079 5214/2399/7080 5219/2400/7063
f 5218/2418/7061 5219/2400/7063 5214/2399/7080
f 5214/2399/7080 5215/2413/7081 5218/2418/7061
f 5216/2419/7060 5218/2418/7061 5215/2413/7081
f 5217/2418/7073 5216/2419/7060 5208/2414/7074
f 5215/2413/7081 5208/2414/7074 5216/2419/7060
f 5208/2414/7074 5215/2413/7081 5200/2411/7082
f 5202/2403/7083 5200/2411/7082 5215/2413/7081
f 5215/2413/7081 5214/2399/7080 5202/2403/7083
f 5203/2404/7084 5202/2403/7083 5214/2399/7080
f 5214/2399/7080 5213/2402/7079 5203/2404/7084
f 5204/2410/7085 5203/2404/7084 5213/2402/7079
f 5213/2402/7079 5212/2409/7078 5204/2410/7085
f 5212/2409/7078 5205/2404/7086 5204/2410/7085
f 5212/2409/7078 5211/2402/7077 5205/2404/7086
f 5206/2403/7087 5205/2404/7086 5211/2402/7077
f 5211/2402/7077 5210/2399/7076 5206/2403/7087
f 5207/2411/7088 5206/2403/7087 5210/2399/7076
f 5210/2399/7076 5209/2413/7075 5207/2411/7088
f 5201/2412/7089 5207/2411/7088 5209/2413/7075
f 5209/2413/7075 5208/2414/7074 5201/2412/7089
f 5208/2414/7074 5200/2411/7082 5201/2412/7089
f 5199/2389/7090 5198/2390/7057 5185/2388/7042
f 5185/2388/7042 5186/2407/7091 5199/2389/7090
f 5201/2412/7089 5199/2389/7090 5186/2407/7091
f 5207/2411/7088 5201/2412/7089 5186/2407/7091
f 5186/2407/7091 5187/2389/7092 5207/2411/7088
f 5206/2403/7087 5207/2411/7088 5187/2389/7092
f 5187/2389/7092 5189/2387/7093 5206/2403/7087
f 5205/2404/7086 5206/2403/7087 5189/2387/7093
f 5205/2404/7086 5189/2387/7093 5191/2405/7094
f 5191/2405/7094 5204/2410/7085 5205/2404/7086
f 5204/2410/7085 5191/2405/7094 5193/2406/7095
f 5203/2404/7084 5204/2410/7085 5193/2406/7095
f 5193/2406/7095 5195/2405/7096 5203/2404/7084
f 5202/2403/7083 5203/2404/7084 5195/2405/7096
f 5195/2405/7096 5197/2387/7097 5202/2403/7083
f 5200/2411/7082 5202/2403/7083 5197/2387/7097
f 5200/2411/7082 5197/2387/7097 5199/2389/7090
f 5199/2389/7090 5201/2412/7089 5200/2411/7082
f 5198/2390/7057 5199/2389/7090 5197/2387/7097
f 5197/2387/7097 5196/2393/7055 5198/2390/7057
f 5197/2387/7097 5195/2405/7096 5196/2393/7055
f 5194/2395/7053 5196/2393/7055 5195/2405/7096
f 5195/2405/7096 5193/2406/7095 5194/2395/7053
f 5193/2406/7095 5192/2393/7051 5194/2395/7053
f 5192/2393/7051 5193/2406/7095 5191/2405/7094
f 5191/2405/7094 5190/2390/7049 5192/2393/7051
f 5190/2390/7049 5191/2405/7094 5189/2387/7093
f 5189/2387/7093 5188/2388/7047 5190/2390/7049
f 5189/2387/7093 5187/2389/7092 5188/2388/7047
f 5184/2397/7045 5188/2388/7047 5187/2389/7092
f 5187/2389/7092 5186/2407/7091 5184/2397/7045
f 5186/2407/7091 5185/2388/7042 5184/2397/7045
f 5183/2159/7098 5182/2761/7098 5181/2762/7098
f 5175/2520/7099 5180/2118/7100 5173/2121/7101
f 5180/2118/7100 5175/2520/7099 5179/2188/7100
f 5179/2188/7100 5178/2763/7102 5180/2118/7100
f 5178/2763/7102 5179/2188/7100 5177/2186/7103
f 5177/2186/7103 5174/2764/7104 5178/2763/7102
f 5174/2764/7104 5177/2186/7103 5176/2183/7105
f 5174/2764/7104 5176/2183/7105 5175/2520/7099
f 5174/2764/7104 5175/2520/7099 5173/2121/7101
f 5173/2121/7101 5172/2765/7106 5174/2764/7104
f 5172/2765/7106 5173/2121/7101 5171/2122/7107
f 5171/2122/7107 5169/2766/7108 5172/2765/7106
f 5169/2766/7108 5171/2122/7107 5170/2124/7109
f 5169/2766/7108 5170/2124/7109 5167/2047/7110
f 5169/2766/7108 5167/2047/7110 5168/2048/7111
f 5167/2047/7110 5165/2766/7112 5168/2048/7111
f 5165/2766/7112 5167/2047/7110 5166/2124/7113
f 5165/2766/7112 5166/2124/7113 5164/2122/7114
f 5164/2122/7114 5163/2765/7115 5165/2766/7112
f 5163/2765/7115 5164/2122/7114 5156/2121/7116
f 5156/2121/7116 5161/2764/7117 5163/2765/7115
f 5161/2764/7117 5156/2121/7116 5157/2520/7118
f 5161/2764/7117 5157/2520/7118 5162/2183/7119
f 5161/2764/7117 5162/2183/7119 5160/2186/7120
f 5160/2186/7120 5159/2763/7121 5161/2764/7117
f 5159/2763/7121 5160/2186/7120 5158/2188/7122
f 5158/2188/7122 5155/2118/7123 5159/2763/7121
f 5155/2118/7123 5158/2188/7122 5157/2520/7118
f 5157/2520/7118 5156/2121/7116 5155/2118/7123
f 5154/2762/7124 5153/2158/7125 5152/2159/7126
f 5144/2365/7127 5151/2273/7128 5146/2181/7129
f 5151/2273/7128 5144/2365/7127 5150/2363/7130
f 5150/2363/7130 5148/2178/7131 5151/2273/7128
f 5148/2178/7131 5150/2363/7130 5149/2767/2081
f 5148/2178/7131 5149/2767/2081 5145/2768/7132
f 5145/2768/7132 5147/2179/7133 5148/2178/7131
f 5145/2768/7132 5146/2181/7129 5147/2179/7133
f 5145/2768/7132 5144/2365/7127 5146/2181/7129
f 5144/2365/7127 5145/2768/7132 5143/2769/7134
f 5143/2769/7134 5142/2366/7135 5144/2365/7127
f 5142/2366/7135 5143/2769/7134 5141/2770/7136
f 5141/2770/7136 5140/2368/7137 5142/2366/7135
f 5140/2368/7137 5141/2770/7136 5138/2771/7138
f 5140/2368/7137 5138/2771/7138 5139/2047/7139
f 5138/2771/7138 5137/2368/7140 5139/2047/7139
f 5137/2368/7140 5138/2771/7138 5136/2770/7141
f 5136/2770/7141 5135/2366/7142 5137/2368/7140
f 5135/2366/7142 5136/2770/7141 5134/2769/7143
f 5134/2769/7143 5128/2365/7144 5135/2366/7142
f 5128/2365/7144 5134/2769/7143 5132/2768/7145
f 5132/2768/7145 5127/2181/7146 5128/2365/7144
f 5132/2768/7145 5133/2179/7147 5127/2181/7146
f 5132/2768/7145 5130/2178/7148 5133/2179/7147
f 5130/2178/7148 5132/2768/7145 5131/2767/3033
f 5130/2178/7148 5131/2767/3033 5129/2363/7149
f 5129/2363/7149 5126/2273/7150 5130/2178/7148
f 5126/2273/7150 5129/2363/7149 5128/2365/7144
f 5128/2365/7144 5127/2181/7146 5126/2273/7150
f 5125/2014/7151 5122/2772/7152 5124/1988/183
f 5122/2772/7152 5123/1989/183 5124/1988/183
f 5123/1989/183 5122/2772/7152 5121/2773/7152
f 5120/2157/5690 5119/2153/1166 5116/2774/7153
f 5116/2774/7153 5119/2153/1166 5118/2775/1168
f 5118/2775/1168 5117/2776/7154 5116/2774/7153
f 5115/1985/7155 5106/1986/7155 5114/2777/7156
f 5110/1990/7157 5113/1975/7158 5109/2777/7159
f 5110/1990/7157 5111/2014/7160 5112/1988/7161
f 5111/2014/7160 5110/1990/7157 5105/2033/7162
f 5109/2777/7159 5105/2033/7162 5110/1990/7157
f 5105/2033/7162 5109/2777/7159 5106/1986/7155
f 5107/1964/7163 5106/1986/7155 5108/1961/7163
f 5106/1986/7155 5107/1964/7163 5104/1996/7164
f 5104/1996/7164 5105/2033/7162 5106/1986/7155
f 5105/2033/7162 5104/1996/7164 5103/1995/7164
f 5102/2014/4504 5099/2772/3655 5101/1988/1885
f 5099/2772/3655 5100/1989/3655 5101/1988/1885
f 5100/1989/3655 5099/2772/3655 5098/2773/3655
f 5097/2384/7165 5096/2385/7166 5095/2778/883
f 5094/1985/4649 5085/1986/7167 5093/2779/7168
f 5089/1990/7169 5092/1975/7170 5088/2779/7171
f 5089/1990/7169 5090/2014/7172 5091/1988/7173
f 5090/2014/7172 5089/1990/7169 5084/2015/7174
f 5088/2779/7171 5084/2015/7174 5089/1990/7169
f 5084/2015/7174 5088/2779/7171 5085/1986/7167
f 5086/1964/7175 5085/1986/7167 5087/1961/7176
f 5085/1986/7167 5086/1964/7175 5083/1996/7177
f 5083/1996/7177 5084/2015/7174 5085/1986/7167
f 5084/2015/7174 5083/1996/7177 5082/1995/7178
f 5081/1627/7179 5078/1629/7180 5079/2780/7181
f 5080/2781/7182 5079/2780/7181 5078/1629/7180
f 5077/1655/7183 5076/1960/7184 5073/1959/7185
f 5075/1958/7186 5073/1959/7185 5076/1960/7184
f 5075/1958/7186 5074/1957/7187 5073/1959/7185
f 5072/2782/7188 5070/2783/7189 5071/2784/7190
f 5067/2785/7191 5068/2786/7192 5072/2782/7188
f 5070/2783/7189 5072/2782/7188 5068/2786/7192
f 5068/2786/7192 5069/2787/7193 5070/2783/7189
f 5071/2784/7190 5063/2442/7194 5065/2436/7195
f 5063/2442/7194 5071/2784/7190 5070/2783/7189
f 5070/2783/7189 5061/2441/7196 5063/2442/7194
f 5061/2441/7196 5070/2783/7189 5069/2787/7193
f 5069/2787/7193 5058/2470/7197 5061/2441/7196
f 5069/2787/7193 5056/2788/7198 5058/2470/7197
f 5056/2788/7198 5069/2787/7193 5055/2789/7199
f 5068/2786/7192 5055/2789/7199 5069/2787/7193
f 5055/2789/7199 5068/2786/7192 5054/2790/7200
f 5067/2785/7191 5054/2790/7200 5068/2786/7192
f 5054/2790/7200 5067/2785/7191 5053/2791/7201
f 5065/2436/7195 5064/2792/7202 5066/2793/7203
f 5064/2792/7202 5065/2436/7195 5063/2442/7194
f 5063/2442/7194 5062/2794/7204 5064/2792/7202
f 5062/2794/7204 5063/2442/7194 5061/2441/7196
f 5061/2441/7196 5060/2795/7205 5062/2794/7204
f 5060/2795/7205 5061/2441/7196 5058/2470/7197
f 5058/2470/7197 5059/2796/7206 5060/2795/7205
f 5058/2470/7197 5057/2469/7207 5059/2796/7206
f 5057/2469/7207 5058/2470/7197 5056/2788/7198
f 5056/2788/7198 5048/2797/7208 5057/2469/7207
f 5048/2797/7208 5056/2788/7198 5049/2798/7209
f 5055/2789/7199 5049/2798/7209 5056/2788/7198
f 5049/2798/7209 5055/2789/7199 5050/2799/7210
f 5054/2790/7200 5050/2799/7210 5055/2789/7199
f 5050/2799/7210 5054/2790/7200 5051/2800/7211
f 5053/2791/7201 5051/2800/7211 5054/2790/7200
f 5053/2791/7201 5052/2801/7212 5051/2800/7211
f 5047/2802/7213 5051/2800/7211 5052/2801/7212
f 5047/2802/7213 5046/2803/7214 5051/2800/7211
f 5051/2800/7211 5046/2803/7214 5050/2799/7210
f 5045/2804/7215 5050/2799/7210 5046/2803/7214
f 5050/2799/7210 5045/2804/7215 5049/2798/7209
f 5044/2805/7216 5049/2798/7209 5045/2804/7215
f 5049/2798/7209 5044/2805/7216 5048/2797/7208
f 5046/2803/7214 5047/2802/7213 5039/2806/7217
f 5039/2806/7217 5040/2807/7218 5046/2803/7214
f 5046/2803/7214 5040/2807/7218 5045/2804/7215
f 5042/2808/7219 5045/2804/7215 5040/2807/7218
f 5045/2804/7215 5042/2808/7219 5044/2805/7216
f 5041/2809/7220 5038/2810/7221 5043/2811/7222
f 5040/2807/7218 5041/2809/7220 5042/2808/7219
f 5038/2810/7221 5041/2809/7220 5040/2807/7218
f 5040/2807/7218 5039/2806/7217 5038/2810/7221
f 5031/2517/4152 5036/2516/4152 5037/2518/4152
f 5036/2516/4152 5031/2517/4152 5035/2515/7223
f 5032/1502/7223 5035/2515/7223 5031/2517/4152
f 5035/2515/7223 5032/1502/7223 5034/1499/7223
f 5030/1497/4152 5033/1501/4152 5032/1502/7223
f 5032/1502/7223 5031/2517/4152 5030/1497/4152
f 5029/2199/6052 5028/2583/6051 5027/2575/7224
f 5025/2508/883 5024/2510/883 5026/2509/883
f 5024/2510/883 5025/2508/883 5023/2511/883
f 5023/2511/883 5020/2506/883 5024/2510/883
f 5020/2506/883 5023/2511/883 5017/2504/883
f 5021/2507/883 5019/1481/883 5022/1777/883
f 5019/1481/883 5021/2507/883 5020/2506/883
f 5020/2506/883 5017/2504/883 5019/1481/883
f 5017/2504/883 5018/1480/883 5019/1481/883
f 5018/1480/883 5017/2504/883 5016/2505/883
f 5015/2215/7225 5014/2240/7226 5013/2214/7227
f 5011/2436/6223 5003/2437/7228 5012/2438/7229
f 5003/2437/7228 5011/2436/6223 5002/2442/7230
f 5002/2442/7230 5011/2436/6223 5010/2443/7231
f 5010/2443/7231 5001/2444/7232 5002/2442/7230
f 5001/2444/7232 5010/2443/7231 5009/2445/7233
f 5009/2445/7233 5004/2446/7234 5001/2444/7232
f 5004/2446/7234 5009/2445/7233 5008/2447/6217
f 5008/2447/6217 5005/2448/7235 5004/2446/7234
f 5005/2448/7235 5008/2447/6217 5007/2449/7236
f 5007/2449/7236 4996/2450/7237 5005/2448/7235
f 4996/2450/7237 5007/2449/7236 5006/2451/7238
f 5006/2451/7238 4994/2452/7239 4996/2450/7237
f 4994/2452/7239 5006/2451/7238 4995/2812/7240
f 4996/2450/7237 4997/2472/7241 4998/2473/7242
f 4998/2473/7242 5005/2448/7235 4996/2450/7237
f 5005/2448/7235 4998/2473/7242 4999/2474/7243
f 4999/2474/7243 5004/2446/7234 5005/2448/7235
f 5004/2446/7234 4999/2474/7243 5000/2475/7244
f 5000/2475/7244 5001/2444/7232 5004/2446/7234
f 4980/2440/7245 5003/2437/7228 5002/2442/7230
f 5002/2442/7230 4979/2441/7246 4980/2440/7245
f 4979/2441/7246 5002/2442/7230 5001/2444/7232
f 5001/2444/7232 5000/2475/7244 4979/2441/7246
f 4982/2470/7247 4979/2441/7246 5000/2475/7244
f 5000/2475/7244 4985/2468/7248 4982/2470/7247
f 4985/2468/7248 5000/2475/7244 4999/2474/7243
f 4999/2474/7243 4987/2466/7249 4985/2468/7248
f 4987/2466/7249 4999/2474/7243 4998/2473/7242
f 4998/2473/7242 4989/2464/7250 4987/2466/7249
f 4989/2464/7250 4998/2473/7242 4997/2472/7241
f 4989/2464/7250 4997/2472/7241 4991/2462/7251
f 4992/2455/7252 4991/2462/7251 4997/2472/7241
f 4997/2472/7241 4994/2452/7239 4992/2455/7252
f 4997/2472/7241 4996/2450/7237 4994/2452/7239
f 4994/2452/7239 4995/2812/7240 4993/2813/7253
f 4993/2813/7253 4992/2455/7252 4994/2452/7239
f 4992/2455/7252 4993/2813/7253 4974/2814/7254
f 4974/2814/7254 4975/2460/7255 4992/2455/7252
f 4991/2462/7251 4992/2455/7252 4975/2460/7255
f 4975/2460/7255 4977/2461/6203 4991/2462/7251
f 4990/2463/6201 4991/2462/7251 4977/2461/6203
f 4991/2462/7251 4990/2463/6201 4989/2464/7250
f 4988/2465/7256 4989/2464/7250 4990/2463/6201
f 4988/2465/7256 4987/2466/7249 4989/2464/7250
f 4987/2466/7249 4988/2465/7256 4986/2467/7257
f 4986/2467/7257 4985/2468/7248 4987/2466/7249
f 4985/2468/7248 4986/2467/7257 4984/2469/6190
f 4984/2469/6190 4982/2470/7247 4985/2468/7248
f 4982/2470/7247 4984/2469/6190 4983/2471/7258
f 4983/2471/7258 4981/2439/7259 4982/2470/7247
f 4979/2441/7246 4982/2470/7247 4981/2439/7259
f 4981/2439/7259 4980/2440/7245 4979/2441/7246
f 4976/2457/7260 4973/2815/7261 4978/2816/6207
f 4977/2461/6203 4975/2460/7255 4976/2457/7260
f 4973/2815/7261 4976/2457/7260 4975/2460/7255
f 4975/2460/7255 4974/2814/7254 4973/2815/7261
f 4972/2258/7262 4971/2302/7262 4970/2301/7263
f 4966/2817/895 4968/1481/895 4965/1480/895
f 4967/2507/895 4969/1777/895 4968/1481/895
f 4968/1481/895 4966/2817/895 4967/2507/895
f 4966/2817/895 4960/2506/895 4967/2507/895
f 4960/2506/895 4966/2817/895 4959/2504/895
f 4965/1480/895 4959/2504/895 4966/2817/895
f 4959/2504/895 4965/1480/895 4964/2505/895
f 4962/2508/895 4963/2509/895 4961/2510/895
f 4961/2510/895 4958/2511/895 4962/2508/895
f 4958/2511/895 4961/2510/895 4960/2506/895
f 4960/2506/895 4959/2504/895 4958/2511/895
f 4957/2818/7264 4935/2819/7265 4936/2807/7266
f 4936/2807/7266 4953/2803/7267 4957/2818/7264
f 4956/2820/7268 4957/2818/7264 4953/2803/7267
f 4953/2803/7267 4952/2800/7269 4956/2820/7268
f 4955/2821/7222 4956/2820/7268 4952/2800/7269
f 4952/2800/7269 4954/2791/7220 4955/2821/7222
f 4954/2791/7220 4952/2800/7269 4951/2790/7270
f 4951/2790/7270 4948/2785/7219 4954/2791/7220
f 4948/2785/7219 4951/2790/7270 4947/2786/7271
f 4950/2789/7272 4947/2786/7271 4951/2790/7270
f 4947/2786/7271 4950/2789/7272 4946/2787/7273
f 4942/2788/7274 4946/2787/7273 4950/2789/7272
f 4946/2787/7273 4942/2788/7274 4944/2470/7275
f 4953/2803/7267 4936/2807/7266 4938/2804/7276
f 4938/2804/7276 4949/2799/7277 4953/2803/7267
f 4952/2800/7269 4953/2803/7267 4949/2799/7277
f 4949/2799/7277 4951/2790/7270 4952/2800/7269
f 4951/2790/7270 4949/2799/7277 4950/2789/7272
f 4940/2798/7278 4950/2789/7272 4949/2799/7277
f 4950/2789/7272 4940/2798/7278 4942/2788/7274
f 4949/2799/7277 4938/2804/7276 4940/2798/7278
f 4948/2785/7219 4947/2786/7271 4932/2782/7279
f 4931/2783/7280 4932/2782/7279 4947/2786/7271
f 4947/2786/7271 4946/2787/7273 4931/2783/7280
f 4930/2441/7281 4931/2783/7280 4946/2787/7273
f 4946/2787/7273 4944/2470/7275 4930/2441/7281
f 4929/2822/7282 4930/2441/7281 4944/2470/7275
f 4944/2470/7275 4945/2823/7283 4929/2822/7282
f 4944/2470/7275 4943/2469/7284 4945/2823/7283
f 4943/2469/7284 4944/2470/7275 4942/2788/7274
f 4942/2788/7274 4941/2797/7285 4943/2469/7284
f 4941/2797/7285 4942/2788/7274 4940/2798/7278
f 4940/2798/7278 4939/2805/7286 4941/2797/7285
f 4939/2805/7286 4940/2798/7278 4938/2804/7276
f 4938/2804/7276 4937/2808/7287 4939/2805/7286
f 4937/2808/7287 4938/2804/7276 4936/2807/7266
f 4936/2807/7266 4933/2809/7288 4937/2808/7287
f 4933/2809/7288 4936/2807/7266 4935/2819/7265
f 4935/2819/7265 4934/2824/7289 4933/2809/7288
f 4932/2782/7279 4931/2783/7280 4927/2784/7290
f 4925/2442/7291 4927/2784/7290 4931/2783/7280
f 4931/2783/7280 4930/2441/7281 4925/2442/7291
f 4924/2825/7292 4925/2442/7291 4930/2441/7281
f 4930/2441/7281 4929/2822/7282 4924/2825/7292
f 4926/2436/7293 4923/2826/7294 4928/2827/7206
f 4927/2784/7290 4925/2442/7291 4926/2436/7293
f 4923/2826/7294 4926/2436/7293 4925/2442/7291
f 4925/2442/7291 4924/2825/7292 4923/2826/7294
f 4922/2301/7295 4921/2257/7295 4920/2258/7296
f 4918/2828/3989 4910/1779/7297 4919/2829/3989
f 4910/1779/7297 4918/2828/3989 4908/2830/4203
f 4915/2507/883 4916/1950/883 4917/2506/883
f 4915/2507/883 4914/1948/883 4916/1950/883
f 4914/1948/883 4915/2507/883 4913/1777/5391
f 4913/1777/5391 4912/1946/883 4914/1948/883
f 4912/1946/883 4913/1777/5391 4911/1778/7297
f 4911/1778/7297 4909/1944/4201 4912/1946/883
f 4909/1944/4201 4911/1778/7297 4910/1779/7297
f 4910/1779/7297 4908/2830/4203 4909/1944/4201
f 4908/2830/4203 4906/1942/7298 4909/1944/4201
f 4906/1942/7298 4908/2830/4203 4907/2831/883
f 4906/1942/7298 4907/2831/883 4904/2832/7299
f 4904/2832/7299 4905/2833/7300 4906/1942/7298
f 4904/2832/7299 4903/1902/7301 4905/2833/7300
f 4903/1902/7301 4904/2832/7299 4901/2834/7302
f 4901/2834/7302 4902/1905/7303 4903/1902/7301
f 4902/1905/7303 4901/2834/7302 4900/1907/7304
f 4899/2295/7305 4898/2294/7306 4897/2265/7307
f 4895/1905/7308 4896/1907/7309 4894/2834/7310
f 4894/2834/7310 4893/1902/7311 4895/1905/7308
f 4893/1902/7311 4894/2834/7310 4891/2832/7312
f 4891/2832/7312 4892/2833/7313 4893/1902/7311
f 4891/2832/7312 4889/1942/7314 4892/2833/7313
f 4889/1942/7314 4891/2832/7312 4890/2831/895
f 4889/1942/7314 4890/2831/895 4878/2830/4199
f 4889/1942/7314 4878/2830/4199 4888/1944/898
f 4879/1779/7315 4888/1944/898 4878/2830/4199
f 4888/1944/898 4879/1779/7315 4887/1778/3972
f 4887/1778/3972 4886/1946/895 4888/1944/898
f 4886/1946/895 4887/1778/3972 4885/1777/4198
f 4885/1777/4198 4884/1948/895 4886/1946/895
f 4884/1948/895 4885/1777/4198 4882/2507/895
f 4882/2507/895 4883/1950/895 4884/1948/895
f 4883/1950/895 4882/2507/895 4881/2506/895
f 4877/2828/5338 4880/2829/5338 4879/1779/7315
f 4879/1779/7315 4878/2830/4199 4877/2828/5338
f 4873/1906/7316 4876/1903/7316 4875/1904/7316
f 4873/1906/7317 4874/1905/7318 4871/1907/7319
f 4871/1907/7319 4872/1908/7319 4873/1906/7317
f 4872/1908/7319 4871/1907/7319 4870/1909/7320
f 4866/2780/7321 4869/2781/7322 4868/1629/7323
f 4868/1629/7323 4867/1627/7324 4866/2780/7321
f 4863/2810/7325 4864/2809/7326 4865/2811/7327
f 4861/2807/7328 4860/2808/7329 4864/2809/7326
f 4864/2809/7326 4863/2810/7325 4861/2807/7328
f 4862/2806/7330 4861/2807/7328 4863/2810/7325
f 4859/2802/7331 4858/2803/7332 4862/2806/7330
f 4861/2807/7328 4862/2806/7330 4858/2803/7332
f 4858/2803/7332 4857/2804/7333 4861/2807/7328
f 4860/2808/7329 4861/2807/7328 4857/2804/7333
f 4857/2804/7333 4856/2805/7334 4860/2808/7329
f 4854/2800/7335 4859/2802/7331 4855/2801/7336
f 4858/2803/7332 4859/2802/7331 4854/2800/7335
f 4853/2799/7337 4858/2803/7332 4854/2800/7335
f 4857/2804/7333 4858/2803/7332 4853/2799/7337
f 4853/2799/7337 4852/2798/7338 4857/2804/7333
f 4856/2805/7334 4857/2804/7333 4852/2798/7338
f 4852/2798/7338 4851/2797/7339 4856/2805/7334
f 4855/2801/7336 4832/2791/7340 4854/2800/7335
f 4833/2790/7341 4854/2800/7335 4832/2791/7340
f 4854/2800/7335 4833/2790/7341 4853/2799/7337
f 4833/2790/7341 4835/2789/7342 4853/2799/7337
f 4852/2798/7338 4853/2799/7337 4835/2789/7342
f 4835/2789/7342 4837/2788/7343 4852/2798/7338
f 4851/2797/7339 4852/2798/7338 4837/2788/7343
f 4837/2788/7343 4850/2469/7344 4851/2797/7339
f 4850/2469/7344 4837/2788/7343 4838/2470/7345
f 4838/2470/7345 4849/2796/7346 4850/2469/7344
f 4838/2470/7345 4848/2795/7347 4849/2796/7346
f 4848/2795/7347 4838/2470/7345 4839/2441/7348
f 4839/2441/7348 4847/2794/7349 4848/2795/7347
f 4847/2794/7349 4839/2441/7348 4841/2442/7350
f 4841/2442/7350 4845/2792/7351 4847/2794/7349
f 4845/2792/7351 4841/2442/7350 4843/2436/7352
f 4843/2436/7352 4846/2793/7353 4845/2792/7351
f 4834/2786/7354 4831/2785/7355 4844/2782/7356
f 4836/2787/7357 4834/2786/7354 4840/2783/7358
f 4844/2782/7356 4840/2783/7358 4834/2786/7354
f 4840/2783/7358 4844/2782/7356 4842/2784/7359
f 4842/2784/7359 4843/2436/7352 4841/2442/7350
f 4841/2442/7350 4840/2783/7358 4842/2784/7359
f 4840/2783/7358 4841/2442/7350 4839/2441/7348
f 4839/2441/7348 4836/2787/7357 4840/2783/7358
f 4836/2787/7357 4839/2441/7348 4838/2470/7345
f 4836/2787/7357 4838/2470/7345 4837/2788/7343
f 4837/2788/7343 4835/2789/7342 4836/2787/7357
f 4834/2786/7354 4836/2787/7357 4835/2789/7342
f 4835/2789/7342 4833/2790/7341 4834/2786/7354
f 4831/2785/7355 4834/2786/7354 4833/2790/7341
f 4833/2790/7341 4832/2791/7340 4831/2785/7355
f 4828/1771/7360 4827/1770/7361 4830/1772/7362
f 4829/1776/7363 4825/1773/7364 4828/1771/7360
f 4827/1770/7361 4828/1771/7360 4825/1773/7364
f 4825/1773/7364 4826/1774/7365 4827/1770/7361
f 4826/1774/7365 4825/1773/7364 4824/1775/7366
f 4820/1829/7367 4819/1828/7368 4823/1830/7369
f 4820/1829/7367 4823/1830/7369 4822/1831/7370
f 4820/1829/7367 4822/1831/7370 4821/1832/7371
f 4816/1833/7372 4821/1832/7371 4815/1834/7373
f 4820/1829/7367 4821/1832/7371 4816/1833/7372
f 4817/1827/7374 4820/1829/7367 4816/1833/7372
f 4819/1828/7368 4820/1829/7367 4817/1827/7374
f 4817/1827/7374 4818/1826/7375 4819/1828/7368
f 4808/1825/7376 4809/1824/7377 4818/1826/7375
f 4818/1826/7375 4817/1827/7374 4808/1825/7376
f 4807/1839/7378 4808/1825/7376 4817/1827/7374
f 4816/1833/7372 4807/1839/7378 4817/1827/7374
f 4807/1839/7378 4816/1833/7372 4806/1835/7379
f 4815/1834/7373 4806/1835/7379 4816/1833/7372
f 4806/1835/7379 4815/1834/7373 4805/1836/7380
f 4798/1814/7381 4801/1813/7382 4814/1815/7383
f 4814/1815/7383 4797/1816/7384 4798/1814/7381
f 4797/1816/7384 4814/1815/7383 4813/1817/7385
f 4797/1816/7384 4813/1817/7385 4812/1818/7386
f 4812/1818/7386 4796/1819/7387 4797/1816/7384
f 4796/1819/7387 4812/1818/7386 4811/1820/7388
f 4811/1820/7388 4795/1821/7389 4796/1819/7387
f 4795/1821/7389 4811/1820/7388 4810/1822/7390
f 4810/1822/7390 4794/1823/7391 4795/1821/7389
f 4794/1823/7391 4810/1822/7390 4809/1824/7377
f 4809/1824/7377 4808/1825/7376 4794/1823/7391
f 4791/1850/7392 4794/1823/7391 4808/1825/7376
f 4808/1825/7376 4807/1839/7378 4791/1850/7392
f 4792/1840/7393 4791/1850/7392 4807/1839/7378
f 4807/1839/7378 4806/1835/7379 4792/1840/7393
f 4793/1837/7394 4792/1840/7393 4806/1835/7379
f 4806/1835/7379 4805/1836/7380 4793/1837/7394
f 4805/1836/7380 4804/1838/7395 4793/1837/7394
f 4802/1810/7396 4800/1809/7397 4803/1811/7398
f 4800/1809/7397 4802/1810/7396 4799/1812/7399
f 4799/1812/7399 4802/1810/7396 4801/1813/7382
f 4801/1813/7382 4798/1814/7381 4799/1812/7399
f 4799/1812/7399 4786/1849/7400 4800/1809/7397
f 4786/1849/7400 4799/1812/7399 4787/1848/7401
f 4798/1814/7381 4787/1848/7401 4799/1812/7399
f 4787/1848/7401 4798/1814/7381 4788/1853/7402
f 4797/1816/7384 4788/1853/7402 4798/1814/7381
f 4788/1853/7402 4797/1816/7384 4796/1819/7387
f 4796/1819/7387 4789/1852/7403 4788/1853/7402
f 4789/1852/7403 4796/1819/7387 4795/1821/7389
f 4795/1821/7389 4790/1851/7404 4789/1852/7403
f 4790/1851/7404 4795/1821/7389 4794/1823/7391
f 4794/1823/7391 4791/1850/7392 4790/1851/7404
f 4792/1840/7393 4793/1837/7394 4785/1841/7405
f 4785/1841/7405 4784/1842/7406 4792/1840/7393
f 4791/1850/7392 4792/1840/7393 4784/1842/7406
f 4784/1842/7406 4790/1851/7404 4791/1850/7392
f 4790/1851/7404 4784/1842/7406 4782/1844/7407
f 4782/1844/7407 4789/1852/7403 4790/1851/7404
f 4789/1852/7403 4782/1844/7407 4781/1846/7408
f 4781/1846/7408 4788/1853/7402 4789/1852/7403
f 4788/1853/7402 4781/1846/7408 4787/1848/7401
f 4779/1847/7409 4787/1848/7401 4781/1846/7408
f 4787/1848/7401 4779/1847/7409 4786/1849/7400
f 4784/1842/7406 4785/1841/7405 4783/1843/7410
f 4783/1843/7410 4782/1844/7407 4784/1842/7406
f 4782/1844/7407 4783/1843/7410 4780/1845/7411
f 4780/1845/7411 4781/1846/7408 4782/1844/7407
f 4781/1846/7408 4780/1845/7411 4779/1847/7409
f 4775/1829/7412 4774/1828/7413 4778/1830/7414
f 4775/1829/7412 4778/1830/7414 4777/1831/7395
f 4775/1829/7412 4777/1831/7395 4776/1832/7415
f 4771/1833/7416 4776/1832/7415 4770/1834/7417
f 4775/1829/7412 4776/1832/7415 4771/1833/7416
f 4772/1827/7418 4775/1829/7412 4771/1833/7416
f 4774/1828/7413 4775/1829/7412 4772/1827/7418
f 4772/1827/7418 4773/1826/7419 4774/1828/7413
f 4763/1825/7420 4764/1824/7421 4773/1826/7419
f 4773/1826/7419 4772/1827/7418 4763/1825/7420
f 4762/1839/7422 4763/1825/7420 4772/1827/7418
f 4771/1833/7416 4762/1839/7422 4772/1827/7418
f 4762/1839/7422 4771/1833/7416 4761/1835/7423
f 4770/1834/7417 4761/1835/7423 4771/1833/7416
f 4761/1835/7423 4770/1834/7417 4760/1836/7424
f 4753/1814/7425 4756/1813/7426 4769/1815/7427
f 4769/1815/7427 4752/1816/7428 4753/1814/7425
f 4752/1816/7428 4769/1815/7427 4768/1817/7429
f 4752/1816/7428 4768/1817/7429 4767/1818/7397
f 4767/1818/7397 4751/1819/7430 4752/1816/7428
f 4751/1819/7430 4767/1818/7397 4766/1820/7431
f 4766/1820/7431 4750/1821/7432 4751/1819/7430
f 4750/1821/7432 4766/1820/7431 4765/1822/7433
f 4765/1822/7433 4749/1823/7434 4750/1821/7432
f 4749/1823/7434 4765/1822/7433 4764/1824/7421
f 4764/1824/7421 4763/1825/7420 4749/1823/7434
f 4746/1850/7435 4749/1823/7434 4763/1825/7420
f 4763/1825/7420 4762/1839/7422 4746/1850/7435
f 4747/1840/7436 4746/1850/7435 4762/1839/7422
f 4762/1839/7422 4761/1835/7423 4747/1840/7436
f 4748/1837/7437 4747/1840/7436 4761/1835/7423
f 4761/1835/7423 4760/1836/7424 4748/1837/7437
f 4760/1836/7424 4759/1838/7438 4748/1837/7437
f 4757/1810/7439 4755/1809/7440 4758/1811/7385
f 4755/1809/7440 4757/1810/7439 4754/1812/7441
f 4754/1812/7441 4757/1810/7439 4756/1813/7426
f 4756/1813/7426 4753/1814/7425 4754/1812/7441
f 4754/1812/7441 4741/1849/7442 4755/1809/7440
f 4741/1849/7442 4754/1812/7441 4742/1848/7443
f 4753/1814/7425 4742/1848/7443 4754/1812/7441
f 4742/1848/7443 4753/1814/7425 4743/1853/7444
f 4752/1816/7428 4743/1853/7444 4753/1814/7425
f 4743/1853/7444 4752/1816/7428 4751/1819/7430
f 4751/1819/7430 4744/1852/7445 4743/1853/7444
f 4744/1852/7445 4751/1819/7430 4750/1821/7432
f 4750/1821/7432 4745/1851/7446 4744/1852/7445
f 4745/1851/7446 4750/1821/7432 4749/1823/7434
f 4749/1823/7434 4746/1850/7435 4745/1851/7446
f 4747/1840/7436 4748/1837/7437 4740/1841/7368
f 4740/1841/7368 4739/1842/7447 4747/1840/7436
f 4746/1850/7435 4747/1840/7436 4739/1842/7447
f 4739/1842/7447 4745/1851/7446 4746/1850/7435
f 4745/1851/7446 4739/1842/7447 4737/1844/7448
f 4737/1844/7448 4744/1852/7445 4745/1851/7446
f 4744/1852/7445 4737/1844/7448 4736/1846/7449
f 4736/1846/7449 4743/1853/7444 4744/1852/7445
f 4743/1853/7444 4736/1846/7449 4742/1848/7443
f 4734/1847/7450 4742/1848/7443 4736/1846/7449
f 4742/1848/7443 4734/1847/7450 4741/1849/7442
f 4739/1842/7447 4740/1841/7368 4738/1843/7451
f 4738/1843/7451 4737/1844/7448 4739/1842/7447
f 4737/1844/7448 4738/1843/7451 4735/1845/7452
f 4735/1845/7452 4736/1846/7449 4737/1844/7448
f 4736/1846/7449 4735/1845/7452 4734/1847/7450
f 4733/2265/7453 4732/2299/7454 4731/2295/7454
f 4727/2437/7455 4728/2436/7456 4730/2438/7457
f 4711/2445/7458 4729/2443/7459 4702/2444/7460
f 4701/2442/7461 4702/2444/7460 4729/2443/7459
f 4729/2443/7459 4728/2436/7456 4701/2442/7461
f 4728/2436/7456 4727/2437/7455 4701/2442/7461
f 4701/2442/7461 4727/2437/7455 4726/2440/7462
f 4726/2440/7462 4692/2441/7463 4701/2442/7461
f 4692/2441/7463 4726/2440/7462 4725/2439/7464
f 4725/2439/7464 4691/2470/7465 4692/2441/7463
f 4691/2470/7465 4725/2439/7464 4724/2471/7466
f 4691/2470/7465 4724/2471/7466 4723/2469/7467
f 4723/2469/7467 4694/2468/7468 4691/2470/7465
f 4694/2468/7468 4723/2469/7467 4722/2467/7469
f 4722/2467/7469 4696/2466/7470 4694/2468/7468
f 4696/2466/7470 4722/2467/7469 4721/2465/7471
f 4721/2465/7471 4698/2464/7472 4696/2466/7470
f 4698/2464/7472 4721/2465/7471 4720/2463/7473
f 4720/2463/7473 4700/2462/7474 4698/2464/7472
f 4700/2462/7474 4720/2463/7473 4709/2461/7475
f 4718/2458/7476 4710/2457/7477 4719/2459/7478
f 4710/2457/7477 4718/2458/7476 4708/2460/7479
f 4717/2456/7480 4708/2460/7479 4718/2458/7476
f 4708/2460/7479 4717/2456/7480 4707/2455/7481
f 4716/2454/7482 4707/2455/7481 4717/2456/7480
f 4707/2455/7481 4716/2454/7482 4706/2452/7483
f 4715/2453/7484 4706/2452/7483 4716/2454/7482
f 4706/2452/7483 4715/2453/7484 4714/2451/7485
f 4714/2451/7485 4705/2450/7486 4706/2452/7483
f 4705/2450/7486 4714/2451/7485 4713/2449/7487
f 4713/2449/7487 4704/2448/7488 4705/2450/7486
f 4704/2448/7488 4713/2449/7487 4712/2447/7489
f 4712/2447/7489 4703/2446/7490 4704/2448/7488
f 4703/2446/7490 4712/2447/7489 4711/2445/7458
f 4702/2444/7460 4703/2446/7490 4711/2445/7458
f 4708/2460/7479 4709/2461/7475 4710/2457/7477
f 4709/2461/7475 4708/2460/7479 4700/2462/7474
f 4707/2455/7481 4700/2462/7474 4708/2460/7479
f 4700/2462/7474 4707/2455/7481 4699/2472/7491
f 4706/2452/7483 4699/2472/7491 4707/2455/7481
f 4699/2472/7491 4706/2452/7483 4705/2450/7486
f 4705/2450/7486 4697/2473/7492 4699/2472/7491
f 4697/2473/7492 4705/2450/7486 4704/2448/7488
f 4704/2448/7488 4695/2474/7493 4697/2473/7492
f 4695/2474/7493 4704/2448/7488 4703/2446/7490
f 4703/2446/7490 4693/2475/7494 4695/2474/7493
f 4703/2446/7490 4702/2444/7460 4693/2475/7494
f 4692/2441/7463 4693/2475/7494 4702/2444/7460
f 4702/2444/7460 4701/2442/7461 4692/2441/7463
f 4699/2472/7491 4698/2464/7472 4700/2462/7474
f 4698/2464/7472 4699/2472/7491 4697/2473/7492
f 4697/2473/7492 4696/2466/7470 4698/2464/7472
f 4696/2466/7470 4697/2473/7492 4695/2474/7493
f 4695/2474/7493 4694/2468/7468 4696/2466/7470
f 4694/2468/7468 4695/2474/7493 4693/2475/7494
f 4693/2475/7494 4691/2470/7465 4694/2468/7468
f 4693/2475/7494 4692/2441/7463 4691/2470/7465
f 4690/2294/7495 4689/2260/7496 4688/2261/7497
f 4684/2437/7498 4685/2436/7499 4687/2438/7500
f 4668/2445/7501 4686/2443/7502 4659/2444/7503
f 4658/2442/7504 4659/2444/7503 4686/2443/7502
f 4686/2443/7502 4685/2436/7499 4658/2442/7504
f 4685/2436/7499 4684/2437/7498 4658/2442/7504
f 4658/2442/7504 4684/2437/7498 4683/2440/7505
f 4683/2440/7505 4649/2441/7506 4658/2442/7504
f 4649/2441/7506 4683/2440/7505 4682/2439/7507
f 4682/2439/7507 4648/2470/7508 4649/2441/7506
f 4648/2470/7508 4682/2439/7507 4681/2471/7509
f 4648/2470/7508 4681/2471/7509 4680/2469/7510
f 4680/2469/7510 4651/2468/7511 4648/2470/7508
f 4651/2468/7511 4680/2469/7510 4679/2467/7512
f 4679/2467/7512 4653/2466/7513 4651/2468/7511
f 4653/2466/7513 4679/2467/7512 4678/2465/7514
f 4678/2465/7514 4655/2464/7515 4653/2466/7513
f 4655/2464/7515 4678/2465/7514 4677/2463/7516
f 4677/2463/7516 4657/2462/7517 4655/2464/7515
f 4657/2462/7517 4677/2463/7516 4666/2461/7487
f 4675/2815/7518 4667/2457/7519 4676/2816/7484
f 4667/2457/7519 4675/2815/7518 4665/2460/7520
f 4674/2814/7521 4665/2460/7520 4675/2815/7518
f 4665/2460/7520 4674/2814/7521 4664/2455/7522
f 4673/2813/7523 4664/2455/7522 4674/2814/7521
f 4664/2455/7522 4673/2813/7523 4663/2452/7524
f 4672/2812/7525 4663/2452/7524 4673/2813/7523
f 4663/2452/7524 4672/2812/7525 4671/2451/7477
f 4671/2451/7477 4662/2450/7526 4663/2452/7524
f 4662/2450/7526 4671/2451/7477 4670/2449/7527
f 4670/2449/7527 4661/2448/7528 4662/2450/7526
f 4661/2448/7528 4670/2449/7527 4669/2447/7529
f 4669/2447/7529 4660/2446/7530 4661/2448/7528
f 4660/2446/7530 4669/2447/7529 4668/2445/7501
f 4659/2444/7503 4660/2446/7530 4668/2445/7501
f 4665/2460/7520 4666/2461/7487 4667/2457/7519
f 4666/2461/7487 4665/2460/7520 4657/2462/7517
f 4664/2455/7522 4657/2462/7517 4665/2460/7520
f 4657/2462/7517 4664/2455/7522 4656/2472/7531
f 4663/2452/7524 4656/2472/7531 4664/2455/7522
f 4656/2472/7531 4663/2452/7524 4662/2450/7526
f 4662/2450/7526 4654/2473/7532 4656/2472/7531
f 4654/2473/7532 4662/2450/7526 4661/2448/7528
f 4661/2448/7528 4652/2474/7533 4654/2473/7532
f 4652/2474/7533 4661/2448/7528 4660/2446/7530
f 4660/2446/7530 4650/2475/7534 4652/2474/7533
f 4660/2446/7530 4659/2444/7503 4650/2475/7534
f 4649/2441/7506 4650/2475/7534 4659/2444/7503
f 4659/2444/7503 4658/2442/7504 4649/2441/7506
f 4656/2472/7531 4655/2464/7515 4657/2462/7517
f 4655/2464/7515 4656/2472/7531 4654/2473/7532
f 4654/2473/7532 4653/2466/7513 4655/2464/7515
f 4653/2466/7513 4654/2473/7532 4652/2474/7533
f 4652/2474/7533 4651/2468/7511 4653/2466/7513
f 4651/2468/7511 4652/2474/7533 4650/2475/7534
f 4650/2475/7534 4648/2470/7508 4651/2468/7511
f 4650/2475/7534 4649/2441/7506 4648/2470/7508
f 4646/2508/883 4645/2510/883 4647/2509/883
f 4645/2510/883 4646/2508/883 4644/2511/883
f 4644/2511/883 4643/2506/883 4645/2510/883
f 4643/2506/883 4644/2511/883 4639/2504/883
f 4643/2506/883 4639/2504/883 4638/2817/883
f 4638/2817/883 4642/2507/883 4643/2506/883
f 4636/1481/883 4642/2507/883 4638/2817/883
f 4642/2507/883 4636/1481/883 4641/1777/883
f 4639/2504/883 4640/2505/883 4637/1480/883
f 4637/1480/883 4638/2817/883 4639/2504/883
f 4638/2817/883 4637/1480/883 4636/1481/883
f 4634/2826/7535 4633/2436/7536 4635/2827/7346
f 4632/2825/7537 4631/2442/7538 4634/2826/7535
f 4633/2436/7536 4634/2826/7535 4631/2442/7538
f 4631/2442/7538 4630/2784/7539 4633/2436/7536
f 4629/2822/7540 4628/2441/7541 4632/2825/7537
f 4631/2442/7538 4632/2825/7537 4628/2441/7541
f 4628/2441/7541 4627/2783/7542 4631/2442/7538
f 4630/2784/7539 4631/2442/7538 4627/2783/7542
f 4627/2783/7542 4626/2782/7543 4630/2784/7539
f 4610/2823/7544 4611/2470/7545 4629/2822/7540
f 4628/2441/7541 4629/2822/7540 4611/2470/7545
f 4611/2470/7545 4612/2787/7546 4628/2441/7541
f 4627/2783/7542 4628/2441/7541 4612/2787/7546
f 4612/2787/7546 4613/2786/7547 4627/2783/7542
f 4626/2782/7543 4627/2783/7542 4613/2786/7547
f 4613/2786/7547 4625/2785/7329 4626/2782/7543
f 4625/2785/7329 4613/2786/7547 4614/2790/7548
f 4614/2790/7548 4624/2791/7326 4625/2785/7329
f 4624/2791/7326 4614/2790/7548 4615/2800/7549
f 4615/2800/7549 4623/2821/7550 4624/2791/7326
f 4615/2800/7549 4622/2820/7551 4623/2821/7550
f 4622/2820/7551 4615/2800/7549 4616/2803/7552
f 4616/2803/7552 4621/2818/7553 4622/2820/7551
f 4621/2818/7553 4616/2803/7552 4617/2807/7554
f 4617/2807/7554 4619/2819/7555 4621/2818/7553
f 4619/2819/7555 4617/2807/7554 4618/2809/7556
f 4618/2809/7556 4620/2824/7557 4619/2819/7555
f 4609/2808/7355 4618/2809/7556 4617/2807/7554
f 4617/2807/7554 4607/2804/7558 4609/2808/7355
f 4607/2804/7558 4617/2807/7554 4616/2803/7552
f 4616/2803/7552 4606/2799/7559 4607/2804/7558
f 4606/2799/7559 4616/2803/7552 4615/2800/7549
f 4606/2799/7559 4615/2800/7549 4614/2790/7548
f 4614/2790/7548 4605/2789/7560 4606/2799/7559
f 4605/2789/7560 4614/2790/7548 4613/2786/7547
f 4613/2786/7547 4612/2787/7546 4605/2789/7560
f 4603/2788/7561 4605/2789/7560 4612/2787/7546
f 4612/2787/7546 4611/2470/7545 4603/2788/7561
f 4602/2469/7562 4603/2788/7561 4611/2470/7545
f 4611/2470/7545 4610/2823/7544 4602/2469/7562
f 4604/2798/7563 4601/2797/7564 4608/2805/7565
f 4608/2805/7565 4609/2808/7355 4607/2804/7558
f 4607/2804/7558 4604/2798/7563 4608/2805/7565
f 4604/2798/7563 4607/2804/7558 4606/2799/7559
f 4604/2798/7563 4606/2799/7559 4605/2789/7560
f 4605/2789/7560 4603/2788/7561 4604/2798/7563
f 4601/2797/7564 4604/2798/7563 4603/2788/7561
f 4603/2788/7561 4602/2469/7562 4601/2797/7564
f 4600/2261/7566 4599/2265/7567 4598/2294/7567
f 4596/2828/3989 4588/1779/3990 4597/2829/3989
f 4588/1779/3990 4596/2828/3989 4586/2830/4203
f 4593/2507/883 4594/1950/883 4595/2506/883
f 4593/2507/883 4592/1948/883 4594/1950/883
f 4592/1948/883 4593/2507/883 4591/1777/5391
f 4591/1777/5391 4590/1946/883 4592/1948/883
f 4590/1946/883 4591/1777/5391 4589/1778/5341
f 4589/1778/5341 4587/1944/3990 4590/1946/883
f 4587/1944/3990 4589/1778/5341 4588/1779/3990
f 4588/1779/3990 4586/2830/4203 4587/1944/3990
f 4586/2830/4203 4584/1942/7568 4587/1944/3990
f 4584/1942/7568 4586/2830/4203 4585/2831/883
f 4584/1942/7568 4585/2831/883 4582/2832/7299
f 4582/2832/7299 4583/2833/7300 4584/1942/7568
f 4582/2832/7299 4581/1902/7569 4583/2833/7300
f 4581/1902/7569 4582/2832/7299 4579/2834/7570
f 4579/2834/7570 4580/1905/7571 4581/1902/7569
f 4580/1905/7571 4579/2834/7570 4578/1907/7572
f 4577/2758/7573 4576/2760/4771 4575/2759/7574
f 4573/1905/7575 4574/1907/7576 4572/2834/7577
f 4572/2834/7577 4571/1902/7578 4573/1905/7575
f 4571/1902/7578 4572/2834/7577 4569/2832/7579
f 4569/2832/7579 4570/2833/7313 4571/1902/7578
f 4569/2832/7579 4567/1942/7580 4570/2833/7313
f 4567/1942/7580 4569/2832/7579 4568/2831/895
f 4567/1942/7580 4568/2831/895 4556/2830/4199
f 4567/1942/7580 4556/2830/4199 4566/1944/4196
f 4557/1779/7581 4566/1944/4196 4556/2830/4199
f 4566/1944/4196 4557/1779/7581 4565/1778/7581
f 4565/1778/7581 4564/1946/895 4566/1944/4196
f 4564/1946/895 4565/1778/7581 4563/1777/4198
f 4563/1777/4198 4562/1948/895 4564/1946/895
f 4562/1948/895 4563/1777/4198 4560/2507/895
f 4560/2507/895 4561/1950/895 4562/1948/895
f 4561/1950/895 4560/2507/895 4559/2506/895
f 4555/2828/5338 4558/2829/3972 4557/1779/7581
f 4557/1779/7581 4556/2830/4199 4555/2828/5338
f 4554/2159/7582 4553/2158/7582 4552/2762/7582
f 4549/2373/7583 4550/2835/7584 4551/2836/7585
f 4550/2835/7584 4549/2373/7583 4546/2372/7586
f 4547/2371/7587 4548/2837/7588 4544/2838/7589
f 4544/2838/7589 4546/2372/7590 4547/2371/7587
f 4544/2838/7589 4545/2839/7591 4546/2372/7590
f 4545/2839/7591 4544/2838/7589 4543/2840/7592
f 4542/2762/7593 4541/2761/7593 4540/2159/7594
f 4538/2373/7595 4539/2835/7596 4534/2372/7597
f 4539/2835/7596 4538/2373/7595 4537/2836/7598
f 4535/2839/7599 4536/2840/7600 4532/2838/7601
f 4532/2838/7601 4534/2372/7597 4535/2839/7599
f 4532/2838/7601 4533/2371/7602 4534/2372/7597
f 4533/2371/7602 4532/2838/7601 4531/2837/7603
f 4530/2323/7604 4529/2324/7605 4528/2339/7606
f 4528/2339/7606 4529/2324/7605 4527/2430/7607
f 4527/2430/7607 4526/2344/7608 4528/2339/7606
f 4526/2344/7608 4527/2430/7607 4525/2429/7609
f 4525/2429/7609 4524/2342/7610 4526/2344/7608
f 4524/2342/7610 4525/2429/7609 4523/2428/7611
f 4523/2428/7611 4522/2341/7612 4524/2342/7610
f 4522/2341/7612 4523/2428/7611 4521/2427/7613
f 4521/2427/7613 4519/2345/7614 4522/2341/7612
f 4519/2345/7614 4521/2427/7613 4520/2426/7615
f 4519/2345/7614 4520/2426/7615 4516/2425/7616
f 4516/2425/7616 4518/2340/7617 4519/2345/7614
f 4516/2425/7616 4517/2338/7618 4518/2340/7617
f 4517/2338/7618 4516/2425/7616 4515/2337/7619
f 4509/2339/7620 4511/2334/7621 4514/2323/7622
f 4501/2340/7623 4504/2341/7624 4513/2345/7625
f 4510/2296/7626 4512/2336/7627 4511/2334/7621
f 4511/2334/7621 4509/2339/7620 4510/2296/7626
f 4509/2339/7620 4508/2300/7628 4510/2296/7626
f 4508/2300/7628 4509/2339/7620 4507/2344/7629
f 4507/2344/7629 4506/2343/7630 4508/2300/7628
f 4506/2343/7630 4507/2344/7629 4505/2342/7631
f 4505/2342/7631 4503/2303/7632 4506/2343/7630
f 4503/2303/7632 4505/2342/7631 4504/2341/7624
f 4504/2341/7624 4501/2340/7623 4503/2303/7632
f 4501/2340/7623 4502/2322/7633 4503/2303/7632
f 4502/2322/7633 4501/2340/7623 4500/2338/7634
f 4494/1198/6368 4493/1199/7635 4499/1200/3378
f 4484/1202/7636 4474/2841/7637 4477/2842/7638
f 4474/2841/7637 4484/1202/7636 4472/2843/7639
f 4489/2844/7640 4472/2843/7639 4484/1202/7636
f 4472/2843/7639 4489/2844/7640 4471/2845/7641
f 4490/2846/7642 4471/2845/7641 4489/2844/7640
f 4490/2846/7642 4498/2847/7643 4471/2845/7641
f 4490/2846/7642 4497/2848/6363 4498/2847/7643
f 4490/2846/7642 4496/2849/6364 4497/2848/6363
f 4496/2849/6364 4490/2846/7642 4488/1205/7644
f 4488/1205/7644 4495/2850/7645 4496/2849/6364
f 4487/1204/7646 4495/2850/7645 4488/1205/7644
f 4495/2850/7645 4487/1204/7646 4494/1198/6368
f 4493/1199/7635 4494/1198/6368 4487/1204/7646
f 4487/1204/7646 4485/1203/7647 4493/1199/7635
f 4485/1203/7647 4492/1207/7648 4493/1199/7635
f 4492/1207/7648 4485/1203/7647 4483/310/7649
f 4483/310/7649 4491/312/2934 4492/1207/7648
f 4481/2851/7650 4491/312/2934 4483/310/7649
f 4484/1202/7636 4486/2852/7651 4489/2844/7640
f 4489/2844/7640 4488/1205/7644 4490/2846/7642
f 4488/1205/7644 4489/2844/7640 4486/2852/7651
f 4488/1205/7644 4486/2852/7651 4487/1204/7646
f 4485/1203/7647 4487/1204/7646 4486/2852/7651
f 4486/2852/7651 4484/1202/7636 4485/1203/7647
f 4484/1202/7636 4483/310/7649 4485/1203/7647
f 4477/2842/7638 4483/310/7649 4484/1202/7636
f 4479/1209/7652 4483/310/7649 4477/2842/7638
f 4483/310/7649 4479/1209/7652 4481/2851/7650
f 4481/2851/7650 4480/2853/7653 4482/1213/2944
f 4480/2853/7653 4481/2851/7650 4479/1209/7652
f 4479/1209/7652 4478/1211/7654 4480/2853/7653
f 4478/1211/7654 4479/1209/7652 4477/2842/7638
f 4477/2842/7638 4476/2854/7655 4478/1211/7654
f 4476/2854/7655 4477/2842/7638 4474/2841/7637
f 4474/2841/7637 4475/2855/7656 4476/2854/7655
f 4475/2855/7656 4474/2841/7637 4473/2856/7657
f 4472/2843/7639 4473/2856/7657 4474/2841/7637
f 4472/2843/7639 4470/2530/7658 4473/2856/7657
f 4472/2843/7639 4471/2845/7641 4470/2530/7658
f 4469/2384/7659 4468/2778/895 4467/2385/7660
f 4455/2857/7661 4465/2858/7662 4466/2859/7663
f 4465/2858/7662 4455/2857/7661 4456/2860/7664
f 4456/2860/7664 4464/2861/7665 4465/2858/7662
f 4464/2861/7665 4456/2860/7664 4454/2862/7666
f 4454/2862/7666 4462/2863/7667 4464/2861/7665
f 4463/2864/7668 4462/2863/7667 4454/2862/7666
f 4459/2865/7669 4458/2760/7670 4460/2759/7671
f 4460/2759/7671 4461/2866/7672 4452/2867/7673
f 4452/2867/7673 4453/2868/7674 4460/2759/7671
f 4459/2865/7669 4460/2759/7671 4453/2868/7674
f 4453/2868/7674 4454/2862/7666 4459/2865/7669
f 4456/2860/7664 4459/2865/7669 4454/2862/7666
f 4458/2760/7670 4459/2865/7669 4456/2860/7664
f 4456/2860/7664 4457/2869/7675 4458/2760/7670
f 4457/2869/7675 4456/2860/7664 4455/2857/7661
f 4445/2870/7676 4448/2871/7677 4454/2862/7666
f 4454/2862/7666 4453/2868/7674 4445/2870/7676
f 4444/2872/7678 4445/2870/7676 4453/2868/7674
f 4453/2868/7674 4452/2867/7673 4444/2872/7678
f 4451/2873/7679 4444/2872/7678 4452/2867/7673
f 4444/2872/7678 4451/2873/7679 4450/2874/5678
f 4446/2875/7680 4443/2876/7681 4449/2877/7682
f 4445/2870/7676 4447/2878/7683 4448/2871/7677
f 4447/2878/7683 4445/2870/7676 4446/2875/7680
f 4443/2876/7681 4446/2875/7680 4445/2870/7676
f 4445/2870/7676 4444/2872/7678 4443/2876/7681
f 4438/2879/7684 4441/2880/7685 4437/2881/7686
f 4440/2882/7687 4442/2883/7688 4441/2880/7685
f 4441/2880/7685 4438/2879/7684 4440/2882/7687
f 4438/2879/7684 4439/2884/7689 4440/2882/7687
f 4439/2884/7689 4438/2879/7684 4422/2321/7690
f 4420/2885/7691 4422/2321/7690 4438/2879/7684
f 4438/2879/7684 4437/2881/7686 4420/2885/7691
f 4419/2886/7692 4420/2885/7691 4437/2881/7686
f 4419/2886/7692 4437/2881/7686 4436/2887/7693
f 4436/2887/7693 4431/2888/7683 4419/2886/7692
f 4431/2888/7683 4436/2887/7693 4435/2889/2110
f 4435/2889/2110 4434/2890/7694 4431/2888/7683
f 4433/2891/7695 4428/2892/7696 4429/2893/7697
f 4429/2893/7697 4432/2894/7698 4433/2891/7695
f 4432/2894/7698 4429/2893/7697 4430/2895/7699
f 4430/2895/7699 4419/2886/7692 4431/2888/7683
f 4419/2886/7692 4430/2895/7699 4429/2893/7697
f 4429/2893/7697 4418/2896/7700 4419/2886/7692
f 4418/2896/7700 4429/2893/7697 4428/2892/7696
f 4418/2896/7700 4428/2892/7696 4427/2897/7701
f 4427/2897/7701 4426/2898/7702 4418/2896/7700
f 4421/2899/7703 4418/2896/7700 4424/2900/7704
f 4423/2320/7705 4424/2900/7704 4425/2318/7706
f 4424/2900/7704 4423/2320/7705 4421/2899/7703
f 4422/2321/7690 4421/2899/7703 4423/2320/7705
f 4422/2321/7690 4420/2885/7691 4421/2899/7703
f 4418/2896/7700 4421/2899/7703 4420/2885/7691
f 4420/2885/7691 4419/2886/7692 4418/2896/7700
f 4414/2519/7707 4417/2187/7708 4416/2188/7707
f 4416/2188/7707 4415/2520/7709 4414/2519/7707
f 4410/2184/7710 4413/2519/7711 4412/2520/7712
f 4412/2520/7712 4411/2183/7713 4410/2184/7710
f 4408/2189/7714 4407/2039/7715 4409/2036/7716
f 4407/2039/7715 4408/2189/7714 4406/2522/7717
f 4406/2522/7717 4404/2041/7718 4407/2039/7715
f 4406/2522/7717 4405/2268/7719 4404/2041/7718
f 4400/2169/7720 4403/2170/7721 4402/2170/7720
f 4402/2170/7720 4401/2169/7722 4400/2169/7720
f 4396/2169/7723 4399/2170/7724 4398/2170/7725
f 4398/2170/7725 4397/2169/7723 4396/2169/7723
f 4395/2199/6033 4394/2575/7726 4393/2583/7727
f 4392/2884/7728 4388/2879/7729 4390/2882/7730
f 4388/2879/7729 4392/2884/7728 4387/2321/7731
f 4390/2882/7730 4389/2880/7732 4391/2883/7733
f 4389/2880/7732 4390/2882/7730 4388/2879/7729
f 4388/2879/7729 4381/2881/7734 4389/2880/7732
f 4388/2879/7729 4382/2885/7735 4381/2881/7734
f 4382/2885/7735 4388/2879/7729 4387/2321/7731
f 4387/2321/7731 4383/2899/7736 4382/2885/7735
f 4383/2899/7736 4387/2321/7731 4385/2320/7737
f 4384/2900/7738 4385/2320/7737 4386/2318/7739
f 4385/2320/7737 4384/2900/7738 4383/2899/7736
f 4383/2899/7736 4384/2900/7738 4375/2896/7740
f 4375/2896/7740 4382/2885/7735 4383/2899/7736
f 4382/2885/7735 4375/2896/7740 4374/2886/7741
f 4374/2886/7741 4381/2881/7734 4382/2885/7735
f 4381/2881/7734 4374/2886/7741 4380/2887/7742
f 4373/2888/7743 4380/2887/7742 4374/2886/7741
f 4380/2887/7742 4373/2888/7743 4378/2889/2102
f 4373/2888/7743 4379/2890/7744 4378/2889/2102
f 4376/2897/1041 4375/2896/7740 4377/2898/7745
f 4375/2896/7740 4376/2897/1041 4372/2892/7746
f 4372/2892/7746 4370/2893/7747 4375/2896/7740
f 4375/2896/7740 4370/2893/7747 4374/2886/7741
f 4368/2895/7748 4374/2886/7741 4370/2893/7747
f 4374/2886/7741 4368/2895/7748 4373/2888/7743
f 4370/2893/7747 4372/2892/7746 4371/2891/7749
f 4370/2893/7747 4371/2891/7749 4369/2894/7750
f 4370/2893/7747 4369/2894/7750 4368/2895/7748
f 4361/1199/3003 4362/1198/7751 4367/1200/6512
f 4357/1202/7752 4345/2842/7753 4342/2841/7754
f 4357/1202/7752 4342/2841/7754 4338/2843/7755
f 4338/2843/7755 4352/2844/7756 4357/1202/7752
f 4352/2844/7756 4338/2843/7755 4339/2845/7757
f 4339/2845/7757 4351/2846/7758 4352/2844/7756
f 4351/2846/7758 4339/2845/7757 4366/2847/2997
f 4351/2846/7758 4366/2847/2997 4365/2848/7759
f 4351/2846/7758 4365/2848/7759 4364/2849/7760
f 4364/2849/7760 4353/1205/7761 4351/2846/7758
f 4353/1205/7761 4364/2849/7760 4363/2850/7762
f 4363/2850/7762 4355/1204/7763 4353/1205/7761
f 4355/1204/7763 4363/2850/7762 4362/1198/7751
f 4362/1198/7751 4361/1199/3003 4355/1204/7763
f 4356/1203/7764 4355/1204/7763 4361/1199/3003
f 4361/1199/3003 4360/1207/7765 4356/1203/7764
f 4358/310/7766 4356/1203/7764 4360/1207/7765
f 4360/1207/7765 4359/312/7767 4358/310/7766
f 4358/310/7766 4359/312/7767 4349/2851/7768
f 4354/2852/7769 4357/1202/7752 4352/2844/7756
f 4347/1209/7770 4358/310/7766 4349/2851/7768
f 4358/310/7766 4347/1209/7770 4345/2842/7753
f 4345/2842/7753 4357/1202/7752 4358/310/7766
f 4356/1203/7764 4358/310/7766 4357/1202/7752
f 4357/1202/7752 4354/2852/7769 4356/1203/7764
f 4355/1204/7763 4356/1203/7764 4354/2852/7769
f 4355/1204/7763 4354/2852/7769 4353/1205/7761
f 4352/2844/7756 4353/1205/7761 4354/2852/7769
f 4353/1205/7761 4352/2844/7756 4351/2846/7758
f 4349/2851/7768 4350/1213/7771 4348/2853/7772
f 4348/2853/7772 4347/1209/7770 4349/2851/7768
f 4347/1209/7770 4348/2853/7772 4346/1211/7773
f 4346/1211/7773 4345/2842/7753 4347/1209/7770
f 4345/2842/7753 4346/1211/7773 4344/2854/7774
f 4344/2854/7774 4342/2841/7754 4345/2842/7753
f 4342/2841/7754 4344/2854/7774 4343/2855/2993
f 4342/2841/7754 4343/2855/2993 4341/2856/2992
f 4341/2856/2992 4338/2843/7755 4342/2841/7754
f 4338/2843/7755 4341/2856/2992 4340/2530/7775
f 4340/2530/7775 4339/2845/7757 4338/2843/7755
f 4337/2864/7776 4315/2862/7777 4336/2863/7778
f 4315/2862/7777 4335/2861/7779 4336/2863/7778
f 4335/2861/7779 4315/2862/7777 4324/2860/7780
f 4324/2860/7780 4333/2858/7781 4335/2861/7779
f 4333/2858/7781 4324/2860/7780 4327/2857/7782
f 4327/2857/7782 4334/2859/7783 4333/2858/7781
f 4328/2759/7784 4329/2867/7785 4332/2866/7786
f 4330/2873/7787 4321/2872/7788 4331/2874/5479
f 4321/2872/7788 4330/2873/7787 4329/2867/7785
f 4322/2868/7789 4321/2872/7788 4329/2867/7785
f 4329/2867/7785 4328/2759/7784 4322/2868/7789
f 4323/2865/7790 4322/2868/7789 4328/2759/7784
f 4323/2865/7790 4328/2759/7784 4325/2760/7791
f 4324/2860/7780 4326/2869/7792 4327/2857/7782
f 4324/2860/7780 4325/2760/7791 4326/2869/7792
f 4325/2760/7791 4324/2860/7780 4323/2865/7790
f 4315/2862/7777 4323/2865/7790 4324/2860/7780
f 4322/2868/7789 4323/2865/7790 4315/2862/7777
f 4315/2862/7777 4316/2870/7793 4322/2868/7789
f 4321/2872/7788 4322/2868/7789 4316/2870/7793
f 4316/2870/7793 4319/2876/7794 4321/2872/7788
f 4319/2876/7794 4316/2870/7793 4318/2875/7795
f 4318/2875/7795 4320/2877/7750 4319/2876/7794
f 4317/2878/7743 4318/2875/7795 4316/2870/7793
f 4316/2870/7793 4314/2871/7796 4317/2878/7743
f 4316/2870/7793 4315/2862/7777 4314/2871/7796
f 4313/2157/5421 4311/2774/5420 4312/2153/1040
f 4309/2775/1043 4312/2153/1040 4311/2774/5420
f 4311/2774/5420 4310/2776/7797 4309/2775/1043
f 4308/2215/7798 4307/2214/7798 4306/2240/7799
usemtl rc_predmobile_int
f 9674/2901/7800 9675/2902/7801 9676/2903/7802
f 9675/2902/7801 9674/2901/7800 9673/2904/7803
f 9670/2901/7804 9671/2902/7805 9672/2904/7806
f 9671/2902/7805 9670/2901/7804 9669/2903/7807
f 9667/2905/7808 9668/2906/7809 9666/2907/7810
f 9666/2907/7810 9665/2908/7811 9667/2905/7808
f 9665/2908/7811 9666/2907/7810 9664/2909/7812
f 9664/2909/7812 9663/2910/7813 9665/2908/7811
f 9663/2910/7813 9664/2909/7812 9662/2911/7814
f 9662/2911/7814 9661/2912/7815 9663/2910/7813
f 9661/2912/7815 9662/2911/7814 9660/2913/7816
f 9660/2913/7816 9659/2914/7817 9661/2912/7815
f 9659/2914/7817 9660/2913/7816 9656/2901/7818
f 9656/2901/7818 9658/2915/7819 9659/2914/7817
f 9656/2901/7818 9657/2916/7820 9658/2915/7819
f 9657/2916/7820 9656/2901/7818 9655/2904/799
f 9652/2917/7821 9653/2918/7822 9654/2919/7823
f 9652/2917/7821 9651/2920/7824 9653/2918/7822
f 9651/2920/7824 9652/2917/7821 9649/2921/7825
f 9649/2921/7825 9650/2922/7826 9651/2920/7824
f 9649/2921/7825 9647/2923/7827 9650/2922/7826
f 9647/2923/7827 9649/2921/7825 9648/2924/7828
f 9648/2924/7828 9645/2925/7829 9647/2923/7827
f 9643/2926/7830 9647/2923/7827 9645/2925/7829
f 9647/2923/7827 9643/2926/7830 9646/2927/7831
f 9645/2925/7829 9644/2928/7832 9643/2926/7830
f 9641/2918/7833 9640/2917/7834 9642/2919/7833
f 9640/2917/7834 9641/2918/7833 9639/2920/7835
f 9639/2920/7835 9637/2921/7836 9640/2917/7834
f 9637/2921/7836 9639/2920/7835 9638/2922/7837
f 9637/2921/7836 9638/2922/7837 9633/2923/7838
f 9633/2923/7838 9636/2924/7839 9637/2921/7836
f 9636/2924/7839 9633/2923/7838 9635/2925/7840
f 9631/2926/7841 9635/2925/7840 9633/2923/7838
f 9635/2925/7840 9631/2926/7841 9634/2928/7842
f 9633/2923/7838 9632/2927/7843 9631/2926/7841
f 9629/2905/7844 9628/2907/7845 9630/2906/7846
f 9628/2907/7845 9629/2905/7844 9627/2908/7847
f 9627/2908/7847 9626/2909/7848 9628/2907/7845
f 9626/2909/7848 9627/2908/7847 9625/2910/7849
f 9625/2910/7849 9624/2911/7850 9626/2909/7848
f 9624/2911/7850 9625/2910/7849 9623/2912/7851
f 9623/2912/7851 9622/2913/7852 9624/2911/7850
f 9622/2913/7852 9623/2912/7851 9621/2914/7853
f 9621/2914/7853 9617/2901/7854 9622/2913/7852
f 9617/2901/7854 9621/2914/7853 9620/2915/7855
f 9617/2901/7854 9620/2915/7855 9619/2916/7856
f 9619/2916/7856 9618/2904/787 9617/2901/7854
f 9615/2929/7857 9613/2930/7858 9616/2931/7859
f 9613/2930/7858 9615/2929/7857 9614/2932/7860
f 9613/2930/7858 9614/2932/7860 9611/2933/7861
f 9611/2933/7861 9612/2934/7862 9613/2930/7858
f 9611/2933/7861 9607/2930/7863 9612/2934/7862
f 9607/2930/7863 9611/2933/7861 9610/2932/7864
f 9607/2930/7863 9610/2932/7864 9609/2929/7865
f 9609/2929/7865 9608/2931/7866 9607/2930/7863
f 9600/2935/7867 9606/2936/7868 9598/2937/7869
f 9604/2938/7870 9603/2939/7871 9605/2940/7872
f 9603/2939/7871 9604/2938/7870 9601/2941/7873
f 9601/2941/7873 9602/2942/7874 9603/2939/7871
f 9601/2941/7873 9599/2943/7875 9602/2942/7874
f 9599/2943/7875 9601/2941/7873 9600/2935/7867
f 9599/2943/7875 9600/2935/7867 9598/2937/7869
f 9598/2937/7869 9597/2944/7876 9599/2943/7875
f 9597/2944/7876 9598/2937/7869 9596/2945/7877
f 9596/2945/7877 9595/2946/7878 9597/2944/7876
f 9595/2946/7878 9596/2945/7877 9594/2947/7879
f 9594/2947/7879 9593/2948/7880 9595/2946/7878
f 9593/2948/7880 9594/2947/7879 9592/2949/7881
f 9592/2949/7881 9591/2950/7882 9593/2948/7880
f 9591/2950/7882 9592/2949/7881 9590/2951/7883
f 9590/2951/7883 9589/2952/7884 9591/2950/7882
f 9589/2952/7884 9590/2951/7883 9587/2953/7885
f 9587/2953/7885 9588/2954/7886 9589/2952/7884
f 9588/2954/7886 9587/2953/7885 9586/2955/7887
f 9584/2938/7888 9585/2940/7889 9583/2939/7890
f 9583/2939/7890 9581/2941/7891 9584/2938/7888
f 9581/2941/7891 9583/2939/7890 9582/2942/7892
f 9581/2941/7891 9582/2942/7892 9580/2943/7893
f 9581/2941/7891 9580/2943/7893 9567/2935/7894
f 9566/2937/7895 9567/2935/7894 9580/2943/7893
f 9566/2937/7895 9580/2943/7893 9579/2944/7896
f 9579/2944/7896 9578/2945/7897 9566/2937/7895
f 9578/2945/7897 9579/2944/7896 9577/2946/7898
f 9577/2946/7898 9576/2947/7899 9578/2945/7897
f 9576/2947/7899 9577/2946/7898 9575/2948/7900
f 9575/2948/7900 9574/2949/7901 9576/2947/7899
f 9574/2949/7901 9575/2948/7900 9573/2950/7902
f 9573/2950/7902 9572/2951/7903 9574/2949/7901
f 9572/2951/7903 9573/2950/7902 9571/2952/7904
f 9571/2952/7904 9568/2953/7905 9572/2951/7903
f 9568/2953/7905 9571/2952/7904 9570/2954/7906
f 9570/2954/7906 9569/2955/7907 9568/2953/7905
f 9567/2935/7894 9566/2937/7895 9565/2936/7908
f 9555/2956/7909 9551/2957/7910 9564/2958/7911
f 9550/2959/7912 9564/2958/7911 9551/2957/7910
f 9564/2958/7911 9550/2959/7912 9563/2960/7913
f 9558/2959/7914 9557/2958/7915 9562/2960/7916
f 9556/2957/7917 9559/2961/7918 9561/2962/7919
f 9556/2957/7917 9561/2962/7919 9553/2963/7920
f 9556/2957/7917 9553/2963/7920 9554/2964/7921
f 9558/2959/7914 9560/2965/7887 9559/2961/7918
f 9559/2961/7918 9556/2957/7917 9558/2959/7914
f 9557/2958/7915 9558/2959/7914 9556/2957/7917
f 9556/2957/7917 9555/2956/7909 9557/2958/7915
f 9556/2957/7917 9554/2964/7921 9555/2956/7909
f 9551/2957/7910 9555/2956/7909 9554/2964/7921
f 9551/2957/7910 9554/2964/7921 9553/2963/7920
f 9551/2957/7910 9553/2963/7920 9552/2962/7922
f 9551/2957/7910 9552/2962/7922 9549/2961/7923
f 9549/2961/7923 9550/2959/7912 9551/2957/7910
f 9550/2959/7912 9549/2961/7923 9548/2965/7907
f 9547/2959/7924 9546/2960/7925 9545/2966/7926
f 9542/2932/7927 9543/2967/7928 9544/2929/7929
f 9543/2967/7928 9542/2932/7927 9537/2968/7930
f 9536/2969/7931 9537/2968/7930 9542/2932/7927
f 9542/2932/7927 9541/2933/7932 9536/2969/7931
f 9541/2933/7932 9539/2932/7933 9536/2969/7931
f 9535/2968/7934 9536/2969/7931 9539/2932/7933
f 9539/2932/7933 9540/2967/7935 9535/2968/7934
f 9540/2967/7935 9539/2932/7933 9538/2929/7936
f 9537/2968/7930 9536/2969/7931 9534/2970/7937
f 9536/2969/7931 9535/2968/7934 9534/2970/7937
f 9509/2920/7938 9510/2971/7939 9524/2972/7940
f 9524/2972/7940 9533/2918/7941 9509/2920/7938
f 9524/2972/7940 9532/2973/7942 9533/2918/7941
f 9523/2974/7943 9532/2973/7942 9524/2972/7940
f 9532/2973/7942 9523/2974/7943 9531/2975/7944
f 9523/2974/7943 9530/2973/7945 9531/2975/7944
f 9530/2973/7945 9523/2974/7943 9525/2972/7946
f 9525/2972/7946 9529/2918/7947 9530/2973/7945
f 9525/2972/7946 9528/2920/7948 9529/2918/7947
f 9528/2920/7948 9525/2972/7946 9519/2971/7949
f 9519/2971/7949 9527/2922/7950 9528/2920/7948
f 9519/2971/7949 9526/2923/7951 9527/2922/7950
f 9526/2923/7951 9519/2971/7949 9520/2976/7952
f 9520/2976/7952 9517/2927/7953 9526/2923/7951
f 9517/2927/7953 9520/2976/7952 9513/2977/7954
f 9520/2976/7952 9521/2978/7955 9513/2977/7954
f 9512/2976/7956 9513/2977/7954 9521/2978/7955
f 9521/2978/7955 9510/2971/7939 9512/2976/7956
f 9519/2971/7949 9523/2974/7943 9522/2979/7957
f 9523/2974/7943 9519/2971/7949 9525/2972/7946
f 9523/2974/7943 9524/2972/7940 9510/2971/7939
f 9510/2971/7939 9522/2979/7957 9523/2974/7943
f 9510/2971/7939 9521/2978/7955 9522/2979/7957
f 9519/2971/7949 9522/2979/7957 9521/2978/7955
f 9521/2978/7955 9520/2976/7952 9519/2971/7949
f 9513/2977/7954 9515/2980/7958 9517/2927/7953
f 9515/2980/7958 9513/2977/7954 9514/2981/7959
f 9517/2927/7953 9516/2982/7960 9518/2926/7935
f 9516/2982/7960 9517/2927/7953 9515/2980/7958
f 9515/2980/7958 9503/2983/7961 9516/2982/7960
f 9514/2981/7959 9503/2983/7961 9515/2980/7958
f 9514/2981/7959 9505/2980/7962 9503/2983/7961
f 9505/2980/7962 9514/2981/7959 9513/2977/7954
f 9513/2977/7954 9506/2927/7963 9505/2980/7962
f 9506/2927/7963 9513/2977/7954 9512/2976/7956
f 9512/2976/7956 9511/2923/7964 9506/2927/7963
f 9511/2923/7964 9512/2976/7956 9510/2971/7939
f 9510/2971/7939 9508/2922/7965 9511/2923/7964
f 9510/2971/7939 9509/2920/7938 9508/2922/7965
f 9506/2927/7963 9507/2926/7966 9504/2982/7967
f 9504/2982/7967 9505/2980/7962 9506/2927/7963
f 9505/2980/7962 9504/2982/7967 9503/2983/7961
f 9502/2959/7968 9501/2966/7969 9500/2960/7969
